development_group,time,population_density
901,1950,16.58
901,1951,16.77
901,1952,16.957
901,1953,17.152
901,1954,17.352
901,1955,17.555
901,1956,17.758
901,1957,17.966
901,1958,18.182
901,1959,18.398
901,1960,18.613
901,1961,18.832
901,1962,19.049
901,1963,19.26
901,1964,19.466
901,1965,19.665
901,1966,19.854
901,1967,20.033
901,1968,20.21
901,1969,20.386
901,1970,20.557
901,1971,20.734
901,1972,20.917
901,1973,21.088
901,1974,21.251
901,1975,21.403
901,1976,21.547
901,1977,21.691
901,1978,21.831
901,1979,21.971
901,1980,22.117
901,1981,22.256
901,1982,22.385
901,1983,22.511
901,1984,22.636
901,1985,22.761
901,1986,22.891
901,1987,23.025
901,1988,23.16
901,1989,23.293
901,1990,23.428
901,1991,23.563
901,1992,23.672
901,1993,23.762
901,1994,23.858
901,1995,23.943
901,1996,24.015
901,1997,24.086
901,1998,24.145
901,1999,24.201
901,2000,24.271
901,2001,24.346
901,2002,24.438
901,2003,24.537
901,2004,24.629
901,2005,24.719
901,2006,24.809
901,2007,24.914
901,2008,25.029
901,2009,25.137
901,2010,25.239
901,2011,25.339
901,2012,25.435
901,2013,25.529
901,2014,25.625
901,2015,25.73
901,2016,25.844
901,2017,25.952
901,2018,26.05
901,2019,26.14
901,2020,26.181
901,2021,26.175
901,2022,26.168
901,2023,26.183
901,2024,26.215
901,2025,26.239
901,2026,26.256
901,2027,26.265
901,2028,26.272
901,2029,26.276
901,2030,26.276
901,2031,26.273
901,2032,26.268
901,2033,26.262
901,2034,26.255
901,2035,26.246
901,2036,26.236
901,2037,26.224
901,2038,26.212
901,2039,26.199
901,2040,26.183
901,2041,26.168
901,2042,26.152
901,2043,26.134
901,2044,26.114
901,2045,26.092
901,2046,26.068
901,2047,26.042
901,2048,26.014
901,2049,25.982
901,2050,25.949
901,2051,25.913
901,2052,25.875
901,2053,25.834
901,2054,25.79
901,2055,25.743
901,2056,25.694
901,2057,25.645
901,2058,25.596
901,2059,25.547
901,2060,25.497
901,2061,25.447
901,2062,25.399
901,2063,25.351
901,2064,25.304
901,2065,25.257
901,2066,25.212
901,2067,25.17
901,2068,25.129
901,2069,25.089
901,2070,25.05
901,2071,25.013
901,2072,24.977
901,2073,24.941
901,2074,24.907
901,2075,24.876
901,2076,24.846
901,2077,24.817
901,2078,24.788
901,2079,24.76
901,2080,24.733
901,2081,24.708
901,2082,24.684
901,2083,24.661
901,2084,24.638
901,2085,24.614
901,2086,24.591
901,2087,24.57
901,2088,24.55
901,2089,24.532
901,2090,24.512
901,2091,24.494
901,2092,24.476
901,2093,24.458
901,2094,24.441
901,2095,24.423
901,2096,24.403
901,2097,24.383
901,2098,24.363
901,2099,24.341
901,2100,24.318
902,1950,20.649
902,1951,21.074
902,1952,21.54
902,1953,22.037
902,1954,22.554
902,1955,23.099
902,1956,23.655
902,1957,24.233
902,1958,24.823
902,1959,25.366
902,1960,25.845
902,1961,26.32
902,1962,26.908
902,1963,27.635
902,1964,28.391
902,1965,29.132
902,1966,29.873
902,1967,30.618
902,1968,31.394
902,1969,32.201
902,1970,33.022
902,1971,33.839
902,1972,34.652
902,1973,35.482
902,1974,36.313
902,1975,37.135
902,1976,37.952
902,1977,38.77
902,1978,39.598
902,1979,40.453
902,1980,41.337
902,1981,42.251
902,1982,43.205
902,1983,44.169
902,1984,45.137
902,1985,46.129
902,1986,47.146
902,1987,48.192
902,1988,49.244
902,1989,50.301
902,1990,51.367
902,1991,52.404
902,1992,53.411
902,1993,54.408
902,1994,55.383
902,1995,56.356
902,1996,57.335
902,1997,58.309
902,1998,59.285
902,1999,60.259
902,2000,61.233
902,2001,62.211
902,2002,63.173
902,2003,64.129
902,2004,65.095
902,2005,66.068
902,2006,67.052
902,2007,68.045
902,2008,69.046
902,2009,70.067
902,2010,71.099
902,2011,72.135
902,2012,73.187
902,2013,74.244
902,2014,75.29
902,2015,76.319
902,2016,77.333
902,2017,78.338
902,2018,79.316
902,2019,80.262
902,2020,81.168
902,2021,82.001
902,2022,82.828
902,2023,83.684
902,2024,84.528
902,2025,85.369
902,2026,86.208
902,2027,87.044
902,2028,87.87
902,2029,88.687
902,2030,89.496
902,2031,90.297
902,2032,91.088
902,2033,91.869
902,2034,92.64
902,2035,93.4
902,2036,94.15
902,2037,94.888
902,2038,95.613
902,2039,96.326
902,2040,97.027
902,2041,97.714
902,2042,98.385
902,2043,99.042
902,2044,99.684
902,2045,100.309
902,2046,100.916
902,2047,101.505
902,2048,102.076
902,2049,102.627
902,2050,103.158
902,2051,103.669
902,2052,104.16
902,2053,104.631
902,2054,105.084
902,2055,105.518
902,2056,105.934
902,2057,106.332
902,2058,106.712
902,2059,107.075
902,2060,107.424
902,2061,107.757
902,2062,108.076
902,2063,108.381
902,2064,108.674
902,2065,108.953
902,2066,109.219
902,2067,109.472
902,2068,109.712
902,2069,109.939
902,2070,110.152
902,2071,110.352
902,2072,110.538
902,2073,110.71
902,2074,110.868
902,2075,111.01
902,2076,111.137
902,2077,111.249
902,2078,111.347
902,2079,111.429
902,2080,111.497
902,2081,111.55
902,2082,111.589
902,2083,111.616
902,2084,111.631
902,2085,111.635
902,2086,111.627
902,2087,111.608
902,2088,111.578
902,2089,111.538
902,2090,111.488
902,2091,111.43
902,2092,111.361
902,2093,111.283
902,2094,111.195
902,2095,111.098
902,2096,110.992
902,2097,110.878
902,2098,110.754
902,2099,110.622
902,2100,110.482
941,1950,9.905
941,1951,10.099
941,1952,10.301
941,1953,10.509
941,1954,10.725
941,1955,10.951
941,1956,11.186
941,1957,11.429
941,1958,11.674
941,1959,11.934
941,1960,12.215
941,1961,12.511
941,1962,12.82
941,1963,13.138
941,1964,13.469
941,1965,13.813
941,1966,14.168
941,1967,14.537
941,1968,14.923
941,1969,15.316
941,1970,15.707
941,1971,16.076
941,1972,16.462
941,1973,16.898
941,1974,17.349
941,1975,17.787
941,1976,18.222
941,1977,18.657
941,1978,19.124
941,1979,19.625
941,1980,20.089
941,1981,20.539
941,1982,21.063
941,1983,21.64
941,1984,22.229
941,1985,22.823
941,1986,23.42
941,1987,24.03
941,1988,24.644
941,1989,25.272
941,1990,25.905
941,1991,26.548
941,1992,27.261
941,1993,28.038
941,1994,28.812
941,1995,29.589
941,1996,30.376
941,1997,31.167
941,1998,31.971
941,1999,32.779
941,2000,33.577
941,2001,34.387
941,2002,35.254
941,2003,36.143
941,2004,37.021
941,2005,37.919
941,2006,38.841
941,2007,39.752
941,2008,40.687
941,2009,41.655
941,2010,42.635
941,2011,43.648
941,2012,44.695
941,2013,45.771
941,2014,46.868
941,2015,47.976
941,2016,49.118
941,2017,50.293
941,2018,51.495
941,2019,52.736
941,2020,54.013
941,2021,55.286
941,2022,56.553
941,2023,57.86
941,2024,59.204
941,2025,60.576
941,2026,61.973
941,2027,63.38
941,2028,64.796
941,2029,66.226
941,2030,67.666
941,2031,69.114
941,2032,70.566
941,2033,72.018
941,2034,73.475
941,2035,74.936
941,2036,76.401
941,2037,77.867
941,2038,79.333
941,2039,80.803
941,2040,82.279
941,2041,83.757
941,2042,85.233
941,2043,86.712
941,2044,88.194
941,2045,89.675
941,2046,91.158
941,2047,92.643
941,2048,94.126
941,2049,95.608
941,2050,97.084
941,2051,98.554
941,2052,100.022
941,2053,101.486
941,2054,102.943
941,2055,104.396
941,2056,105.844
941,2057,107.28
941,2058,108.703
941,2059,110.116
941,2060,111.519
941,2061,112.908
941,2062,114.282
941,2063,115.641
941,2064,116.985
941,2065,118.317
941,2066,119.63
941,2067,120.925
941,2068,122.203
941,2069,123.465
941,2070,124.711
941,2071,125.938
941,2072,127.146
941,2073,128.337
941,2074,129.51
941,2075,130.658
941,2076,131.783
941,2077,132.891
941,2078,133.98
941,2079,135.046
941,2080,136.089
941,2081,137.104
941,2082,138.097
941,2083,139.07
941,2084,140.024
941,2085,140.96
941,2086,141.871
941,2087,142.755
941,2088,143.611
941,2089,144.444
941,2090,145.257
941,2091,146.042
941,2092,146.799
941,2093,147.533
941,2094,148.244
941,2095,148.929
941,2096,149.593
941,2097,150.237
941,2098,150.857
941,2099,151.453
941,2100,152.027
934,1950,24.167
934,1951,24.668
934,1952,25.221
934,1953,25.813
934,1954,26.427
934,1955,27.077
934,1956,27.738
934,1957,28.426
934,1958,29.129
934,1959,29.764
934,1960,30.308
934,1961,30.842
934,1962,31.522
934,1963,32.382
934,1964,33.278
934,1965,34.149
934,1966,35.016
934,1967,35.884
934,1968,36.787
934,1969,37.73
934,1970,38.693
934,1971,39.656
934,1972,40.609
934,1973,41.567
934,1974,42.523
934,1975,43.471
934,1976,44.413
934,1977,45.356
934,1978,46.302
934,1979,47.274
934,1980,48.296
934,1981,49.361
934,1982,50.456
934,1983,51.547
934,1984,52.639
934,1985,53.76
934,1986,54.915
934,1987,56.105
934,1988,57.3
934,1989,58.497
934,1990,59.705
934,1991,60.871
934,1992,61.974
934,1993,63.043
934,1994,64.084
934,1995,65.121
934,1996,66.163
934,1997,67.197
934,1998,68.23
934,1999,69.257
934,2000,70.29
934,2001,71.323
934,2002,72.316
934,2003,73.294
934,2004,74.288
934,2005,75.286
934,2006,76.291
934,2007,77.309
934,2008,78.333
934,2009,79.371
934,2010,80.42
934,2011,81.463
934,2012,82.517
934,2013,83.568
934,2014,84.598
934,2015,85.601
934,2016,86.573
934,2017,87.522
934,2018,88.426
934,2019,89.276
934,2020,90.06
934,2021,90.749
934,2022,91.432
934,2023,92.14
934,2024,92.82
934,2025,93.488
934,2026,94.145
934,2027,94.792
934,2028,95.425
934,2029,96.042
934,2030,96.645
934,2031,97.234
934,2032,97.809
934,2033,98.369
934,2034,98.915
934,2035,99.446
934,2036,99.962
934,2037,100.461
934,2038,100.944
934,2039,101.41
934,2040,101.857
934,2041,102.284
934,2042,102.692
934,2043,103.08
934,2044,103.446
934,2045,103.791
934,2046,104.111
934,2047,104.408
934,2048,104.679
934,2049,104.925
934,2050,105.147
934,2051,105.344
934,2052,105.515
934,2053,105.662
934,2054,105.785
934,2055,105.885
934,2056,105.963
934,2057,106.021
934,2058,106.06
934,2059,106.08
934,2060,106.083
934,2061,106.071
934,2062,106.044
934,2063,106.004
934,2064,105.952
934,2065,105.887
934,2066,105.81
934,2067,105.722
934,2068,105.622
934,2069,105.509
934,2070,105.385
934,2071,105.249
934,2072,105.1
934,2073,104.938
934,2074,104.764
934,2075,104.576
934,2076,104.376
934,2077,104.163
934,2078,103.935
934,2079,103.695
934,2080,103.444
934,2081,103.182
934,2082,102.909
934,2083,102.626
934,2084,102.333
934,2085,102.032
934,2086,101.724
934,2087,101.409
934,2088,101.088
934,2089,100.762
934,2090,100.431
934,2091,100.095
934,2092,99.756
934,2093,99.412
934,2094,99.063
934,2095,98.71
934,2096,98.352
934,2097,97.989
934,2098,97.622
934,2099,97.251
934,2100,96.877
948,1950,15.701
948,1951,16.042
948,1952,16.407
948,1953,16.793
948,1954,17.197
948,1955,17.622
948,1956,18.065
948,1957,18.521
948,1958,18.99
948,1959,19.48
948,1960,19.987
948,1961,20.507
948,1962,21.042
948,1963,21.591
948,1964,22.154
948,1965,22.719
948,1966,23.286
948,1967,23.874
948,1968,24.476
948,1969,25.089
948,1970,25.716
948,1971,26.346
948,1972,26.988
948,1973,27.66
948,1974,28.35
948,1975,29.057
948,1976,29.778
948,1977,30.517
948,1978,31.273
948,1979,32.054
948,1980,32.857
948,1981,33.685
948,1982,34.54
948,1983,35.412
948,1984,36.299
948,1985,37.196
948,1986,38.103
948,1987,39.021
948,1988,39.946
948,1989,40.88
948,1990,41.813
948,1991,42.746
948,1992,43.691
948,1993,44.64
948,1994,45.578
948,1995,46.522
948,1996,47.478
948,1997,48.437
948,1998,49.405
948,1999,50.375
948,2000,51.346
948,2001,52.325
948,2002,53.301
948,2003,54.277
948,2004,55.264
948,2005,56.256
948,2006,57.259
948,2007,58.274
948,2008,59.297
948,2009,60.331
948,2010,61.375
948,2011,62.427
948,2012,63.489
948,2013,64.554
948,2014,65.615
948,2015,66.666
948,2016,67.705
948,2017,68.728
948,2018,69.743
948,2019,70.753
948,2020,71.744
948,2021,72.686
948,2022,73.643
948,2023,74.652
948,2024,75.657
948,2025,76.658
948,2026,77.656
948,2027,78.65
948,2028,79.639
948,2029,80.622
948,2030,81.599
948,2031,82.571
948,2032,83.536
948,2033,84.493
948,2034,85.443
948,2035,86.383
948,2036,87.316
948,2037,88.238
948,2038,89.149
948,2039,90.049
948,2040,90.939
948,2041,91.816
948,2042,92.68
948,2043,93.53
948,2044,94.367
948,2045,95.19
948,2046,95.998
948,2047,96.792
948,2048,97.57
948,2049,98.333
948,2050,99.08
948,2051,99.812
948,2052,100.528
948,2053,101.23
948,2054,101.915
948,2055,102.586
948,2056,103.242
948,2057,103.883
948,2058,104.506
948,2059,105.115
948,2060,105.708
948,2061,106.285
948,2062,106.846
948,2063,107.391
948,2064,107.92
948,2065,108.434
948,2066,108.931
948,2067,109.411
948,2068,109.874
948,2069,110.32
948,2070,110.749
948,2071,111.161
948,2072,111.557
948,2073,111.935
948,2074,112.297
948,2075,112.641
948,2076,112.967
948,2077,113.278
948,2078,113.571
948,2079,113.848
948,2080,114.109
948,2081,114.353
948,2082,114.581
948,2083,114.794
948,2084,114.993
948,2085,115.178
948,2086,115.348
948,2087,115.503
948,2088,115.642
948,2089,115.769
948,2090,115.882
948,2091,115.982
948,2092,116.068
948,2093,116.142
948,2094,116.203
948,2095,116.251
948,2096,116.288
948,2097,116.314
948,2098,116.327
948,2099,116.331
948,2100,116.323
1636,1950,3.162
1636,1951,3.23
1636,1952,3.3
1636,1953,3.372
1636,1954,3.445
1636,1955,3.522
1636,1956,3.602
1636,1957,3.683
1636,1958,3.766
1636,1959,3.854
1636,1960,3.95
1636,1961,4.051
1636,1962,4.155
1636,1963,4.262
1636,1964,4.373
1636,1965,4.487
1636,1966,4.602
1636,1967,4.72
1636,1968,4.841
1636,1969,4.964
1636,1970,5.087
1636,1971,5.212
1636,1972,5.336
1636,1973,5.463
1636,1974,5.597
1636,1975,5.733
1636,1976,5.874
1636,1977,6.015
1636,1978,6.156
1636,1979,6.285
1636,1980,6.394
1636,1981,6.506
1636,1982,6.647
1636,1983,6.808
1636,1984,6.976
1636,1985,7.149
1636,1986,7.324
1636,1987,7.512
1636,1988,7.712
1636,1989,7.92
1636,1990,8.123
1636,1991,8.339
1636,1992,8.581
1636,1993,8.807
1636,1994,8.971
1636,1995,9.141
1636,1996,9.371
1636,1997,9.6
1636,1998,9.811
1636,1999,10.028
1636,2000,10.241
1636,2001,10.456
1636,2002,10.709
1636,2003,10.981
1636,2004,11.246
1636,2005,11.516
1636,2006,11.798
1636,2007,12.071
1636,2008,12.356
1636,2009,12.66
1636,2010,12.969
1636,2011,13.294
1636,2012,13.623
1636,2013,13.951
1636,2014,14.279
1636,2015,14.604
1636,2016,14.931
1636,2017,15.262
1636,2018,15.614
1636,2019,15.996
1636,2020,16.392
1636,2021,16.779
1636,2022,17.149
1636,2023,17.545
1636,2024,17.957
1636,2025,18.357
1636,2026,18.754
1636,2027,19.158
1636,2028,19.57
1636,2029,19.985
1636,2030,20.404
1636,2031,20.825
1636,2032,21.246
1636,2033,21.668
1636,2034,22.089
1636,2035,22.512
1636,2036,22.936
1636,2037,23.36
1636,2038,23.785
1636,2039,24.21
1636,2040,24.638
1636,2041,25.066
1636,2042,25.491
1636,2043,25.917
1636,2044,26.343
1636,2045,26.766
1636,2046,27.19
1636,2047,27.612
1636,2048,28.033
1636,2049,28.452
1636,2050,28.867
1636,2051,29.278
1636,2052,29.688
1636,2053,30.096
1636,2054,30.5
1636,2055,30.901
1636,2056,31.299
1636,2057,31.694
1636,2058,32.083
1636,2059,32.468
1636,2060,32.849
1636,2061,33.226
1636,2062,33.599
1636,2063,33.967
1636,2064,34.331
1636,2065,34.692
1636,2066,35.046
1636,2067,35.394
1636,2068,35.738
1636,2069,36.076
1636,2070,36.409
1636,2071,36.736
1636,2072,37.057
1636,2073,37.374
1636,2074,37.684
1636,2075,37.986
1636,2076,38.282
1636,2077,38.573
1636,2078,38.857
1636,2079,39.133
1636,2080,39.402
1636,2081,39.662
1636,2082,39.915
1636,2083,40.16
1636,2084,40.4
1636,2085,40.633
1636,2086,40.857
1636,2087,41.075
1636,2088,41.285
1636,2089,41.487
1636,2090,41.685
1636,2091,41.874
1636,2092,42.055
1636,2093,42.229
1636,2094,42.398
1636,2095,42.559
1636,2096,42.715
1636,2097,42.865
1636,2098,43.008
1636,2099,43.143
1636,2100,43.272
2087,1950,6.645
2087,1951,6.785
2087,1952,6.929
2087,1953,7.078
2087,1954,7.231
2087,1955,7.39
2087,1956,7.554
2087,1957,7.717
2087,1958,7.877
2087,1959,8.05
2087,1960,8.24
2087,1961,8.439
2087,1962,8.645
2087,1963,8.857
2087,1964,9.08
2087,1965,9.311
2087,1966,9.545
2087,1967,9.788
2087,1968,10.042
2087,1969,10.302
2087,1970,10.566
2087,1971,10.836
2087,1972,11.099
2087,1973,11.372
2087,1974,11.667
2087,1975,11.967
2087,1976,12.276
2087,1977,12.568
2087,1978,12.856
2087,1979,13.144
2087,1980,13.429
2087,1981,13.812
2087,1982,14.269
2087,1983,14.696
2087,1984,15.101
2087,1985,15.523
2087,1986,15.972
2087,1987,16.468
2087,1988,16.991
2087,1989,17.518
2087,1990,18.059
2087,1991,18.652
2087,1992,19.266
2087,1993,19.78
2087,1994,20.106
2087,1995,20.519
2087,1996,21.191
2087,1997,21.878
2087,1998,22.509
2087,1999,23.145
2087,2000,23.796
2087,2001,24.466
2087,2002,25.174
2087,2003,25.928
2087,2004,26.715
2087,2005,27.522
2087,2006,28.354
2087,2007,29.216
2087,2008,30.108
2087,2009,31.018
2087,2010,31.959
2087,2011,32.933
2087,2012,33.906
2087,2013,34.882
2087,2014,35.836
2087,2015,36.778
2087,2016,37.745
2087,2017,38.723
2087,2018,39.777
2087,2019,40.903
2087,2020,42.048
2087,2021,43.199
2087,2022,44.343
2087,2023,45.575
2087,2024,46.856
2087,2025,48.092
2087,2026,49.321
2087,2027,50.57
2087,2028,51.837
2087,2029,53.112
2087,2030,54.397
2087,2031,55.69
2087,2032,56.989
2087,2033,58.291
2087,2034,59.599
2087,2035,60.916
2087,2036,62.237
2087,2037,63.559
2087,2038,64.885
2087,2039,66.212
2087,2040,67.541
2087,2041,68.871
2087,2042,70.201
2087,2043,71.536
2087,2044,72.872
2087,2045,74.202
2087,2046,75.527
2087,2047,76.851
2087,2048,78.175
2087,2049,79.493
2087,2050,80.801
2087,2051,82.109
2087,2052,83.415
2087,2053,84.71
2087,2054,85.995
2087,2055,87.269
2087,2056,88.535
2087,2057,89.791
2087,2058,91.034
2087,2059,92.273
2087,2060,93.505
2087,2061,94.726
2087,2062,95.931
2087,2063,97.115
2087,2064,98.287
2087,2065,99.446
2087,2066,100.589
2087,2067,101.72
2087,2068,102.838
2087,2069,103.933
2087,2070,105.011
2087,2071,106.073
2087,2072,107.121
2087,2073,108.151
2087,2074,109.162
2087,2075,110.158
2087,2076,111.134
2087,2077,112.091
2087,2078,113.028
2087,2079,113.935
2087,2080,114.815
2087,2081,115.679
2087,2082,116.524
2087,2083,117.345
2087,2084,118.138
2087,2085,118.908
2087,2086,119.66
2087,2087,120.39
2087,2088,121.089
2087,2089,121.766
2087,2090,122.425
2087,2091,123.056
2087,2092,123.662
2087,2093,124.248
2087,2094,124.815
2087,2095,125.36
2087,2096,125.889
2087,2097,126.401
2087,2098,126.887
2087,2099,127.348
2087,2100,127.795
2088,1950,6.137
2088,1951,6.276
2088,1952,6.419
2088,1953,6.564
2088,1954,6.714
2088,1955,6.871
2088,1956,7.036
2088,1957,7.211
2088,1958,7.393
2088,1959,7.586
2088,1960,7.794
2088,1961,8.014
2088,1962,8.244
2088,1963,8.48
2088,1964,8.72
2088,1965,8.963
2088,1966,9.208
2088,1967,9.455
2088,1968,9.706
2088,1969,9.956
2088,1970,10.204
2088,1971,10.451
2088,1972,10.703
2088,1973,10.959
2088,1974,11.22
2088,1975,11.483
2088,1976,11.759
2088,1977,12.054
2088,1978,12.351
2088,1979,12.592
2088,1980,12.735
2088,1981,12.772
2088,1982,12.859
2088,1983,13.086
2088,1984,13.371
2088,1985,13.657
2088,1986,13.92
2088,1987,14.188
2088,1988,14.485
2088,1989,14.813
2088,1990,15.104
2088,1991,15.398
2088,1992,15.794
2088,1993,16.242
2088,1994,16.613
2088,1995,16.904
2088,1996,17.174
2088,1997,17.419
2088,1998,17.644
2088,1999,17.893
2088,2000,18.103
2088,2001,18.306
2088,2002,18.652
2088,2003,19.036
2088,2004,19.342
2088,2005,19.651
2088,2006,19.987
2088,2007,20.247
2088,2008,20.526
2088,2009,20.877
2088,2010,21.214
2088,2011,21.588
2088,2012,21.985
2088,2013,22.368
2088,2014,22.779
2088,2015,23.19
2088,2016,23.577
2088,2017,23.971
2088,2018,24.375
2088,2019,24.837
2088,2020,25.352
2088,2021,25.812
2088,2022,26.19
2088,2023,26.576
2088,2024,26.991
2088,2025,27.4
2088,2026,27.808
2088,2027,28.225
2088,2028,28.654
2088,2029,29.096
2088,2030,29.542
2088,2031,29.987
2088,2032,30.428
2088,2033,30.867
2088,2034,31.301
2088,2035,31.728
2088,2036,32.157
2088,2037,32.587
2088,2038,33.015
2088,2039,33.447
2088,2040,33.886
2088,2041,34.324
2088,2042,34.751
2088,2043,35.176
2088,2044,35.601
2088,2045,36.023
2088,2046,36.449
2088,2047,36.872
2088,2048,37.288
2088,2049,37.707
2088,2050,38.114
2088,2051,38.503
2088,2052,38.891
2088,2053,39.284
2088,2054,39.672
2088,2055,40.057
2088,2056,40.44
2088,2057,40.818
2088,2058,41.187
2088,2059,41.541
2088,2060,41.885
2088,2061,42.223
2088,2062,42.56
2088,2063,42.901
2088,2064,43.24
2088,2065,43.578
2088,2066,43.901
2088,2067,44.209
2088,2068,44.518
2088,2069,44.826
2088,2070,45.131
2088,2071,45.426
2088,2072,45.707
2088,2073,45.992
2088,2074,46.269
2088,2075,46.527
2088,2076,46.776
2088,2077,47.026
2088,2078,47.267
2088,2079,47.508
2088,2080,47.748
2088,2081,47.966
2088,2082,48.168
2088,2083,48.364
2088,2084,48.566
2088,2085,48.767
2088,2086,48.946
2088,2087,49.122
2088,2088,49.298
2088,2089,49.462
2088,2090,49.628
2088,2091,49.788
2088,2092,49.934
2088,2093,50.077
2088,2094,50.213
2088,2095,50.342
2088,2096,50.462
2088,2097,50.578
2088,2098,50.689
2088,2099,50.794
2088,2100,50.888
2089,1950,65.352
2089,1951,66.507
2089,1952,67.727
2089,1953,69.019
2089,1954,70.275
2089,1955,71.481
2089,1956,72.708
2089,1957,73.938
2089,1958,75.174
2089,1959,76.554
2089,1960,78.056
2089,1961,79.575
2089,1962,80.997
2089,1963,82.369
2089,1964,83.764
2089,1965,85.119
2089,1966,86.478
2089,1967,87.84
2089,1968,89.212
2089,1969,90.602
2089,1970,91.837
2089,1971,92.9
2089,1972,93.977
2089,1973,95.102
2089,1974,96.278
2089,1975,97.498
2089,1976,98.743
2089,1977,99.987
2089,1978,101.222
2089,1979,102.378
2089,1980,103.499
2089,1981,104.656
2089,1982,105.702
2089,1983,106.652
2089,1984,107.609
2089,1985,108.581
2089,1986,109.596
2089,1987,110.636
2089,1988,111.662
2089,1989,112.38
2089,1990,112.723
2089,1991,112.685
2089,1992,112.263
2089,1993,111.689
2089,1994,111.206
2089,1995,110.957
2089,1996,110.74
2089,1997,110.413
2089,1998,109.98
2089,1999,109.461
2089,2000,108.871
2089,2001,108.246
2089,2002,107.577
2089,2003,106.875
2089,2004,106.121
2089,2005,105.173
2089,2006,103.998
2089,2007,102.662
2089,2008,101.226
2089,2009,99.78
2089,2010,98.339
2089,2011,96.855
2089,2012,95.335
2089,2013,93.815
2089,2014,92.405
2089,2015,91.142
2089,2016,89.957
2089,2017,88.838
2089,2018,87.784
2089,2019,86.689
2089,2020,85.494
2089,2021,84.348
2089,2022,84.44
2089,2023,84.763
2089,2024,84.055
2089,2025,83.223
2089,2026,82.452
2089,2027,81.78
2089,2028,81.106
2089,2029,80.422
2089,2030,79.725
2089,2031,79.026
2089,2032,78.332
2089,2033,77.637
2089,2034,76.939
2089,2035,76.238
2089,2036,75.544
2089,2037,74.858
2089,2038,74.182
2089,2039,73.513
2089,2040,72.856
2089,2041,72.218
2089,2042,71.59
2089,2043,70.97
2089,2044,70.365
2089,2045,69.769
2089,2046,69.177
2089,2047,68.598
2089,2048,68.026
2089,2049,67.447
2089,2050,66.866
2089,2051,66.277
2089,2052,65.678
2089,2053,65.068
2089,2054,64.446
2089,2055,63.819
2089,2056,63.188
2089,2057,62.556
2089,2058,61.93
2089,2059,61.303
2089,2060,60.667
2089,2061,60.024
2089,2062,59.384
2089,2063,58.751
2089,2064,58.127
2089,2065,57.51
2089,2066,56.902
2089,2067,56.302
2089,2068,55.704
2089,2069,55.118
2089,2070,54.542
2089,2071,53.982
2089,2072,53.441
2089,2073,52.91
2089,2074,52.388
2089,2075,51.877
2089,2076,51.377
2089,2077,50.882
2089,2078,50.395
2089,2079,49.92
2089,2080,49.454
2089,2081,48.993
2089,2082,48.535
2089,2083,48.082
2089,2084,47.633
2089,2085,47.186
2089,2086,46.742
2089,2087,46.302
2089,2088,45.867
2089,2089,45.431
2089,2090,44.998
2089,2091,44.564
2089,2092,44.126
2089,2093,43.688
2089,2094,43.252
2089,2095,42.82
2089,2096,42.387
2089,2097,41.955
2089,2098,41.526
2089,2099,41.098
2089,2100,40.673
2090,1950,3.088
2090,1951,3.142
2090,1952,3.2
2090,1953,3.259
2090,1954,3.322
2090,1955,3.388
2090,1956,3.456
2090,1957,3.527
2090,1958,3.6
2090,1959,3.676
2090,1960,3.755
2090,1961,3.835
2090,1962,3.919
2090,1963,4.007
2090,1964,4.098
2090,1965,4.191
2090,1966,4.286
2090,1967,4.384
2090,1968,4.484
2090,1969,4.586
2090,1970,4.69
2090,1971,4.797
2090,1972,4.907
2090,1973,5.022
2090,1974,5.141
2090,1975,5.262
2090,1976,5.388
2090,1977,5.516
2090,1978,5.648
2090,1979,5.784
2090,1980,5.923
2090,1981,6.067
2090,1982,6.214
2090,1983,6.363
2090,1984,6.516
2090,1985,6.672
2090,1986,6.832
2090,1987,6.995
2090,1988,7.162
2090,1989,7.333
2090,1990,7.505
2090,1991,7.679
2090,1992,7.853
2090,1993,8.027
2090,1994,8.199
2090,1995,8.371
2090,1996,8.543
2090,1997,8.713
2090,1998,8.881
2090,1999,9.049
2090,2000,9.213
2090,2001,9.37
2090,2002,9.519
2090,2003,9.664
2090,2004,9.808
2090,2005,9.954
2090,2006,10.1
2090,2007,10.247
2090,2008,10.394
2090,2009,10.544
2090,2010,10.701
2090,2011,10.864
2090,2012,11.032
2090,2013,11.201
2090,2014,11.372
2090,2015,11.543
2090,2016,11.715
2090,2017,11.886
2090,2018,12.056
2090,2019,12.224
2090,2020,12.381
2090,2021,12.516
2090,2022,12.662
2090,2023,12.83
2090,2024,13.001
2090,2025,13.171
2090,2026,13.339
2090,2027,13.504
2090,2028,13.668
2090,2029,13.83
2090,2030,13.99
2090,2031,14.147
2090,2032,14.302
2090,2033,14.454
2090,2034,14.604
2090,2035,14.752
2090,2036,14.897
2090,2037,15.039
2090,2038,15.179
2090,2039,15.317
2090,2040,15.451
2090,2041,15.582
2090,2042,15.711
2090,2043,15.837
2090,2044,15.96
2090,2045,16.08
2090,2046,16.198
2090,2047,16.312
2090,2048,16.423
2090,2049,16.531
2090,2050,16.636
2090,2051,16.738
2090,2052,16.837
2090,2053,16.932
2090,2054,17.024
2090,2055,17.113
2090,2056,17.199
2090,2057,17.281
2090,2058,17.36
2090,2059,17.436
2090,2060,17.507
2090,2061,17.575
2090,2062,17.64
2090,2063,17.702
2090,2064,17.761
2090,2065,17.815
2090,2066,17.867
2090,2067,17.915
2090,2068,17.959
2090,2069,18.0
2090,2070,18.037
2090,2071,18.072
2090,2072,18.104
2090,2073,18.132
2090,2074,18.158
2090,2075,18.181
2090,2076,18.2
2090,2077,18.217
2090,2078,18.231
2090,2079,18.242
2090,2080,18.25
2090,2081,18.256
2090,2082,18.26
2090,2083,18.262
2090,2084,18.262
2090,2085,18.26
2090,2086,18.255
2090,2087,18.249
2090,2088,18.242
2090,2089,18.232
2090,2090,18.221
2090,2091,18.208
2090,2092,18.194
2090,2093,18.178
2090,2094,18.161
2090,2095,18.142
2090,2096,18.121
2090,2097,18.099
2090,2098,18.074
2090,2099,18.048
2090,2100,18.019
1637,1950,9.818
1637,1951,10.025
1637,1952,10.238
1637,1953,10.457
1637,1954,10.682
1637,1955,10.914
1637,1956,11.153
1637,1957,11.396
1637,1958,11.641
1637,1959,11.89
1637,1960,12.148
1637,1961,12.413
1637,1962,12.684
1637,1963,12.959
1637,1964,13.232
1637,1965,13.504
1637,1966,13.779
1637,1967,14.057
1637,1968,14.337
1637,1969,14.614
1637,1970,14.893
1637,1971,15.174
1637,1972,15.45
1637,1973,15.722
1637,1974,15.995
1637,1975,16.271
1637,1976,16.547
1637,1977,16.818
1637,1978,17.085
1637,1979,17.34
1637,1980,17.594
1637,1981,17.872
1637,1982,18.161
1637,1983,18.444
1637,1984,18.722
1637,1985,18.994
1637,1986,19.266
1637,1987,19.549
1637,1988,19.849
1637,1989,20.165
1637,1990,20.496
1637,1991,20.839
1637,1992,21.186
1637,1993,21.533
1637,1994,21.879
1637,1995,22.229
1637,1996,22.585
1637,1997,22.943
1637,1998,23.288
1637,1999,23.56
1637,2000,23.835
1637,2001,24.175
1637,2002,24.491
1637,2003,24.778
1637,2004,25.067
1637,2005,25.381
1637,2006,25.716
1637,2007,26.073
1637,2008,26.439
1637,2009,26.786
1637,2010,27.094
1637,2011,27.398
1637,2012,27.718
1637,2013,28.026
1637,2014,28.319
1637,2015,28.604
1637,2016,28.878
1637,2017,29.111
1637,2018,29.37
1637,2019,29.645
1637,2020,29.86
1637,2021,30.05
1637,2022,30.301
1637,2023,30.58
1637,2024,30.818
1637,2025,31.047
1637,2026,31.266
1637,2027,31.48
1637,2028,31.69
1637,2029,31.893
1637,2030,32.09
1637,2031,32.282
1637,2032,32.47
1637,2033,32.653
1637,2034,32.831
1637,2035,33.003
1637,2036,33.169
1637,2037,33.33
1637,2038,33.484
1637,2039,33.633
1637,2040,33.773
1637,2041,33.907
1637,2042,34.035
1637,2043,34.158
1637,2044,34.274
1637,2045,34.385
1637,2046,34.49
1637,2047,34.588
1637,2048,34.682
1637,2049,34.77
1637,2050,34.852
1637,2051,34.927
1637,2052,34.996
1637,2053,35.059
1637,2054,35.115
1637,2055,35.163
1637,2056,35.206
1637,2057,35.245
1637,2058,35.278
1637,2059,35.306
1637,2060,35.327
1637,2061,35.341
1637,2062,35.351
1637,2063,35.357
1637,2064,35.36
1637,2065,35.357
1637,2066,35.349
1637,2067,35.338
1637,2068,35.323
1637,2069,35.304
1637,2070,35.278
1637,2071,35.251
1637,2072,35.219
1637,2073,35.18
1637,2074,35.136
1637,2075,35.086
1637,2076,35.033
1637,2077,34.977
1637,2078,34.915
1637,2079,34.849
1637,2080,34.779
1637,2081,34.703
1637,2082,34.623
1637,2083,34.54
1637,2084,34.455
1637,2085,34.366
1637,2086,34.274
1637,2087,34.18
1637,2088,34.082
1637,2089,33.982
1637,2090,33.881
1637,2091,33.779
1637,2092,33.676
1637,2093,33.573
1637,2094,33.467
1637,2095,33.358
1637,2096,33.248
1637,2097,33.137
1637,2098,33.024
1637,2099,32.911
1637,2100,32.799
2091,1950,29.995
2091,1951,30.592
2091,1952,31.197
2091,1953,31.813
2091,1954,32.442
2091,1955,33.084
2091,1956,33.74
2091,1957,34.411
2091,1958,35.098
2091,1959,35.805
2091,1960,36.545
2091,1961,37.316
2091,1962,38.106
2091,1963,38.908
2091,1964,39.717
2091,1965,40.53
2091,1966,41.341
2091,1967,42.152
2091,1968,42.955
2091,1969,43.755
2091,1970,44.563
2091,1971,45.384
2091,1972,46.192
2091,1973,46.975
2091,1974,47.742
2091,1975,48.492
2091,1976,49.223
2091,1977,49.933
2091,1978,50.62
2091,1979,51.292
2091,1980,51.953
2091,1981,52.617
2091,1982,53.32
2091,1983,54.059
2091,1984,54.809
2091,1985,55.562
2091,1986,56.314
2091,1987,57.067
2091,1988,57.834
2091,1989,58.615
2091,1990,59.406
2091,1991,60.195
2091,1992,60.967
2091,1993,61.712
2091,1994,62.436
2091,1995,63.153
2091,1996,63.865
2091,1997,64.568
2091,1998,65.259
2091,1999,65.937
2091,2000,66.591
2091,2001,67.214
2091,2002,67.82
2091,2003,68.418
2091,2004,68.991
2091,2005,69.538
2091,2006,70.074
2091,2007,70.602
2091,2008,71.124
2091,2009,71.65
2091,2010,72.09
2091,2011,72.511
2091,2012,72.995
2091,2013,73.463
2091,2014,73.906
2091,2015,74.334
2091,2016,74.747
2091,2017,75.045
2091,2018,75.444
2091,2019,75.912
2091,2020,76.286
2091,2021,76.611
2091,2022,76.905
2091,2023,77.265
2091,2024,77.621
2091,2025,77.946
2091,2026,78.242
2091,2027,78.519
2091,2028,78.779
2091,2029,79.021
2091,2030,79.247
2091,2031,79.458
2091,2032,79.656
2091,2033,79.84
2091,2034,80.008
2091,2035,80.164
2091,2036,80.306
2091,2037,80.432
2091,2038,80.542
2091,2039,80.637
2091,2040,80.717
2091,2041,80.784
2091,2042,80.837
2091,2043,80.875
2091,2044,80.899
2091,2045,80.907
2091,2046,80.9
2091,2047,80.878
2091,2048,80.843
2091,2049,80.793
2091,2050,80.729
2091,2051,80.651
2091,2052,80.555
2091,2053,80.445
2091,2054,80.318
2091,2055,80.176
2091,2056,80.019
2091,2057,79.85
2091,2058,79.671
2091,2059,79.479
2091,2060,79.276
2091,2061,79.061
2091,2062,78.837
2091,2063,78.605
2091,2064,78.364
2091,2065,78.113
2091,2066,77.856
2091,2067,77.593
2091,2068,77.323
2091,2069,77.045
2091,2070,76.761
2091,2071,76.471
2091,2072,76.175
2091,2073,75.871
2091,2074,75.561
2091,2075,75.245
2091,2076,74.924
2091,2077,74.597
2091,2078,74.262
2091,2079,73.922
2091,2080,73.575
2091,2081,73.223
2091,2082,72.865
2091,2083,72.504
2091,2084,72.139
2091,2085,71.768
2091,2086,71.392
2091,2087,71.014
2091,2088,70.634
2091,2089,70.25
2091,2090,69.865
2091,2091,69.479
2091,2092,69.092
2091,2093,68.703
2091,2094,68.314
2091,2095,67.924
2091,2096,67.534
2091,2097,67.143
2091,2098,66.752
2091,2099,66.36
2091,2100,65.967
2092,1950,5.211
2092,1951,5.309
2092,1952,5.415
2092,1953,5.535
2092,1954,5.664
2092,1955,5.8
2092,1956,5.944
2092,1957,6.095
2092,1958,6.251
2092,1959,6.413
2092,1960,6.579
2092,1961,6.744
2092,1962,6.906
2092,1963,7.071
2092,1964,7.237
2092,1965,7.406
2092,1966,7.58
2092,1967,7.753
2092,1968,7.926
2092,1969,8.107
2092,1970,8.296
2092,1971,8.491
2092,1972,8.687
2092,1973,8.881
2092,1974,9.073
2092,1975,9.267
2092,1976,9.466
2092,1977,9.668
2092,1978,9.871
2092,1979,10.077
2092,1980,10.29
2092,1981,10.509
2092,1982,10.729
2092,1983,10.955
2092,1984,11.187
2092,1985,11.426
2092,1986,11.669
2092,1987,11.912
2092,1988,12.156
2092,1989,12.41
2092,1990,12.694
2092,1991,13.023
2092,1992,13.391
2092,1993,13.777
2092,1994,14.172
2092,1995,14.575
2092,1996,14.993
2092,1997,15.431
2092,1998,15.879
2092,1999,16.095
2092,2000,16.344
2092,2001,16.872
2092,2002,17.405
2092,2003,17.892
2092,2004,18.338
2092,2005,18.802
2092,2006,19.287
2092,2007,19.778
2092,2008,20.27
2092,2009,20.764
2092,2010,21.275
2092,2011,21.794
2092,2012,22.304
2092,2013,22.81
2092,2014,23.313
2092,2015,23.81
2092,2016,24.3
2092,2017,24.788
2092,2018,25.271
2092,2019,25.743
2092,2020,26.207
2092,2021,26.662
2092,2022,27.096
2092,2023,27.523
2092,2024,27.953
2092,2025,28.384
2092,2026,28.814
2092,2027,29.244
2092,2028,29.673
2092,2029,30.102
2092,2030,30.529
2092,2031,30.952
2092,2032,31.369
2092,2033,31.782
2092,2034,32.195
2092,2035,32.61
2092,2036,33.022
2092,2037,33.43
2092,2038,33.833
2092,2039,34.234
2092,2040,34.628
2092,2041,35.015
2092,2042,35.4
2092,2043,35.782
2092,2044,36.158
2092,2045,36.528
2092,2046,36.893
2092,2047,37.252
2092,2048,37.606
2092,2049,37.954
2092,2050,38.295
2092,2051,38.625
2092,2052,38.948
2092,2053,39.268
2092,2054,39.579
2092,2055,39.88
2092,2056,40.178
2092,2057,40.47
2092,2058,40.754
2092,2059,41.032
2092,2060,41.301
2092,2061,41.559
2092,2062,41.808
2092,2063,42.053
2092,2064,42.296
2092,2065,42.534
2092,2066,42.769
2092,2067,42.998
2092,2068,43.218
2092,2069,43.43
2092,2070,43.631
2092,2071,43.829
2092,2072,44.023
2092,2073,44.203
2092,2074,44.372
2092,2075,44.536
2092,2076,44.694
2092,2077,44.846
2092,2078,44.992
2092,2079,45.135
2092,2080,45.274
2092,2081,45.404
2092,2082,45.524
2092,2083,45.639
2092,2084,45.746
2092,2085,45.847
2092,2086,45.946
2092,2087,46.037
2092,2088,46.119
2092,2089,46.194
2092,2090,46.267
2092,2091,46.337
2092,2092,46.399
2092,2093,46.456
2092,2094,46.505
2092,2095,46.545
2092,2096,46.578
2092,2097,46.605
2092,2098,46.626
2092,2099,46.642
2092,2100,46.655
2093,1950,67.715
2093,1951,69.921
2093,1952,72.169
2093,1953,74.461
2093,1954,76.795
2093,1955,79.223
2093,1956,81.747
2093,1957,84.218
2093,1958,86.479
2093,1959,88.631
2093,1960,90.722
2093,1961,92.82
2093,1962,95.024
2093,1963,97.246
2093,1964,99.213
2093,1965,100.995
2093,1966,102.932
2093,1967,105.122
2093,1968,107.455
2093,1969,109.583
2093,1970,111.621
2093,1971,113.513
2093,1972,115.265
2093,1973,117.136
2093,1974,119.375
2093,1975,122.061
2093,1976,124.892
2093,1977,127.812
2093,1978,130.755
2093,1979,133.11
2093,1980,135.576
2093,1981,139.325
2093,1982,143.109
2093,1983,145.93
2093,1984,148.162
2093,1985,149.896
2093,1986,151.541
2093,1987,153.912
2093,1988,157.091
2093,1989,160.874
2093,1990,165.033
2093,1991,169.258
2093,1992,173.494
2093,1993,177.842
2093,1994,182.346
2093,1995,187.086
2093,1996,192.07
2093,1997,197.012
2093,1998,201.206
2093,1999,204.389
2093,2000,207.73
2093,2001,211.454
2093,2002,213.929
2093,2003,215.386
2093,2004,217.983
2093,2005,222.218
2093,2006,227.66
2093,2007,234.536
2093,2008,241.997
2093,2009,248.218
2093,2010,253.07
2093,2011,257.861
2093,2012,262.826
2093,2013,267.326
2093,2014,271.322
2093,2015,275.196
2093,2016,278.68
2093,2017,281.446
2093,2018,284.298
2093,2019,287.271
2093,2020,288.06
2093,2021,288.252
2093,2022,292.953
2093,2023,298.472
2093,2024,301.505
2093,2025,304.4
2093,2026,307.191
2093,2027,309.943
2093,2028,312.683
2093,2029,315.314
2093,2030,317.844
2093,2031,320.374
2093,2032,322.911
2093,2033,325.431
2093,2034,327.864
2093,2035,330.123
2093,2036,332.27
2093,2037,334.364
2093,2038,336.396
2093,2039,338.326
2093,2040,340.107
2093,2041,341.737
2093,2042,343.282
2093,2043,344.789
2093,2044,346.209
2093,2045,347.586
2093,2046,348.92
2093,2047,350.153
2093,2048,351.391
2093,2049,352.615
2093,2050,353.737
2093,2051,354.804
2093,2052,355.893
2093,2053,356.924
2093,2054,357.821
2093,2055,358.668
2093,2056,359.488
2093,2057,360.282
2093,2058,361.011
2093,2059,361.671
2093,2060,362.233
2093,2061,362.732
2093,2062,363.225
2093,2063,363.681
2093,2064,364.073
2093,2065,364.323
2093,2066,364.432
2093,2067,364.522
2093,2068,364.616
2093,2069,364.621
2093,2070,364.572
2093,2071,364.479
2093,2072,364.309
2093,2073,364.05
2093,2074,363.62
2093,2075,363.063
2093,2076,362.511
2093,2077,361.894
2093,2078,361.134
2093,2079,360.249
2093,2080,359.274
2093,2081,358.196
2093,2082,357.029
2093,2083,355.837
2093,2084,354.652
2093,2085,353.438
2093,2086,352.163
2093,2087,350.856
2093,2088,349.539
2093,2089,348.184
2093,2090,346.821
2093,2091,345.494
2093,2092,344.234
2093,2093,343.017
2093,2094,341.772
2093,2095,340.517
2093,2096,339.276
2093,2097,338.064
2093,2098,336.859
2093,2099,335.702
2093,2100,334.619
