subregion,time,population_density
910,1950,9.89
910,1951,10.121
910,1952,10.358
910,1953,10.6
910,1954,10.851
910,1955,11.112
910,1956,11.384
910,1957,11.657
910,1958,11.927
910,1959,12.221
910,1960,12.542
910,1961,12.881
910,1962,13.234
910,1963,13.599
910,1964,13.983
910,1965,14.384
910,1966,14.792
910,1967,15.214
910,1968,15.659
910,1969,16.12
910,1970,16.594
910,1971,17.079
910,1972,17.562
910,1973,18.062
910,1974,18.591
910,1975,19.131
910,1976,19.69
910,1977,20.24
910,1978,20.823
910,1979,21.45
910,1980,22.051
910,1981,22.702
910,1982,23.418
910,1983,24.129
910,1984,24.848
910,1985,25.602
910,1986,26.385
910,1987,27.2
910,1988,27.996
910,1989,28.779
910,1990,29.61
910,1991,30.447
910,1992,31.279
910,1993,32.144
910,1994,32.906
910,1995,33.723
910,1996,34.756
910,1997,35.791
910,1998,36.781
910,1999,37.796
910,2000,38.854
910,2001,39.944
910,2002,41.074
910,2003,42.25
910,2004,43.466
910,2005,44.707
910,2006,45.986
910,2007,47.314
910,2008,48.683
910,2009,50.078
910,2010,51.52
910,2011,52.989
910,2012,54.485
910,2013,56.033
910,2014,57.574
910,2015,59.128
910,2016,60.74
910,2017,62.37
910,2018,64.028
910,2019,65.759
910,2020,67.537
910,2021,69.318
910,2022,71.102
910,2023,72.915
910,2024,74.767
910,2025,76.643
910,2026,78.542
910,2027,80.464
910,2028,82.407
910,2029,84.368
910,2030,86.343
910,2031,88.333
910,2032,90.337
910,2033,92.352
910,2034,94.378
910,2035,96.413
910,2036,98.452
910,2037,100.498
910,2038,102.551
910,2039,104.607
910,2040,106.666
910,2041,108.725
910,2042,110.784
910,2043,112.845
910,2044,114.908
910,2045,116.969
910,2046,119.027
910,2047,121.082
910,2048,123.132
910,2049,125.175
910,2050,127.213
910,2051,129.24
910,2052,131.261
910,2053,133.276
910,2054,135.281
910,2055,137.272
910,2056,139.248
910,2057,141.209
910,2058,143.154
910,2059,145.082
910,2060,146.988
910,2061,148.874
910,2062,150.741
910,2063,152.586
910,2064,154.409
910,2065,156.208
910,2066,157.984
910,2067,159.736
910,2068,161.465
910,2069,163.171
910,2070,164.852
910,2071,166.505
910,2072,168.128
910,2073,169.722
910,2074,171.286
910,2075,172.821
910,2076,174.327
910,2077,175.802
910,2078,177.248
910,2079,178.667
910,2080,180.057
910,2081,181.418
910,2082,182.749
910,2083,184.049
910,2084,185.32
910,2085,186.56
910,2086,187.767
910,2087,188.94
910,2088,190.083
910,2089,191.193
910,2090,192.269
910,2091,193.312
910,2092,194.325
910,2093,195.307
910,2094,196.255
910,2095,197.17
910,2096,198.053
910,2097,198.903
910,2098,199.723
910,2099,200.514
910,2100,201.275
911,1950,4.104
911,1951,4.181
911,1952,4.261
911,1953,4.343
911,1954,4.426
911,1955,4.512
911,1956,4.601
911,1957,4.692
911,1958,4.785
911,1959,4.883
911,1960,4.987
911,1961,5.093
911,1962,5.206
911,1963,5.325
911,1964,5.447
911,1965,5.573
911,1966,5.704
911,1967,5.838
911,1968,5.978
911,1969,6.125
911,1970,6.28
911,1971,6.442
911,1972,6.613
911,1973,6.793
911,1974,6.978
911,1975,7.166
911,1976,7.351
911,1977,7.536
911,1978,7.751
911,1979,7.992
911,1980,8.219
911,1981,8.444
911,1982,8.693
911,1983,8.949
911,1984,9.206
911,1985,9.476
911,1986,9.766
911,1987,10.073
911,1988,10.391
911,1989,10.723
911,1990,11.069
911,1991,11.434
911,1992,11.798
911,1993,12.165
911,1994,12.64
911,1995,13.117
911,1996,13.455
911,1997,13.766
911,1998,14.138
911,1999,14.559
911,2000,15.001
911,2001,15.462
911,2002,15.938
911,2003,16.433
911,2004,16.959
911,2005,17.511
911,2006,18.08
911,2007,18.67
911,2008,19.282
911,2009,19.921
911,2010,20.587
911,2011,21.278
911,2012,21.984
911,2013,22.715
911,2014,23.476
911,2015,24.252
911,2016,25.064
911,2017,25.898
911,2018,26.73
911,2019,27.574
911,2020,28.438
911,2021,29.316
911,2022,30.212
911,2023,31.14
911,2024,32.096
911,2025,33.072
911,2026,34.068
911,2027,35.085
911,2028,36.121
911,2029,37.177
911,2030,38.252
911,2031,39.345
911,2032,40.455
911,2033,41.582
911,2034,42.726
911,2035,43.887
911,2036,45.063
911,2037,46.25
911,2038,47.45
911,2039,48.661
911,2040,49.887
911,2041,51.124
911,2042,52.37
911,2043,53.625
911,2044,54.887
911,2045,56.158
911,2046,57.437
911,2047,58.724
911,2048,60.019
911,2049,61.317
911,2050,62.615
911,2051,63.911
911,2052,65.211
911,2053,66.515
911,2054,67.819
911,2055,69.121
911,2056,70.422
911,2057,71.722
911,2058,73.021
911,2059,74.314
911,2060,75.604
911,2061,76.892
911,2062,78.174
911,2063,79.452
911,2064,80.729
911,2065,82.0
911,2066,83.265
911,2067,84.527
911,2068,85.78
911,2069,87.021
911,2070,88.249
911,2071,89.466
911,2072,90.675
911,2073,91.873
911,2074,93.057
911,2075,94.227
911,2076,95.38
911,2077,96.512
911,2078,97.632
911,2079,98.739
911,2080,99.829
911,2081,100.904
911,2082,101.962
911,2083,103.003
911,2084,104.024
911,2085,105.028
911,2086,106.014
911,2087,106.979
911,2088,107.925
911,2089,108.848
911,2090,109.748
911,2091,110.626
911,2092,111.481
911,2093,112.318
911,2094,113.138
911,2095,113.937
911,2096,114.711
911,2097,115.462
911,2098,116.191
911,2099,116.9
911,2100,117.587
912,1950,6.513
912,1951,6.671
912,1952,6.838
912,1953,7.014
912,1954,7.196
912,1955,7.382
912,1956,7.572
912,1957,7.763
912,1958,7.952
912,1959,8.147
912,1960,8.35
912,1961,8.555
912,1962,8.765
912,1963,8.981
912,1964,9.204
912,1965,9.433
912,1966,9.67
912,1967,9.919
912,1968,10.173
912,1969,10.432
912,1970,10.693
912,1971,10.959
912,1972,11.231
912,1973,11.513
912,1974,11.814
912,1975,12.158
912,1976,12.539
912,1977,12.919
912,1978,13.299
912,1979,13.697
912,1980,14.116
912,1981,14.552
912,1982,14.998
912,1983,15.445
912,1984,15.878
912,1985,16.306
912,1986,16.738
912,1987,17.159
912,1988,17.561
912,1989,17.965
912,1990,18.377
912,1991,18.779
912,1992,19.171
912,1993,19.571
912,1994,19.984
912,1995,20.396
912,1996,20.801
912,1997,21.209
912,1998,21.61
912,1999,22.009
912,2000,22.419
912,2001,22.832
912,2002,23.248
912,2003,23.668
912,2004,24.096
912,2005,24.534
912,2006,24.985
912,2007,25.458
912,2008,25.944
912,2009,26.441
912,2010,26.946
912,2011,27.415
912,2012,27.908
912,2013,28.482
912,2014,29.092
912,2015,29.711
912,2016,30.325
912,2017,30.944
912,2018,31.555
912,2019,32.139
912,2020,32.71
912,2021,33.272
912,2022,33.823
912,2023,34.374
912,2024,34.928
912,2025,35.479
912,2026,36.024
912,2027,36.565
912,2028,37.101
912,2029,37.633
912,2030,38.162
912,2031,38.689
912,2032,39.216
912,2033,39.746
912,2034,40.278
912,2035,40.813
912,2036,41.349
912,2037,41.886
912,2038,42.422
912,2039,42.959
912,2040,43.493
912,2041,44.026
912,2042,44.557
912,2043,45.084
912,2044,45.605
912,2045,46.121
912,2046,46.632
912,2047,47.138
912,2048,47.636
912,2049,48.124
912,2050,48.605
912,2051,49.077
912,2052,49.54
912,2053,49.994
912,2054,50.438
912,2055,50.873
912,2056,51.299
912,2057,51.717
912,2058,52.125
912,2059,52.524
912,2060,52.915
912,2061,53.3
912,2062,53.676
912,2063,54.044
912,2064,54.404
912,2065,54.758
912,2066,55.105
912,2067,55.446
912,2068,55.782
912,2069,56.111
912,2070,56.433
912,2071,56.75
912,2072,57.061
912,2073,57.365
912,2074,57.661
912,2075,57.95
912,2076,58.233
912,2077,58.508
912,2078,58.775
912,2079,59.034
912,2080,59.287
912,2081,59.534
912,2082,59.774
912,2083,60.008
912,2084,60.233
912,2085,60.45
912,2086,60.66
912,2087,60.862
912,2088,61.056
912,2089,61.243
912,2090,61.42
912,2091,61.588
912,2092,61.748
912,2093,61.9
912,2094,62.044
912,2095,62.179
912,2096,62.305
912,2097,62.422
912,2098,62.531
912,2099,62.63
912,2100,62.72
913,1950,5.576
913,1951,5.694
913,1952,5.819
913,1953,5.949
913,1954,6.084
913,1955,6.226
913,1956,6.374
913,1957,6.53
913,1958,6.69
913,1959,6.858
913,1960,7.036
913,1961,7.233
913,1962,7.447
913,1963,7.672
913,1964,7.907
913,1965,8.149
913,1966,8.398
913,1967,8.655
913,1968,8.922
913,1969,9.194
913,1970,9.472
913,1971,9.752
913,1972,10.039
913,1973,10.337
913,1974,10.641
913,1975,10.949
913,1976,11.258
913,1977,11.574
913,1978,11.896
913,1979,12.223
913,1980,12.557
913,1981,12.889
913,1982,13.23
913,1983,13.596
913,1984,13.985
913,1985,14.408
913,1986,14.886
913,1987,15.408
913,1988,15.945
913,1989,16.494
913,1990,17.017
913,1991,17.463
913,1992,17.839
913,1993,18.181
913,1994,18.504
913,1995,18.816
913,1996,19.117
913,1997,19.394
913,1998,19.648
913,1999,19.878
913,2000,20.082
913,2001,20.27
913,2002,20.46
913,2003,20.65
913,2004,20.841
913,2005,21.035
913,2006,21.238
913,2007,21.456
913,2008,21.702
913,2009,21.964
913,2010,22.23
913,2011,22.513
913,2012,22.815
913,2013,23.128
913,2014,23.492
913,2015,23.967
913,2016,24.218
913,2017,24.348
913,2018,24.658
913,2019,24.987
913,2020,25.304
913,2021,25.572
913,2022,25.803
913,2023,26.042
913,2024,26.316
913,2025,26.61
913,2026,26.894
913,2027,27.172
913,2028,27.443
913,2029,27.707
913,2030,27.966
913,2031,28.221
913,2032,28.471
913,2033,28.717
913,2034,28.959
913,2035,29.198
913,2036,29.432
913,2037,29.663
913,2038,29.889
913,2039,30.11
913,2040,30.327
913,2041,30.539
913,2042,30.746
913,2043,30.948
913,2044,31.144
913,2045,31.333
913,2046,31.516
913,2047,31.692
913,2048,31.86
913,2049,32.022
913,2050,32.176
913,2051,32.322
913,2052,32.46
913,2053,32.59
913,2054,32.714
913,2055,32.83
913,2056,32.938
913,2057,33.04
913,2058,33.136
913,2059,33.225
913,2060,33.307
913,2061,33.383
913,2062,33.454
913,2063,33.521
913,2064,33.583
913,2065,33.639
913,2066,33.691
913,2067,33.739
913,2068,33.783
913,2069,33.822
913,2070,33.857
913,2071,33.889
913,2072,33.917
913,2073,33.941
913,2074,33.96
913,2075,33.974
913,2076,33.985
913,2077,33.992
913,2078,33.996
913,2079,33.996
913,2080,33.992
913,2081,33.985
913,2082,33.975
913,2083,33.962
913,2084,33.947
913,2085,33.929
913,2086,33.908
913,2087,33.886
913,2088,33.862
913,2089,33.834
913,2090,33.805
913,2091,33.773
913,2092,33.737
913,2093,33.699
913,2094,33.659
913,2095,33.616
913,2096,33.572
913,2097,33.525
913,2098,33.475
913,2099,33.424
913,2100,33.37
914,1950,11.584
914,1951,11.809
914,1952,12.038
914,1953,12.271
914,1954,12.509
914,1955,12.756
914,1956,13.011
914,1957,13.275
914,1958,13.543
914,1959,13.821
914,1960,14.117
914,1961,14.421
914,1962,14.734
914,1963,15.057
914,1964,15.39
914,1965,15.736
914,1966,16.094
914,1967,16.46
914,1968,16.837
914,1969,17.227
914,1970,17.635
914,1971,18.058
914,1972,18.499
914,1973,18.965
914,1974,19.461
914,1975,19.991
914,1976,20.543
914,1977,21.123
914,1978,21.735
914,1979,22.369
914,1980,23.027
914,1981,23.701
914,1982,24.387
914,1983,25.048
914,1984,25.713
914,1985,26.42
914,1986,27.131
914,1987,27.856
914,1988,28.607
914,1989,29.387
914,1990,30.154
914,1991,30.925
914,1992,31.745
914,1993,32.586
914,1994,33.437
914,1995,34.314
914,1996,35.213
914,1997,36.151
914,1998,37.129
914,1999,38.122
914,2000,39.154
914,2001,40.242
914,2002,41.369
914,2003,42.518
914,2004,43.694
914,2005,44.915
914,2006,46.173
914,2007,47.466
914,2008,48.795
914,2009,50.159
914,2010,51.564
914,2011,53.02
914,2012,54.505
914,2013,56.003
914,2014,57.533
914,2015,59.087
914,2016,60.674
914,2017,62.3
914,2018,63.946
914,2019,65.609
914,2020,67.307
914,2021,69.025
914,2022,70.764
914,2023,72.542
914,2024,74.358
914,2025,76.205
914,2026,78.077
914,2027,79.973
914,2028,81.895
914,2029,83.842
914,2030,85.812
914,2031,87.802
914,2032,89.812
914,2033,91.839
914,2034,93.884
914,2035,95.942
914,2036,98.01
914,2037,100.09
914,2038,102.184
914,2039,104.286
914,2040,106.392
914,2041,108.506
914,2042,110.623
914,2043,112.741
914,2044,114.865
914,2045,116.986
914,2046,119.101
914,2047,121.214
914,2048,123.326
914,2049,125.434
914,2050,127.538
914,2051,129.636
914,2052,131.72
914,2053,133.791
914,2054,135.849
914,2055,137.898
914,2056,139.941
914,2057,141.975
914,2058,143.993
914,2059,145.993
914,2060,147.98
914,2061,149.959
914,2062,151.933
914,2063,153.89
914,2064,155.827
914,2065,157.746
914,2066,159.638
914,2067,161.512
914,2068,163.365
914,2069,165.193
914,2070,166.993
914,2071,168.765
914,2072,170.516
914,2073,172.246
914,2074,173.948
914,2075,175.617
914,2076,177.254
914,2077,178.859
914,2078,180.433
914,2079,181.976
914,2080,183.488
914,2081,184.967
914,2082,186.414
914,2083,187.827
914,2084,189.204
914,2085,190.548
914,2086,191.852
914,2087,193.118
914,2088,194.35
914,2089,195.546
914,2090,196.706
914,2091,197.831
914,2092,198.924
914,2093,199.981
914,2094,201.002
914,2095,201.988
914,2096,202.938
914,2097,203.854
914,2098,204.733
914,2099,205.58
914,2100,206.393
5500,1950,4.426
5500,1951,4.556
5500,1952,4.689
5500,1953,4.826
5500,1954,4.968
5500,1955,5.118
5500,1956,5.277
5500,1957,5.446
5500,1958,5.624
5500,1959,5.813
5500,1960,6.016
5500,1961,6.231
5500,1962,6.456
5500,1963,6.684
5500,1964,6.914
5500,1965,7.145
5500,1966,7.375
5500,1967,7.604
5500,1968,7.833
5500,1969,8.057
5500,1970,8.267
5500,1971,8.462
5500,1972,8.655
5500,1973,8.853
5500,1974,9.057
5500,1975,9.266
5500,1976,9.479
5500,1977,9.7
5500,1978,9.924
5500,1979,10.144
5500,1980,10.361
5500,1981,10.583
5500,1982,10.813
5500,1983,11.055
5500,1984,11.306
5500,1985,11.565
5500,1986,11.845
5500,1987,12.145
5500,1988,12.45
5500,1989,12.73
5500,1990,12.972
5500,1991,13.207
5500,1992,13.414
5500,1993,13.568
5500,1994,13.685
5500,1995,13.792
5500,1996,13.897
5500,1997,13.974
5500,1998,14.028
5500,1999,14.104
5500,2000,14.234
5500,2001,14.391
5500,2002,14.551
5500,2003,14.716
5500,2004,14.89
5500,2005,15.073
5500,2006,15.269
5500,2007,15.477
5500,2008,15.698
5500,2009,15.938
5500,2010,16.187
5500,2011,16.443
5500,2012,16.706
5500,2013,16.979
5500,2014,17.263
5500,2015,17.555
5500,2016,17.849
5500,2017,18.137
5500,2018,18.424
5500,2019,18.715
5500,2020,19.014
5500,2021,19.313
5500,2022,19.603
5500,2023,19.89
5500,2024,20.171
5500,2025,20.446
5500,2026,20.712
5500,2027,20.97
5500,2028,21.221
5500,2029,21.469
5500,2030,21.714
5500,2031,21.956
5500,2032,22.197
5500,2033,22.437
5500,2034,22.678
5500,2035,22.918
5500,2036,23.159
5500,2037,23.401
5500,2038,23.643
5500,2039,23.888
5500,2040,24.133
5500,2041,24.38
5500,2042,24.626
5500,2043,24.872
5500,2044,25.115
5500,2045,25.356
5500,2046,25.593
5500,2047,25.826
5500,2048,26.053
5500,2049,26.273
5500,2050,26.488
5500,2051,26.696
5500,2052,26.9
5500,2053,27.097
5500,2054,27.289
5500,2055,27.476
5500,2056,27.657
5500,2057,27.834
5500,2058,28.005
5500,2059,28.172
5500,2060,28.335
5500,2061,28.493
5500,2062,28.648
5500,2063,28.8
5500,2064,28.947
5500,2065,29.092
5500,2066,29.234
5500,2067,29.372
5500,2068,29.508
5500,2069,29.641
5500,2070,29.771
5500,2071,29.899
5500,2072,30.023
5500,2073,30.145
5500,2074,30.264
5500,2075,30.379
5500,2076,30.492
5500,2077,30.602
5500,2078,30.708
5500,2079,30.811
5500,2080,30.911
5500,2081,31.008
5500,2082,31.102
5500,2083,31.192
5500,2084,31.278
5500,2085,31.361
5500,2086,31.439
5500,2087,31.515
5500,2088,31.586
5500,2089,31.653
5500,2090,31.716
5500,2091,31.774
5500,2092,31.827
5500,2093,31.876
5500,2094,31.92
5500,2095,31.96
5500,2096,31.994
5500,2097,32.023
5500,2098,32.047
5500,2099,32.066
5500,2100,32.081
906,1950,56.837
906,1951,57.758
906,1952,58.856
906,1953,60.076
906,1954,61.32
906,1955,62.646
906,1956,63.939
906,1957,65.296
906,1958,66.669
906,1959,67.591
906,1960,67.969
906,1961,68.267
906,1962,69.264
906,1963,71.112
906,1964,73.087
906,1965,74.945
906,1966,76.783
906,1967,78.54
906,1968,80.423
906,1969,82.447
906,1970,84.477
906,1971,86.482
906,1972,88.393
906,1973,90.239
906,1974,91.983
906,1975,93.546
906,1976,94.964
906,1977,96.279
906,1978,97.527
906,1979,98.819
906,1980,100.182
906,1981,101.617
906,1982,103.169
906,1983,104.677
906,1984,106.112
906,1985,107.636
906,1986,109.28
906,1987,111.053
906,1988,112.818
906,1989,114.533
906,1990,116.304
906,1991,117.857
906,1992,119.08
906,1993,120.202
906,1994,121.273
906,1995,122.287
906,1996,123.239
906,1997,124.139
906,1998,124.994
906,1999,125.805
906,2000,126.62
906,2001,127.431
906,2002,128.196
906,2003,128.934
906,2004,129.667
906,2005,130.402
906,2006,131.142
906,2007,131.903
906,2008,132.68
906,2009,133.481
906,2010,134.287
906,2011,135.086
906,2012,135.942
906,2013,136.804
906,2014,137.626
906,2015,138.396
906,2016,139.122
906,2017,139.848
906,2018,140.427
906,2019,140.828
906,2020,141.065
906,2021,141.109
906,2022,141.067
906,2023,141.005
906,2024,140.918
906,2025,140.802
906,2026,140.656
906,2027,140.48
906,2028,140.275
906,2029,140.04
906,2030,139.777
906,2031,139.486
906,2032,139.168
906,2033,138.824
906,2034,138.451
906,2035,138.052
906,2036,137.628
906,2037,137.184
906,2038,136.722
906,2039,136.24
906,2040,135.736
906,2041,135.211
906,2042,134.664
906,2043,134.093
906,2044,133.494
906,2045,132.866
906,2046,132.203
906,2047,131.504
906,2048,130.766
906,2049,129.985
906,2050,129.16
906,2051,128.29
906,2052,127.376
906,2053,126.421
906,2054,125.426
906,2055,124.392
906,2056,123.321
906,2057,122.219
906,2058,121.094
906,2059,119.949
906,2060,118.788
906,2061,117.62
906,2062,116.449
906,2063,115.279
906,2064,114.114
906,2065,112.955
906,2066,111.805
906,2067,110.667
906,2068,109.538
906,2069,108.422
906,2070,107.318
906,2071,106.225
906,2072,105.143
906,2073,104.067
906,2074,102.997
906,2075,101.932
906,2076,100.867
906,2077,99.803
906,2078,98.739
906,2079,97.674
906,2080,96.609
906,2081,95.545
906,2082,94.485
906,2083,93.429
906,2084,92.38
906,2085,91.339
906,2086,90.309
906,2087,89.291
906,2088,88.287
906,2089,87.299
906,2090,86.327
906,2091,85.37
906,2092,84.428
906,2093,83.5
906,2094,82.584
906,2095,81.68
906,2096,80.785
906,2097,79.9
906,2098,79.023
906,2099,78.154
906,2100,77.291
5501,1950,74.264
5501,1951,75.834
5501,1952,77.457
5501,1953,79.12
5501,1954,80.848
5501,1955,82.657
5501,1956,84.527
5501,1957,86.452
5501,1958,88.409
5501,1959,90.437
5501,1960,92.578
5501,1961,94.796
5501,1962,97.079
5501,1963,99.425
5501,1964,101.832
5501,1965,104.254
5501,1966,106.67
5501,1967,109.131
5501,1968,111.686
5501,1969,114.321
5501,1970,116.992
5501,1971,119.579
5501,1972,122.251
5501,1973,125.15
5501,1974,128.125
5501,1975,131.146
5501,1976,134.198
5501,1977,137.337
5501,1978,140.582
5501,1979,143.924
5501,1980,147.404
5501,1981,151.025
5501,1982,154.752
5501,1983,158.567
5501,1984,162.474
5501,1985,166.448
5501,1986,170.459
5501,1987,174.494
5501,1988,178.588
5501,1989,182.755
5501,1990,187.023
5501,1991,191.298
5501,1992,195.561
5501,1993,199.807
5501,1994,204.057
5501,1995,208.358
5501,1996,212.628
5501,1997,216.922
5501,1998,221.269
5501,1999,225.649
5501,2000,230.045
5501,2001,234.498
5501,2002,238.936
5501,2003,243.297
5501,2004,247.586
5501,2005,251.754
5501,2006,255.773
5501,2007,259.617
5501,2008,263.406
5501,2009,267.266
5501,2010,271.201
5501,2011,275.157
5501,2012,279.03
5501,2013,282.797
5501,2014,286.522
5501,2015,290.169
5501,2016,293.769
5501,2017,297.372
5501,2018,300.907
5501,2019,304.335
5501,2020,307.711
5501,2021,310.81
5501,2022,313.637
5501,2023,316.766
5501,2024,320.162
5501,2025,323.518
5501,2026,326.825
5501,2027,330.083
5501,2028,333.292
5501,2029,336.443
5501,2030,339.541
5501,2031,342.579
5501,2032,345.557
5501,2033,348.474
5501,2034,351.323
5501,2035,354.106
5501,2036,356.818
5501,2037,359.457
5501,2038,362.029
5501,2039,364.525
5501,2040,366.94
5501,2041,369.278
5501,2042,371.542
5501,2043,373.729
5501,2044,375.833
5501,2045,377.86
5501,2046,379.811
5501,2047,381.68
5501,2048,383.473
5501,2049,385.185
5501,2050,386.814
5501,2051,388.368
5501,2052,389.847
5501,2053,391.247
5501,2054,392.571
5501,2055,393.828
5501,2056,395.013
5501,2057,396.125
5501,2058,397.165
5501,2059,398.128
5501,2060,399.014
5501,2061,399.825
5501,2062,400.561
5501,2063,401.227
5501,2064,401.817
5501,2065,402.327
5501,2066,402.755
5501,2067,403.104
5501,2068,403.376
5501,2069,403.572
5501,2070,403.688
5501,2071,403.721
5501,2072,403.674
5501,2073,403.558
5501,2074,403.372
5501,2075,403.113
5501,2076,402.783
5501,2077,402.385
5501,2078,401.915
5501,2079,401.382
5501,2080,400.79
5501,2081,400.134
5501,2082,399.427
5501,2083,398.68
5501,2084,397.887
5501,2085,397.045
5501,2086,396.155
5501,2087,395.222
5501,2088,394.258
5501,2089,393.263
5501,2090,392.231
5501,2091,391.16
5501,2092,390.051
5501,2093,388.909
5501,2094,387.739
5501,2095,386.547
5501,2096,385.327
5501,2097,384.079
5501,2098,382.804
5501,2099,381.509
5501,2100,380.196
920,1950,37.031
920,1951,37.923
920,1952,38.868
920,1953,39.869
920,1954,40.925
920,1955,42.045
920,1956,43.218
920,1957,44.455
920,1958,45.745
920,1959,47.083
920,1960,48.438
920,1961,49.777
920,1962,51.15
920,1963,52.576
920,1964,54.035
920,1965,55.452
920,1966,56.852
920,1967,58.319
920,1968,59.829
920,1969,61.377
920,1970,62.943
920,1971,64.535
920,1972,66.162
920,1973,67.803
920,1974,69.441
920,1975,71.048
920,1976,72.65
920,1977,74.331
920,1978,76.096
920,1979,77.883
920,1980,79.706
920,1981,81.587
920,1982,83.501
920,1983,85.45
920,1984,87.416
920,1985,89.368
920,1986,91.304
920,1987,93.233
920,1988,95.161
920,1989,97.092
920,1990,99.039
920,1991,100.988
920,1992,102.953
920,1993,104.928
920,1994,106.871
920,1995,108.781
920,1996,110.692
920,1997,112.604
920,1998,114.49
920,1999,116.314
920,2000,118.061
920,2001,119.764
920,2002,121.452
920,2003,123.123
920,2004,124.758
920,2005,126.389
920,2006,128.049
920,2007,129.738
920,2008,131.421
920,2009,133.097
920,2010,134.775
920,2011,136.457
920,2012,138.153
920,2013,139.826
920,2014,141.455
920,2015,143.059
920,2016,144.657
920,2017,146.217
920,2018,147.719
920,2019,149.183
920,2020,150.591
920,2021,151.857
920,2022,153.054
920,2023,154.335
920,2024,155.649
920,2025,156.929
920,2026,158.177
920,2027,159.392
920,2028,160.573
920,2029,161.723
920,2030,162.838
920,2031,163.919
920,2032,164.965
920,2033,165.974
920,2034,166.946
920,2035,167.882
920,2036,168.783
920,2037,169.648
920,2038,170.476
920,2039,171.266
920,2040,172.017
920,2041,172.729
920,2042,173.401
920,2043,174.038
920,2044,174.638
920,2045,175.197
920,2046,175.722
920,2047,176.21
920,2048,176.658
920,2049,177.068
920,2050,177.44
920,2051,177.776
920,2052,178.078
920,2053,178.343
920,2054,178.574
920,2055,178.771
920,2056,178.936
920,2057,179.073
920,2058,179.18
920,2059,179.259
920,2060,179.312
920,2061,179.338
920,2062,179.34
920,2063,179.32
920,2064,179.276
920,2065,179.208
920,2066,179.116
920,2067,179.003
920,2068,178.869
920,2069,178.713
920,2070,178.536
920,2071,178.341
920,2072,178.131
920,2073,177.905
920,2074,177.662
920,2075,177.4
920,2076,177.12
920,2077,176.823
920,2078,176.51
920,2079,176.18
920,2080,175.836
920,2081,175.478
920,2082,175.105
920,2083,174.718
920,2084,174.319
920,2085,173.904
920,2086,173.473
920,2087,173.034
920,2088,172.584
920,2089,172.124
920,2090,171.652
920,2091,171.17
920,2092,170.678
920,2093,170.177
920,2094,169.669
920,2095,169.154
920,2096,168.628
920,2097,168.094
920,2098,167.554
920,2099,167.006
920,2100,166.45
922,1950,10.721
922,1951,10.975
922,1952,11.245
922,1953,11.528
922,1954,11.814
922,1955,12.102
922,1956,12.419
922,1957,12.764
922,1958,13.115
922,1959,13.478
922,1960,13.852
922,1961,14.239
922,1962,14.649
922,1963,15.077
922,1964,15.51
922,1965,15.948
922,1966,16.404
922,1967,16.881
922,1968,17.374
922,1969,17.877
922,1970,18.383
922,1971,18.898
922,1972,19.428
922,1973,19.971
922,1974,20.525
922,1975,21.086
922,1976,21.732
922,1977,22.411
922,1978,22.973
922,1979,23.538
922,1980,24.186
922,1981,24.839
922,1982,25.513
922,1983,26.238
922,1984,26.997
922,1985,27.747
922,1986,28.516
922,1987,29.316
922,1988,30.113
922,1989,30.927
922,1990,31.566
922,1991,32.239
922,1992,33.089
922,1993,33.938
922,1994,34.777
922,1995,35.561
922,1996,36.348
922,1997,37.133
922,1998,37.916
922,1999,38.707
922,2000,39.51
922,2001,40.32
922,2002,41.138
922,2003,41.96
922,2004,42.806
922,2005,43.771
922,2006,44.891
922,2007,46.104
922,2008,47.364
922,2009,48.622
922,2010,49.785
922,2011,50.875
922,2012,51.967
922,2013,53.081
922,2014,54.191
922,2015,55.245
922,2016,56.257
922,2017,57.188
922,2018,58.115
922,2019,59.079
922,2020,59.811
922,2021,60.457
922,2022,61.289
922,2023,62.189
922,2024,63.091
922,2025,63.987
922,2026,64.871
922,2027,65.747
922,2028,66.615
922,2029,67.476
922,2030,68.33
922,2031,69.177
922,2032,70.018
922,2033,70.855
922,2034,71.686
922,2035,72.512
922,2036,73.33
922,2037,74.14
922,2038,74.94
922,2039,75.731
922,2040,76.511
922,2041,77.28
922,2042,78.037
922,2043,78.78
922,2044,79.51
922,2045,80.225
922,2046,80.925
922,2047,81.609
922,2048,82.275
922,2049,82.924
922,2050,83.558
922,2051,84.172
922,2052,84.768
922,2053,85.347
922,2054,85.908
922,2055,86.449
922,2056,86.973
922,2057,87.48
922,2058,87.97
922,2059,88.443
922,2060,88.897
922,2061,89.334
922,2062,89.754
922,2063,90.158
922,2064,90.544
922,2065,90.914
922,2066,91.27
922,2067,91.612
922,2068,91.939
922,2069,92.251
922,2070,92.55
922,2071,92.837
922,2072,93.112
922,2073,93.375
922,2074,93.626
922,2075,93.866
922,2076,94.095
922,2077,94.311
922,2078,94.514
922,2079,94.707
922,2080,94.89
922,2081,95.064
922,2082,95.229
922,2083,95.385
922,2084,95.53
922,2085,95.667
922,2086,95.793
922,2087,95.91
922,2088,96.017
922,2089,96.113
922,2090,96.202
922,2091,96.28
922,2092,96.347
922,2093,96.404
922,2094,96.45
922,2095,96.487
922,2096,96.514
922,2097,96.531
922,2098,96.538
922,2099,96.535
922,2100,96.523
923,1950,12.199
923,1951,12.368
923,1952,12.543
923,1953,12.724
923,1954,12.91
923,1955,13.1
923,1956,13.291
923,1957,13.482
923,1958,13.675
923,1959,13.862
923,1960,14.044
923,1961,14.224
923,1962,14.386
923,1963,14.531
923,1964,14.666
923,1965,14.786
923,1966,14.895
923,1967,15.0
923,1968,15.1
923,1969,15.195
923,1970,15.282
923,1971,15.374
923,1972,15.478
923,1973,15.582
923,1974,15.692
923,1975,15.807
923,1976,15.924
923,1977,16.035
923,1978,16.139
923,1979,16.236
923,1980,16.326
923,1981,16.411
923,1982,16.498
923,1983,16.593
923,1984,16.688
923,1985,16.777
923,1986,16.872
923,1987,16.97
923,1988,17.058
923,1989,17.126
923,1990,17.179
923,1991,17.215
923,1992,17.238
923,1993,17.244
923,1994,17.219
923,1995,17.169
923,1996,17.111
923,1997,17.053
923,1998,16.995
923,1999,16.933
923,2000,16.872
923,2001,16.803
923,2002,16.723
923,2003,16.645
923,2004,16.571
923,2005,16.5
923,2006,16.436
923,2007,16.39
923,2008,16.36
923,2009,16.342
923,2010,16.325
923,2011,16.309
923,2012,16.304
923,2013,16.303
923,2014,16.298
923,2015,16.297
923,2016,16.299
923,2017,16.296
923,2018,16.283
923,2019,16.262
923,2020,16.221
923,2021,16.146
923,2022,16.044
923,2023,15.964
923,2024,15.917
923,2025,15.873
923,2026,15.826
923,2027,15.775
923,2028,15.723
923,2029,15.669
923,2030,15.612
923,2031,15.554
923,2032,15.495
923,2033,15.435
923,2034,15.374
923,2035,15.313
923,2036,15.251
923,2037,15.19
923,2038,15.128
923,2039,15.066
923,2040,15.004
923,2041,14.943
923,2042,14.881
923,2043,14.82
923,2044,14.759
923,2045,14.697
923,2046,14.635
923,2047,14.573
923,2048,14.509
923,2049,14.444
923,2050,14.379
923,2051,14.312
923,2052,14.243
923,2053,14.173
923,2054,14.102
923,2055,14.03
923,2056,13.957
923,2057,13.882
923,2058,13.807
923,2059,13.73
923,2060,13.653
923,2061,13.575
923,2062,13.497
923,2063,13.418
923,2064,13.34
923,2065,13.261
923,2066,13.182
923,2067,13.104
923,2068,13.027
923,2069,12.951
923,2070,12.875
923,2071,12.8
923,2072,12.726
923,2073,12.654
923,2074,12.583
923,2075,12.514
923,2076,12.446
923,2077,12.379
923,2078,12.315
923,2079,12.252
923,2080,12.19
923,2081,12.131
923,2082,12.073
923,2083,12.016
923,2084,11.962
923,2085,11.909
923,2086,11.857
923,2087,11.807
923,2088,11.758
923,2089,11.71
923,2090,11.663
923,2091,11.617
923,2092,11.572
923,2093,11.527
923,2094,11.483
923,2095,11.439
923,2096,11.394
923,2097,11.35
923,2098,11.306
923,2099,11.262
923,2100,11.218
924,1950,47.281
924,1951,47.549
924,1952,47.818
924,1953,48.099
924,1954,48.375
924,1955,48.641
924,1956,48.91
924,1957,49.195
924,1958,49.488
924,1959,49.781
924,1960,50.091
924,1961,50.419
924,1962,50.756
924,1963,51.098
924,1964,51.462
924,1965,51.832
924,1966,52.18
924,1967,52.524
924,1968,52.844
924,1969,53.114
924,1970,53.359
924,1971,53.626
924,1972,53.887
924,1973,54.098
924,1974,54.276
924,1975,54.425
924,1976,54.537
924,1977,54.633
924,1978,54.735
924,1979,54.846
924,1980,54.973
924,1981,55.103
924,1982,55.223
924,1983,55.341
924,1984,55.463
924,1985,55.582
924,1986,55.704
924,1987,55.84
924,1988,55.983
924,1989,56.12
924,1990,56.268
924,1991,56.434
924,1992,56.589
924,1993,56.712
924,1994,56.823
924,1995,56.934
924,1996,57.048
924,1997,57.18
924,1998,57.325
924,1999,57.478
924,2000,57.648
924,2001,57.835
924,2002,58.038
924,2003,58.263
924,2004,58.533
924,2005,58.847
924,2006,59.205
924,2007,59.608
924,2008,60.021
924,2009,60.426
924,2010,60.831
924,2011,61.246
924,2012,61.664
924,2013,62.07
924,2014,62.47
924,2015,62.866
924,2016,63.254
924,2017,63.631
924,2018,63.983
924,2019,64.321
924,2020,64.604
924,2021,64.828
924,2022,65.043
924,2023,65.255
924,2024,65.467
924,2025,65.674
924,2026,65.876
924,2027,66.072
924,2028,66.262
924,2029,66.445
924,2030,66.62
924,2031,66.788
924,2032,66.949
924,2033,67.105
924,2034,67.254
924,2035,67.399
924,2036,67.539
924,2037,67.675
924,2038,67.808
924,2039,67.938
924,2040,68.066
924,2041,68.191
924,2042,68.312
924,2043,68.43
924,2044,68.542
924,2045,68.649
924,2046,68.749
924,2047,68.841
924,2048,68.925
924,2049,68.999
924,2050,69.063
924,2051,69.119
924,2052,69.166
924,2053,69.202
924,2054,69.231
924,2055,69.252
924,2056,69.266
924,2057,69.275
924,2058,69.28
924,2059,69.281
924,2060,69.28
924,2061,69.279
924,2062,69.278
924,2063,69.279
924,2064,69.283
924,2065,69.29
924,2066,69.297
924,2067,69.305
924,2068,69.316
924,2069,69.33
924,2070,69.345
924,2071,69.359
924,2072,69.375
924,2073,69.389
924,2074,69.403
924,2075,69.413
924,2076,69.419
924,2077,69.421
924,2078,69.419
924,2079,69.413
924,2080,69.402
924,2081,69.386
924,2082,69.365
924,2083,69.341
924,2084,69.314
924,2085,69.285
924,2086,69.252
924,2087,69.219
924,2088,69.185
924,2089,69.151
924,2090,69.119
924,2091,69.087
924,2092,69.056
924,2093,69.027
924,2094,68.999
924,2095,68.972
924,2096,68.946
924,2097,68.919
924,2098,68.893
924,2099,68.867
924,2100,68.84
925,1950,83.328
925,1951,84.026
925,1952,84.703
925,1953,85.516
925,1954,86.337
925,1955,87.057
925,1956,87.747
925,1957,88.421
925,1958,89.129
925,1959,89.862
925,1960,90.554
925,1961,91.258
925,1962,92.022
925,1963,92.795
925,1964,93.614
925,1965,94.44
925,1966,95.231
925,1967,96.001
925,1968,96.721
925,1969,97.392
925,1970,98.02
925,1971,98.748
925,1972,99.647
925,1973,100.574
925,1974,101.538
925,1975,102.493
925,1976,103.382
925,1977,104.247
925,1978,105.065
925,1979,105.828
925,1980,106.616
925,1981,107.301
925,1982,107.803
925,1983,108.234
925,1984,108.623
925,1985,108.985
925,1986,109.299
925,1987,109.583
925,1988,109.848
925,1989,110.086
925,1990,110.28
925,1991,110.448
925,1992,110.493
925,1993,110.529
925,1994,110.687
925,1995,110.937
925,1996,111.292
925,1997,111.637
925,1998,111.782
925,1999,111.812
925,2000,111.967
925,2001,112.214
925,2002,112.727
925,2003,113.536
925,2004,114.376
925,2005,115.12
925,2006,115.79
925,2007,116.601
925,2008,117.394
925,2009,117.861
925,2010,118.108
925,2011,118.262
925,2012,118.268
925,2013,118.086
925,2014,117.821
925,2015,117.572
925,2016,117.38
925,2017,117.238
925,2018,117.161
925,2019,117.177
925,2020,117.042
925,2021,116.755
925,2022,116.471
925,2023,116.162
925,2024,115.873
925,2025,115.586
925,2026,115.287
925,2027,114.976
925,2028,114.654
925,2029,114.32
925,2030,113.976
925,2031,113.623
925,2032,113.262
925,2033,112.89
925,2034,112.508
925,2035,112.114
925,2036,111.708
925,2037,111.289
925,2038,110.859
925,2039,110.416
925,2040,109.959
925,2041,109.486
925,2042,108.995
925,2043,108.488
925,2044,107.963
925,2045,107.42
925,2046,106.857
925,2047,106.274
925,2048,105.669
925,2049,105.041
925,2050,104.39
925,2051,103.718
925,2052,103.023
925,2053,102.308
925,2054,101.573
925,2055,100.819
925,2056,100.05
925,2057,99.266
925,2058,98.471
925,2059,97.668
925,2060,96.859
925,2061,96.047
925,2062,95.233
925,2063,94.42
925,2064,93.611
925,2065,92.807
925,2066,92.01
925,2067,91.223
925,2068,90.447
925,2069,89.683
925,2070,88.934
925,2071,88.202
925,2072,87.487
925,2073,86.788
925,2074,86.107
925,2075,85.445
925,2076,84.802
925,2077,84.175
925,2078,83.565
925,2079,82.97
925,2080,82.39
925,2081,81.822
925,2082,81.265
925,2083,80.718
925,2084,80.18
925,2085,79.649
925,2086,79.123
925,2087,78.603
925,2088,78.086
925,2089,77.574
925,2090,77.065
925,2091,76.56
925,2092,76.057
925,2093,75.556
925,2094,75.059
925,2095,74.564
925,2096,74.071
925,2097,73.581
925,2098,73.094
925,2099,72.61
925,2100,72.13
926,1950,131.732
926,1951,132.129
926,1952,132.654
926,1953,133.264
926,1954,133.941
926,1955,134.7
926,1956,135.5
926,1957,136.371
926,1958,137.356
926,1959,138.456
926,1960,139.606
926,1961,140.879
926,1962,142.244
926,1963,143.595
926,1964,144.987
926,1965,146.345
926,1966,147.647
926,1967,148.917
926,1968,150.061
926,1969,151.064
926,1970,151.968
926,1971,152.812
926,1972,153.582
926,1973,154.198
926,1974,154.644
926,1975,154.899
926,1976,155.033
926,1977,155.207
926,1978,155.396
926,1979,155.584
926,1980,155.848
926,1981,156.176
926,1982,156.511
926,1983,156.812
926,1984,157.141
926,1985,157.551
926,1986,158.059
926,1987,158.704
926,1988,159.461
926,1989,160.285
926,1990,161.151
926,1991,162.033
926,1992,162.881
926,1993,163.633
926,1994,164.276
926,1995,164.845
926,1996,165.349
926,1997,165.814
926,1998,166.265
926,1999,166.711
926,2000,167.171
926,2001,167.645
926,2002,168.109
926,2003,168.547
926,2004,169.034
926,2005,169.571
926,2006,170.121
926,2007,170.722
926,2008,171.364
926,2009,172.001
926,2010,172.635
926,2011,173.297
926,2012,173.952
926,2013,174.603
926,2014,175.312
926,2015,176.045
926,2016,176.77
926,2017,177.46
926,2018,178.072
926,2019,178.646
926,2020,179.092
926,2021,179.389
926,2022,179.608
926,2023,179.811
926,2024,180.037
926,2025,180.243
926,2026,180.431
926,2027,180.595
926,2028,180.74
926,2029,180.864
926,2030,180.963
926,2031,181.043
926,2032,181.104
926,2033,181.143
926,2034,181.157
926,2035,181.145
926,2036,181.109
926,2037,181.052
926,2038,180.975
926,2039,180.877
926,2040,180.757
926,2041,180.614
926,2042,180.451
926,2043,180.266
926,2044,180.059
926,2045,179.83
926,2046,179.58
926,2047,179.31
926,2048,179.021
926,2049,178.711
926,2050,178.384
926,2051,178.039
926,2052,177.679
926,2053,177.305
926,2054,176.921
926,2055,176.528
926,2056,176.128
926,2057,175.725
926,2058,175.323
926,2059,174.922
926,2060,174.525
926,2061,174.138
926,2062,173.76
926,2063,173.395
926,2064,173.043
926,2065,172.704
926,2066,172.378
926,2067,172.062
926,2068,171.754
926,2069,171.456
926,2070,171.165
926,2071,170.875
926,2072,170.586
926,2073,170.297
926,2074,170.008
926,2075,169.716
926,2076,169.42
926,2077,169.119
926,2078,168.813
926,2079,168.504
926,2080,168.192
926,2081,167.876
926,2082,167.558
926,2083,167.241
926,2084,166.924
926,2085,166.609
926,2086,166.3
926,2087,165.996
926,2088,165.699
926,2089,165.409
926,2090,165.127
926,2091,164.853
926,2092,164.586
926,2093,164.33
926,2094,164.083
926,2095,163.843
926,2096,163.611
926,2097,163.384
926,2098,163.164
926,2099,162.95
926,2100,162.738
915,1950,77.501
915,1951,79.1
915,1952,80.704
915,1953,82.323
915,1954,83.97
915,1955,85.645
915,1956,87.347
915,1957,89.08
915,1958,90.854
915,1959,92.675
915,1960,94.593
915,1961,96.6
915,1962,98.633
915,1963,100.681
915,1964,102.752
915,1965,104.832
915,1966,106.902
915,1967,108.969
915,1968,111.015
915,1969,113.048
915,1970,115.114
915,1971,117.221
915,1972,119.304
915,1973,121.333
915,1974,123.317
915,1975,125.26
915,1976,127.157
915,1977,129.004
915,1978,130.804
915,1979,132.565
915,1980,134.291
915,1981,136.047
915,1982,137.931
915,1983,139.913
915,1984,141.921
915,1985,143.935
915,1986,145.952
915,1987,147.981
915,1988,150.048
915,1989,152.155
915,1990,154.294
915,1991,156.413
915,1992,158.468
915,1993,160.456
915,1994,162.373
915,1995,164.24
915,1996,166.067
915,1997,167.854
915,1998,169.604
915,1999,171.316
915,2000,172.96
915,2001,174.514
915,2002,176.017
915,2003,177.484
915,2004,178.896
915,2005,180.267
915,2006,181.645
915,2007,183.017
915,2008,184.374
915,2009,185.754
915,2010,186.937
915,2011,188.092
915,2012,189.422
915,2013,190.703
915,2014,191.902
915,2015,193.033
915,2016,194.094
915,2017,195.084
915,2018,196.26
915,2019,197.427
915,2020,198.485
915,2021,199.477
915,2022,200.426
915,2023,201.52
915,2024,202.609
915,2025,203.661
915,2026,204.666
915,2027,205.625
915,2028,206.536
915,2029,207.394
915,2030,208.194
915,2031,208.937
915,2032,209.626
915,2033,210.27
915,2034,210.879
915,2035,211.457
915,2036,212.004
915,2037,212.516
915,2038,212.992
915,2039,213.43
915,2040,213.828
915,2041,214.185
915,2042,214.501
915,2043,214.781
915,2044,215.024
915,2045,215.228
915,2046,215.39
915,2047,215.507
915,2048,215.579
915,2049,215.606
915,2050,215.584
915,2051,215.517
915,2052,215.408
915,2053,215.255
915,2054,215.065
915,2055,214.838
915,2056,214.57
915,2057,214.266
915,2058,213.928
915,2059,213.556
915,2060,213.152
915,2061,212.717
915,2062,212.252
915,2063,211.755
915,2064,211.233
915,2065,210.691
915,2066,210.126
915,2067,209.54
915,2068,208.934
915,2069,208.308
915,2070,207.661
915,2071,206.994
915,2072,206.31
915,2073,205.604
915,2074,204.877
915,2075,204.13
915,2076,203.36
915,2077,202.568
915,2078,201.756
915,2079,200.924
915,2080,200.076
915,2081,199.208
915,2082,198.32
915,2083,197.413
915,2084,196.489
915,2085,195.549
915,2086,194.594
915,2087,193.628
915,2088,192.649
915,2089,191.66
915,2090,190.662
915,2091,189.654
915,2092,188.637
915,2093,187.611
915,2094,186.578
915,2095,185.537
915,2096,184.486
915,2097,183.426
915,2098,182.36
915,2099,181.291
915,2100,180.223
916,1950,15.276
916,1951,15.683
916,1952,16.096
916,1953,16.525
916,1954,16.972
916,1955,17.439
916,1956,17.928
916,1957,18.438
916,1958,18.963
916,1959,19.518
916,1960,20.116
916,1961,20.756
916,1962,21.428
916,1963,22.126
916,1964,22.85
916,1965,23.601
916,1966,24.372
916,1967,25.16
916,1968,25.966
916,1969,26.787
916,1970,27.624
916,1971,28.477
916,1972,29.347
916,1973,30.238
916,1974,31.146
916,1975,32.069
916,1976,32.997
916,1977,33.949
916,1978,34.931
916,1979,35.909
916,1980,36.842
916,1981,37.684
916,1982,38.485
916,1983,39.309
916,1984,40.141
916,1985,40.966
916,1986,41.781
916,1987,42.591
916,1988,43.414
916,1989,44.244
916,1990,45.137
916,1991,46.091
916,1992,47.051
916,1993,48.017
916,1994,48.986
916,1995,49.951
916,1996,50.898
916,1997,51.837
916,1998,52.768
916,1999,53.691
916,2000,54.601
916,2001,55.5
916,2002,56.398
916,2003,57.286
916,2004,58.173
916,2005,59.05
916,2006,59.906
916,2007,60.758
916,2008,61.602
916,2009,62.438
916,2010,63.323
916,2011,64.264
916,2012,65.202
916,2013,66.111
916,2014,66.989
916,2015,67.836
916,2016,68.673
916,2017,69.487
916,2018,70.232
916,2019,70.925
916,2020,71.551
916,2021,72.086
916,2022,72.653
916,2023,73.296
916,2024,73.942
916,2025,74.582
916,2026,75.212
916,2027,75.827
916,2028,76.429
916,2029,77.02
916,2030,77.6
916,2031,78.167
916,2032,78.722
916,2033,79.261
916,2034,79.785
916,2035,80.291
916,2036,80.779
916,2037,81.248
916,2038,81.697
916,2039,82.124
916,2040,82.529
916,2041,82.912
916,2042,83.273
916,2043,83.611
916,2044,83.925
916,2045,84.218
916,2046,84.488
916,2047,84.737
916,2048,84.962
916,2049,85.163
916,2050,85.345
916,2051,85.507
916,2052,85.648
916,2053,85.769
916,2054,85.871
916,2055,85.952
916,2056,86.014
916,2057,86.056
916,2058,86.08
916,2059,86.086
916,2060,86.076
916,2061,86.047
916,2062,86.001
916,2063,85.938
916,2064,85.858
916,2065,85.762
916,2066,85.646
916,2067,85.512
916,2068,85.364
916,2069,85.2
916,2070,85.021
916,2071,84.825
916,2072,84.614
916,2073,84.385
916,2074,84.14
916,2075,83.878
916,2076,83.6
916,2077,83.309
916,2078,83.003
916,2079,82.683
916,2080,82.351
916,2081,82.005
916,2082,81.645
916,2083,81.273
916,2084,80.891
916,2085,80.497
916,2086,80.093
916,2087,79.68
916,2088,79.258
916,2089,78.828
916,2090,78.391
916,2091,77.948
916,2092,77.496
916,2093,77.039
916,2094,76.576
916,2095,76.108
916,2096,75.636
916,2097,75.161
916,2098,74.683
916,2099,74.202
916,2100,73.72
931,1950,6.458
931,1951,6.633
931,1952,6.815
931,1953,7.002
931,1954,7.195
931,1955,7.394
931,1956,7.6
931,1957,7.813
931,1958,8.031
931,1959,8.257
931,1960,8.488
931,1961,8.725
931,1962,8.965
931,1963,9.211
931,1964,9.459
931,1965,9.71
931,1966,9.962
931,1967,10.215
931,1968,10.467
931,1969,10.721
931,1970,10.976
931,1971,11.232
931,1972,11.493
931,1973,11.759
931,1974,12.028
931,1975,12.301
931,1976,12.578
931,1977,12.861
931,1978,13.153
931,1979,13.45
931,1980,13.754
931,1981,14.062
931,1982,14.373
931,1983,14.687
931,1984,15.004
931,1985,15.32
931,1986,15.636
931,1987,15.953
931,1988,16.27
931,1989,16.587
931,1990,16.903
931,1991,17.213
931,1992,17.518
931,1993,17.822
931,1994,18.125
931,1995,18.427
931,1996,18.726
931,1997,19.023
931,1998,19.317
931,1999,19.606
931,2000,19.889
931,2001,20.164
931,2002,20.431
931,2003,20.689
931,2004,20.94
931,2005,21.189
931,2006,21.433
931,2007,21.671
931,2008,21.902
931,2009,22.13
931,2010,22.36
931,2011,22.591
931,2012,22.82
931,2013,23.046
931,2014,23.273
931,2015,23.501
931,2016,23.726
931,2017,23.947
931,2018,24.161
931,2019,24.364
931,2020,24.547
931,2021,24.702
931,2022,24.848
931,2023,25.013
931,2024,25.192
931,2025,25.367
931,2026,25.539
931,2027,25.707
931,2028,25.87
931,2029,26.027
931,2030,26.179
931,2031,26.325
931,2032,26.465
931,2033,26.599
931,2034,26.727
931,2035,26.849
931,2036,26.965
931,2037,27.074
931,2038,27.178
931,2039,27.274
931,2040,27.365
931,2041,27.449
931,2042,27.526
931,2043,27.597
931,2044,27.662
931,2045,27.721
931,2046,27.775
931,2047,27.823
931,2048,27.866
931,2049,27.903
931,2050,27.934
931,2051,27.96
931,2052,27.98
931,2053,27.994
931,2054,28.004
931,2055,28.008
931,2056,28.007
931,2057,28.001
931,2058,27.989
931,2059,27.973
931,2060,27.952
931,2061,27.926
931,2062,27.895
931,2063,27.859
931,2064,27.819
931,2065,27.773
931,2066,27.722
931,2067,27.667
931,2068,27.606
931,2069,27.541
931,2070,27.472
931,2071,27.398
931,2072,27.32
931,2073,27.238
931,2074,27.151
931,2075,27.061
931,2076,26.968
931,2077,26.872
931,2078,26.773
931,2079,26.671
931,2080,26.566
931,2081,26.459
931,2082,26.35
931,2083,26.239
931,2084,26.127
931,2085,26.013
931,2086,25.898
931,2087,25.782
931,2088,25.664
931,2089,25.546
931,2090,25.427
931,2091,25.308
931,2092,25.187
931,2093,25.067
931,2094,24.946
931,2095,24.825
931,2096,24.704
931,2097,24.583
931,2098,24.463
931,2099,24.342
931,2100,24.221
927,1950,1.269
927,1951,1.305
927,1952,1.338
927,1953,1.368
927,1954,1.397
927,1955,1.428
927,1956,1.462
927,1957,1.495
927,1958,1.528
927,1959,1.56
927,1960,1.594
927,1961,1.628
927,1962,1.661
927,1963,1.693
927,1964,1.727
927,1965,1.761
927,1966,1.796
927,1967,1.829
927,1968,1.86
927,1969,1.894
927,1970,1.94
927,1971,1.996
927,1972,2.041
927,1973,2.075
927,1974,2.108
927,1975,2.137
927,1976,2.16
927,1977,2.181
927,1978,2.202
927,1979,2.223
927,1980,2.247
927,1981,2.276
927,1982,2.31
927,1983,2.341
927,1984,2.369
927,1985,2.398
927,1986,2.428
927,1987,2.461
927,1988,2.497
927,1989,2.533
927,1990,2.573
927,1991,2.611
927,1992,2.642
927,1993,2.668
927,1994,2.696
927,1995,2.728
927,1996,2.761
927,1997,2.792
927,1998,2.82
927,1999,2.848
927,2000,2.878
927,2001,2.911
927,2002,2.948
927,2003,2.985
927,2004,3.021
927,2005,3.058
927,2006,3.101
927,2007,3.152
927,2008,3.21
927,2009,3.267
927,2010,3.318
927,2011,3.364
927,2012,3.415
927,2013,3.468
927,2014,3.521
927,2015,3.575
927,2016,3.632
927,2017,3.691
927,2018,3.752
927,2019,3.815
927,2020,3.867
927,2021,3.907
927,2022,3.946
927,2023,3.985
927,2024,4.023
927,2025,4.06
927,2026,4.098
927,2027,4.134
927,2028,4.17
927,2029,4.206
927,2030,4.24
927,2031,4.274
927,2032,4.307
927,2033,4.339
927,2034,4.37
927,2035,4.401
927,2036,4.431
927,2037,4.461
927,2038,4.49
927,2039,4.518
927,2040,4.546
927,2041,4.573
927,2042,4.6
927,2043,4.627
927,2044,4.653
927,2045,4.679
927,2046,4.704
927,2047,4.729
927,2048,4.753
927,2049,4.776
927,2050,4.799
927,2051,4.822
927,2052,4.844
927,2053,4.866
927,2054,4.887
927,2055,4.908
927,2056,4.929
927,2057,4.949
927,2058,4.97
927,2059,4.989
927,2060,5.009
927,2061,5.028
927,2062,5.047
927,2063,5.066
927,2064,5.084
927,2065,5.102
927,2066,5.12
927,2067,5.138
927,2068,5.155
927,2069,5.172
927,2070,5.189
927,2071,5.205
927,2072,5.221
927,2073,5.237
927,2074,5.252
927,2075,5.267
927,2076,5.282
927,2077,5.295
927,2078,5.309
927,2079,5.322
927,2080,5.335
927,2081,5.347
927,2082,5.359
927,2083,5.37
927,2084,5.381
927,2085,5.392
927,2086,5.403
927,2087,5.413
927,2088,5.424
927,2089,5.434
927,2090,5.445
927,2091,5.455
927,2092,5.466
927,2093,5.477
927,2094,5.488
927,2095,5.499
927,2096,5.51
927,2097,5.522
927,2098,5.533
927,2099,5.545
927,2100,5.557
928,1950,3.906
928,1951,3.981
928,1952,4.065
928,1953,4.162
928,1954,4.267
928,1955,4.379
928,1956,4.499
928,1957,4.625
928,1958,4.756
928,1959,4.89
928,1960,5.028
928,1961,5.161
928,1962,5.29
928,1963,5.42
928,1964,5.549
928,1965,5.679
928,1966,5.814
928,1967,5.951
928,1968,6.09
928,1969,6.236
928,1970,6.387
928,1971,6.543
928,1972,6.701
928,1973,6.859
928,1974,7.017
928,1975,7.177
928,1976,7.339
928,1977,7.504
928,1978,7.671
928,1979,7.841
928,1980,8.012
928,1981,8.188
928,1982,8.368
928,1983,8.554
928,1984,8.747
928,1985,8.946
928,1986,9.147
928,1987,9.346
928,1988,9.544
928,1989,9.751
928,1990,9.988
928,1991,10.268
928,1992,10.581
928,1993,10.913
928,1994,11.254
928,1995,11.603
928,1996,11.967
928,1997,12.348
928,1998,12.739
928,1999,13.138
928,2000,13.545
928,2001,13.958
928,2002,14.378
928,2003,14.805
928,2004,15.239
928,2005,15.679
928,2006,16.126
928,2007,16.58
928,2008,17.04
928,2009,17.505
928,2010,17.978
928,2011,18.451
928,2012,18.918
928,2013,19.384
928,2014,19.849
928,2015,20.308
928,2016,20.763
928,2017,21.214
928,2018,21.662
928,2019,22.107
928,2020,22.548
928,2021,22.981
928,2022,23.404
928,2023,23.82
928,2024,24.234
928,2025,24.648
928,2026,25.062
928,2027,25.473
928,2028,25.884
928,2029,26.292
928,2030,26.7
928,2031,27.106
928,2032,27.512
928,2033,27.916
928,2034,28.316
928,2035,28.715
928,2036,29.111
928,2037,29.504
928,2038,29.895
928,2039,30.282
928,2040,30.665
928,2041,31.045
928,2042,31.42
928,2043,31.79
928,2044,32.155
928,2045,32.514
928,2046,32.871
928,2047,33.222
928,2048,33.568
928,2049,33.908
928,2050,34.242
928,2051,34.57
928,2052,34.892
928,2053,35.208
928,2054,35.519
928,2055,35.822
928,2056,36.118
928,2057,36.409
928,2058,36.695
928,2059,36.974
928,2060,37.246
928,2061,37.511
928,2062,37.769
928,2063,38.021
928,2064,38.268
928,2065,38.511
928,2066,38.747
928,2067,38.977
928,2068,39.202
928,2069,39.422
928,2070,39.637
928,2071,39.847
928,2072,40.051
928,2073,40.247
928,2074,40.437
928,2075,40.621
928,2076,40.798
928,2077,40.967
928,2078,41.13
928,2079,41.287
928,2080,41.439
928,2081,41.587
928,2082,41.728
928,2083,41.864
928,2084,41.994
928,2085,42.118
928,2086,42.236
928,2087,42.348
928,2088,42.454
928,2089,42.554
928,2090,42.649
928,2091,42.74
928,2092,42.828
928,2093,42.91
928,2094,42.987
928,2095,43.058
928,2096,43.124
928,2097,43.184
928,2098,43.24
928,2099,43.291
928,2100,43.337
954,1950,52.418
954,1951,53.417
954,1952,54.465
954,1953,55.566
954,1954,56.704
954,1955,57.903
954,1956,59.169
954,1957,60.487
954,1958,61.89
954,1959,63.401
954,1960,65.032
954,1961,66.774
954,1962,68.599
954,1963,70.466
954,1964,72.365
954,1965,74.321
954,1966,76.153
954,1967,77.789
954,1968,79.415
954,1969,81.172
954,1970,83.29
954,1971,85.665
954,1972,88.054
954,1973,90.381
954,1974,92.306
954,1975,93.838
954,1976,95.3
954,1977,96.767
954,1978,98.305
954,1979,100.181
954,1980,102.751
954,1981,105.975
954,1982,109.447
954,1983,113.072
954,1984,116.849
954,1985,120.723
954,1986,124.715
954,1987,128.782
954,1988,132.771
954,1989,136.544
954,1990,139.731
954,1991,142.243
954,1992,144.696
954,1993,147.264
954,1994,149.68
954,1995,152.025
954,1996,155.272
954,1997,159.405
954,1998,163.573
954,1999,167.657
954,2000,170.359
954,2001,171.234
954,2002,171.47
954,2003,171.476
954,2004,171.285
954,2005,170.897
954,2006,170.311
954,2007,169.589
954,2008,168.803
954,2009,168.013
954,2010,167.565
954,2011,167.776
954,2012,168.35
954,2013,168.926
954,2014,169.443
954,2015,169.925
954,2016,170.395
954,2017,170.828
954,2018,171.19
954,2019,171.491
954,2020,172.208
954,2021,173.348
954,2022,174.777
954,2023,176.498
954,2024,178.195
954,2025,179.874
954,2026,181.524
954,2027,183.146
954,2028,184.748
954,2029,186.321
954,2030,187.859
954,2031,189.365
954,2032,190.838
954,2033,192.276
954,2034,193.679
954,2035,195.056
954,2036,196.399
954,2037,197.704
954,2038,198.981
954,2039,200.228
954,2040,201.444
954,2041,202.627
954,2042,203.773
954,2043,204.884
954,2044,205.959
954,2045,206.997
954,2046,207.989
954,2047,208.936
954,2048,209.843
954,2049,210.706
954,2050,211.526
954,2051,212.305
954,2052,213.041
954,2053,213.738
954,2054,214.407
954,2055,215.043
954,2056,215.643
954,2057,216.209
954,2058,216.749
954,2059,217.263
954,2060,217.752
954,2061,218.227
954,2062,218.687
954,2063,219.121
954,2064,219.536
954,2065,219.93
954,2066,220.31
954,2067,220.667
954,2068,220.998
954,2069,221.301
954,2070,221.577
954,2071,221.83
954,2072,222.058
954,2073,222.256
954,2074,222.419
954,2075,222.552
954,2076,222.653
954,2077,222.716
954,2078,222.736
954,2079,222.711
954,2080,222.638
954,2081,222.527
954,2082,222.373
954,2083,222.171
954,2084,221.924
954,2085,221.637
954,2086,221.311
954,2087,220.937
954,2088,220.517
954,2089,220.058
954,2090,219.558
954,2091,219.02
954,2092,218.443
954,2093,217.832
954,2094,217.188
954,2095,216.513
954,2096,215.817
954,2097,215.088
954,2098,214.33
954,2099,213.544
954,2100,212.729
957,1950,31.74
957,1951,32.538
957,1952,33.328
957,1953,34.136
957,1954,34.94
957,1955,35.745
957,1956,36.602
957,1957,37.481
957,1958,38.371
957,1959,39.305
957,1960,40.292
957,1961,41.325
957,1962,42.394
957,1963,43.533
957,1964,44.736
957,1965,45.98
957,1966,47.231
957,1967,48.423
957,1968,49.559
957,1969,50.686
957,1970,51.8
957,1971,52.892
957,1972,53.923
957,1973,54.894
957,1974,55.934
957,1975,57.048
957,1976,58.172
957,1977,59.236
957,1978,60.216
957,1979,61.171
957,1980,62.151
957,1981,63.179
957,1982,64.15
957,1983,64.924
957,1984,65.578
957,1985,66.267
957,1986,67.016
957,1987,67.92
957,1988,68.943
957,1989,69.926
957,1990,70.816
957,1991,71.658
957,1992,72.525
957,1993,73.426
957,1994,74.333
957,1995,75.217
957,1996,76.09
957,1997,76.97
957,1998,77.833
957,1999,78.69
957,2000,79.513
957,2001,80.235
957,2002,80.909
957,2003,81.563
957,2004,82.156
957,2005,82.708
957,2006,83.27
957,2007,83.826
957,2008,84.307
957,2009,84.71
957,2010,85.107
957,2011,85.521
957,2012,85.841
957,2013,86.09
957,2014,86.356
957,2015,86.615
957,2016,86.874
957,2017,87.183
957,2018,87.537
957,2019,87.913
957,2020,88.468
957,2021,89.171
957,2022,89.919
957,2023,90.729
957,2024,91.526
957,2025,92.309
957,2026,93.084
957,2027,93.848
957,2028,94.602
957,2029,95.35
957,2030,96.091
957,2031,96.828
957,2032,97.562
957,2033,98.291
957,2034,99.016
957,2035,99.733
957,2036,100.447
957,2037,101.158
957,2038,101.861
957,2039,102.554
957,2040,103.238
957,2041,103.908
957,2042,104.562
957,2043,105.202
957,2044,105.83
957,2045,106.442
957,2046,107.033
957,2047,107.607
957,2048,108.158
957,2049,108.681
957,2050,109.184
957,2051,109.664
957,2052,110.119
957,2053,110.552
957,2054,110.967
957,2055,111.362
957,2056,111.74
957,2057,112.101
957,2058,112.447
957,2059,112.781
957,2060,113.102
957,2061,113.415
957,2062,113.717
957,2063,114.002
957,2064,114.275
957,2065,114.537
957,2066,114.787
957,2067,115.027
957,2068,115.253
957,2069,115.463
957,2070,115.662
957,2071,115.847
957,2072,116.014
957,2073,116.165
957,2074,116.299
957,2075,116.418
957,2076,116.515
957,2077,116.591
957,2078,116.649
957,2079,116.683
957,2080,116.697
957,2081,116.692
957,2082,116.667
957,2083,116.628
957,2084,116.571
957,2085,116.495
957,2086,116.401
957,2087,116.288
957,2088,116.156
957,2089,116.007
957,2090,115.841
957,2091,115.662
957,2092,115.468
957,2093,115.256
957,2094,115.03
957,2095,114.787
957,2096,114.523
957,2097,114.239
957,2098,113.939
957,2099,113.621
957,2100,113.283
