subregion,time,mac
910,1950.0,29.596
910,1951.0,29.595
910,1952.0,29.594
910,1953.0,29.593
910,1954.0,29.593
910,1955.0,29.593
910,1956.0,29.589
910,1957.0,29.585
910,1958.0,29.581
910,1959.0,29.573
910,1960.0,29.566
910,1961.0,29.556
910,1962.0,29.555
910,1963.0,29.554
910,1964.0,29.544
910,1965.0,29.536
910,1966.0,29.537
910,1967.0,29.534
910,1968.0,29.531
910,1969.0,29.5
910,1970.0,29.495
910,1971.0,29.473
910,1972.0,29.472
910,1973.0,29.484
910,1974.0,29.481
910,1975.0,29.488
910,1976.0,29.508
910,1977.0,29.532
910,1978.0,29.575
910,1979.0,29.605
910,1980.0,29.654
910,1981.0,29.677
910,1982.0,29.677
910,1983.0,29.679
910,1984.0,29.674
910,1985.0,29.656
910,1986.0,29.668
910,1987.0,29.662
910,1988.0,29.632
910,1989.0,29.619
910,1990.0,29.554
910,1991.0,29.533
910,1992.0,29.568
910,1993.0,29.519
910,1994.0,29.481
910,1995.0,29.441
910,1996.0,29.375
910,1997.0,29.387
910,1998.0,29.386
910,1999.0,29.325
910,2000.0,29.324
910,2001.0,29.277
910,2002.0,29.266
910,2003.0,29.281
910,2004.0,29.247
910,2005.0,29.205
910,2006.0,29.196
910,2007.0,29.181
910,2008.0,29.162
910,2009.0,29.153
910,2010.0,29.091
910,2011.0,29.03
910,2012.0,29.017
910,2013.0,28.981
910,2014.0,28.922
910,2015.0,28.894
910,2016.0,28.88
910,2017.0,28.868
910,2018.0,28.851
910,2019.0,28.834
910,2020.0,28.809
910,2021.0,28.78
910,2022.0,28.754
910,2023.0,28.725
911,1950.0,29.094
911,1951.0,29.099
911,1952.0,29.106
911,1953.0,29.111
911,1954.0,29.114
911,1955.0,29.116
911,1956.0,29.119
911,1957.0,29.12
911,1958.0,29.121
911,1959.0,29.122
911,1960.0,29.122
911,1961.0,29.123
911,1962.0,29.125
911,1963.0,29.13
911,1964.0,29.145
911,1965.0,29.159
911,1966.0,29.171
911,1967.0,29.186
911,1968.0,29.202
911,1969.0,29.211
911,1970.0,29.218
911,1971.0,29.227
911,1972.0,29.247
911,1973.0,29.271
911,1974.0,29.306
911,1975.0,29.353
911,1976.0,29.377
911,1977.0,29.391
911,1978.0,29.41
911,1979.0,29.442
911,1980.0,29.473
911,1981.0,29.507
911,1982.0,29.517
911,1983.0,29.503
911,1984.0,29.518
911,1985.0,29.534
911,1986.0,29.535
911,1987.0,29.551
911,1988.0,29.588
911,1989.0,29.642
911,1990.0,29.668
911,1991.0,29.673
911,1992.0,29.691
911,1993.0,29.663
911,1994.0,29.678
911,1995.0,29.75
911,1996.0,29.69
911,1997.0,29.675
911,1998.0,29.651
911,1999.0,29.599
911,2000.0,29.569
911,2001.0,29.546
911,2002.0,29.54
911,2003.0,29.51
911,2004.0,29.498
911,2005.0,29.484
911,2006.0,29.445
911,2007.0,29.467
911,2008.0,29.452
911,2009.0,29.428
911,2010.0,29.435
911,2011.0,29.405
911,2012.0,29.385
911,2013.0,29.421
911,2014.0,29.435
911,2015.0,29.456
911,2016.0,29.454
911,2017.0,29.449
911,2018.0,29.441
911,2019.0,29.432
911,2020.0,29.422
911,2021.0,29.414
911,2022.0,29.405
911,2023.0,29.397
912,1950.0,29.063
912,1951.0,29.059
912,1952.0,29.053
912,1953.0,29.049
912,1954.0,29.046
912,1955.0,29.049
912,1956.0,29.054
912,1957.0,29.051
912,1958.0,29.06
912,1959.0,29.069
912,1960.0,29.067
912,1961.0,29.064
912,1962.0,29.068
912,1963.0,29.066
912,1964.0,29.087
912,1965.0,29.101
912,1966.0,29.074
912,1967.0,29.112
912,1968.0,29.172
912,1969.0,29.195
912,1970.0,29.237
912,1971.0,29.243
912,1972.0,29.271
912,1973.0,29.341
912,1974.0,29.385
912,1975.0,29.401
912,1976.0,29.453
912,1977.0,29.497
912,1978.0,29.507
912,1979.0,29.544
912,1980.0,29.553
912,1981.0,29.613
912,1982.0,29.668
912,1983.0,29.699
912,1984.0,29.767
912,1985.0,29.785
912,1986.0,29.799
912,1987.0,29.844
912,1988.0,29.841
912,1989.0,29.839
912,1990.0,29.853
912,1991.0,29.774
912,1992.0,29.725
912,1993.0,29.655
912,1994.0,29.599
912,1995.0,29.536
912,1996.0,29.472
912,1997.0,29.418
912,1998.0,29.382
912,1999.0,29.342
912,2000.0,29.315
912,2001.0,29.296
912,2002.0,29.279
912,2003.0,29.277
912,2004.0,29.282
912,2005.0,29.292
912,2006.0,29.273
912,2007.0,29.246
912,2008.0,29.246
912,2009.0,29.231
912,2010.0,29.259
912,2011.0,29.27
912,2012.0,29.234
912,2013.0,29.231
912,2014.0,29.256
912,2015.0,29.257
912,2016.0,29.272
912,2017.0,29.295
912,2018.0,29.322
912,2019.0,29.319
912,2020.0,29.292
912,2021.0,29.287
912,2022.0,29.271
912,2023.0,29.257
913,1950.0,30.229
913,1951.0,30.23
913,1952.0,30.216
913,1953.0,30.202
913,1954.0,30.189
913,1955.0,30.176
913,1956.0,30.166
913,1957.0,30.156
913,1958.0,30.146
913,1959.0,30.128
913,1960.0,30.118
913,1961.0,30.093
913,1962.0,30.077
913,1963.0,30.053
913,1964.0,30.029
913,1965.0,30.003
913,1966.0,29.966
913,1967.0,29.92
913,1968.0,29.863
913,1969.0,29.812
913,1970.0,29.795
913,1971.0,29.717
913,1972.0,29.635
913,1973.0,29.591
913,1974.0,29.545
913,1975.0,29.499
913,1976.0,29.408
913,1977.0,29.324
913,1978.0,29.239
913,1979.0,29.169
913,1980.0,29.104
913,1981.0,28.984
913,1982.0,28.915
913,1983.0,28.823
913,1984.0,28.735
913,1985.0,28.727
913,1986.0,28.8
913,1987.0,28.801
913,1988.0,28.753
913,1989.0,28.677
913,1990.0,28.575
913,1991.0,28.565
913,1992.0,28.538
913,1993.0,28.503
913,1994.0,28.428
913,1995.0,28.395
913,1996.0,28.311
913,1997.0,28.19
913,1998.0,28.113
913,1999.0,28.042
913,2000.0,27.999
913,2001.0,28.098
913,2002.0,28.134
913,2003.0,28.118
913,2004.0,28.237
913,2005.0,28.515
913,2006.0,28.484
913,2007.0,28.609
913,2008.0,28.579
913,2009.0,28.455
913,2010.0,28.617
913,2011.0,28.608
913,2012.0,28.536
913,2013.0,28.385
913,2014.0,28.23
913,2015.0,28.251
913,2016.0,28.372
913,2017.0,28.464
913,2018.0,28.494
913,2019.0,28.367
913,2020.0,28.387
913,2021.0,28.281
913,2022.0,28.291
913,2023.0,28.291
914,1950.0,29.415
914,1951.0,29.417
914,1952.0,29.417
914,1953.0,29.418
914,1954.0,29.414
914,1955.0,29.405
914,1956.0,29.395
914,1957.0,29.363
914,1958.0,29.323
914,1959.0,29.277
914,1960.0,29.227
914,1961.0,29.185
914,1962.0,29.146
914,1963.0,29.137
914,1964.0,29.138
914,1965.0,29.139
914,1966.0,29.158
914,1967.0,29.175
914,1968.0,29.183
914,1969.0,29.183
914,1970.0,29.185
914,1971.0,29.191
914,1972.0,29.189
914,1973.0,29.178
914,1974.0,29.13
914,1975.0,29.127
914,1976.0,29.156
914,1977.0,29.177
914,1978.0,29.208
914,1979.0,29.211
914,1980.0,29.234
914,1981.0,29.305
914,1982.0,29.323
914,1983.0,29.296
914,1984.0,29.339
914,1985.0,29.339
914,1986.0,29.402
914,1987.0,29.411
914,1988.0,29.454
914,1989.0,29.451
914,1990.0,29.488
914,1991.0,29.519
914,1992.0,29.524
914,1993.0,29.546
914,1994.0,29.567
914,1995.0,29.514
914,1996.0,29.516
914,1997.0,29.495
914,1998.0,29.494
914,1999.0,29.513
914,2000.0,29.504
914,2001.0,29.523
914,2002.0,29.546
914,2003.0,29.545
914,2004.0,29.6
914,2005.0,29.565
914,2006.0,29.578
914,2007.0,29.577
914,2008.0,29.566
914,2009.0,29.551
914,2010.0,29.515
914,2011.0,29.458
914,2012.0,29.416
914,2013.0,29.352
914,2014.0,29.333
914,2015.0,29.341
914,2016.0,29.321
914,2017.0,29.316
914,2018.0,29.3
914,2019.0,29.286
914,2020.0,29.258
914,2021.0,29.221
914,2022.0,29.182
914,2023.0,29.143
5500,1950.0,29.995
5500,1951.0,29.991
5500,1952.0,29.982
5500,1953.0,29.983
5500,1954.0,29.974
5500,1955.0,29.982
5500,1956.0,29.989
5500,1957.0,30.004
5500,1958.0,30.008
5500,1959.0,30.003
5500,1960.0,30.027
5500,1961.0,30.035
5500,1962.0,30.048
5500,1963.0,30.042
5500,1964.0,30.022
5500,1965.0,30.003
5500,1966.0,29.946
5500,1967.0,29.895
5500,1968.0,29.835
5500,1969.0,29.808
5500,1970.0,29.759
5500,1971.0,29.677
5500,1972.0,29.613
5500,1973.0,29.531
5500,1974.0,29.453
5500,1975.0,29.387
5500,1976.0,29.281
5500,1977.0,29.137
5500,1978.0,28.994
5500,1979.0,28.854
5500,1980.0,28.834
5500,1981.0,28.712
5500,1982.0,28.617
5500,1983.0,28.369
5500,1984.0,28.231
5500,1985.0,28.136
5500,1986.0,28.075
5500,1987.0,28.053
5500,1988.0,27.804
5500,1989.0,27.533
5500,1990.0,27.309
5500,1991.0,27.156
5500,1992.0,26.922
5500,1993.0,26.709
5500,1994.0,26.595
5500,1995.0,26.574
5500,1996.0,26.545
5500,1997.0,26.628
5500,1998.0,26.821
5500,1999.0,26.932
5500,2000.0,26.956
5500,2001.0,27.044
5500,2002.0,27.2
5500,2003.0,27.326
5500,2004.0,27.458
5500,2005.0,27.541
5500,2006.0,27.617
5500,2007.0,27.642
5500,2008.0,27.653
5500,2009.0,27.439
5500,2010.0,27.394
5500,2011.0,27.293
5500,2012.0,27.213
5500,2013.0,27.181
5500,2014.0,27.202
5500,2015.0,27.243
5500,2016.0,27.34
5500,2017.0,27.427
5500,2018.0,27.403
5500,2019.0,27.475
5500,2020.0,27.651
5500,2021.0,27.541
5500,2022.0,27.567
5500,2023.0,27.579
906,1950.0,29.973
906,1951.0,29.96
906,1952.0,29.941
906,1953.0,29.911
906,1954.0,29.89
906,1955.0,29.871
906,1956.0,29.857
906,1957.0,29.862
906,1958.0,29.842
906,1959.0,29.82
906,1960.0,29.814
906,1961.0,29.819
906,1962.0,29.911
906,1963.0,30.015
906,1964.0,30.07
906,1965.0,30.141
906,1966.0,30.145
906,1967.0,29.99
906,1968.0,30.114
906,1969.0,30.035
906,1970.0,29.975
906,1971.0,29.773
906,1972.0,29.604
906,1973.0,29.424
906,1974.0,29.196
906,1975.0,28.92
906,1976.0,28.681
906,1977.0,28.442
906,1978.0,28.226
906,1979.0,28.03
906,1980.0,27.772
906,1981.0,27.484
906,1982.0,27.252
906,1983.0,26.882
906,1984.0,26.717
906,1985.0,26.589
906,1986.0,26.537
906,1987.0,26.491
906,1988.0,26.386
906,1989.0,26.312
906,1990.0,26.265
906,1991.0,25.797
906,1992.0,25.869
906,1993.0,26.025
906,1994.0,26.242
906,1995.0,26.175
906,1996.0,26.238
906,1997.0,26.417
906,1998.0,26.512
906,1999.0,26.601
906,2000.0,26.672
906,2001.0,26.879
906,2002.0,26.937
906,2003.0,26.934
906,2004.0,27.001
906,2005.0,27.044
906,2006.0,27.148
906,2007.0,27.32
906,2008.0,27.439
906,2009.0,27.574
906,2010.0,27.723
906,2011.0,27.847
906,2012.0,27.922
906,2013.0,28.093
906,2014.0,28.2
906,2015.0,28.406
906,2016.0,28.485
906,2017.0,28.578
906,2018.0,28.798
906,2019.0,28.873
906,2020.0,29.184
906,2021.0,29.28
906,2022.0,29.369
906,2023.0,29.353
5501,1950.0,28.175
5501,1951.0,28.172
5501,1952.0,28.168
5501,1953.0,28.163
5501,1954.0,28.157
5501,1955.0,28.151
5501,1956.0,28.144
5501,1957.0,28.138
5501,1958.0,28.13
5501,1959.0,28.119
5501,1960.0,28.106
5501,1961.0,28.093
5501,1962.0,28.087
5501,1963.0,28.084
5501,1964.0,28.079
5501,1965.0,28.035
5501,1966.0,27.982
5501,1967.0,27.934
5501,1968.0,27.914
5501,1969.0,27.881
5501,1970.0,27.848
5501,1971.0,27.774
5501,1972.0,27.68
5501,1973.0,27.597
5501,1974.0,27.571
5501,1975.0,27.559
5501,1976.0,27.531
5501,1977.0,27.552
5501,1978.0,27.475
5501,1979.0,27.333
5501,1980.0,27.289
5501,1981.0,27.221
5501,1982.0,27.145
5501,1983.0,27.112
5501,1984.0,27.038
5501,1985.0,26.935
5501,1986.0,26.88
5501,1987.0,26.913
5501,1988.0,26.779
5501,1989.0,26.683
5501,1990.0,26.681
5501,1991.0,26.564
5501,1992.0,26.472
5501,1993.0,26.453
5501,1994.0,26.322
5501,1995.0,26.243
5501,1996.0,26.242
5501,1997.0,26.26
5501,1998.0,26.226
5501,1999.0,26.244
5501,2000.0,26.235
5501,2001.0,26.213
5501,2002.0,26.258
5501,2003.0,26.294
5501,2004.0,26.402
5501,2005.0,26.668
5501,2006.0,26.771
5501,2007.0,26.726
5501,2008.0,26.674
5501,2009.0,26.72
5501,2010.0,26.717
5501,2011.0,26.686
5501,2012.0,26.647
5501,2013.0,26.699
5501,2014.0,26.931
5501,2015.0,27.237
5501,2016.0,27.555
5501,2017.0,27.62
5501,2018.0,27.626
5501,2019.0,27.637
5501,2020.0,27.647
5501,2021.0,27.676
5501,2022.0,27.679
5501,2023.0,27.677
920,1950.0,29.569
920,1951.0,29.531
920,1952.0,29.568
920,1953.0,29.549
920,1954.0,29.57
920,1955.0,29.547
920,1956.0,29.546
920,1957.0,29.567
920,1958.0,29.565
920,1959.0,29.565
920,1960.0,29.572
920,1961.0,29.542
920,1962.0,29.595
920,1963.0,29.615
920,1964.0,29.618
920,1965.0,29.617
920,1966.0,29.632
920,1967.0,29.635
920,1968.0,29.661
920,1969.0,29.654
920,1970.0,29.627
920,1971.0,29.589
920,1972.0,29.565
920,1973.0,29.512
920,1974.0,29.457
920,1975.0,29.44
920,1976.0,29.382
920,1977.0,29.3
920,1978.0,29.187
920,1979.0,29.115
920,1980.0,29.026
920,1981.0,28.924
920,1982.0,28.885
920,1983.0,28.85
920,1984.0,28.79
920,1985.0,28.751
920,1986.0,28.697
920,1987.0,28.628
920,1988.0,28.608
920,1989.0,28.584
920,1990.0,28.549
920,1991.0,28.507
920,1992.0,28.474
920,1993.0,28.462
920,1994.0,28.431
920,1995.0,28.404
920,1996.0,28.4
920,1997.0,28.403
920,1998.0,28.376
920,1999.0,28.393
920,2000.0,28.399
920,2001.0,28.361
920,2002.0,28.371
920,2003.0,28.38
920,2004.0,28.373
920,2005.0,28.365
920,2006.0,28.319
920,2007.0,28.29
920,2008.0,28.257
920,2009.0,28.212
920,2010.0,28.182
920,2011.0,28.234
920,2012.0,28.256
920,2013.0,28.249
920,2014.0,28.289
920,2015.0,28.338
920,2016.0,28.411
920,2017.0,28.474
920,2018.0,28.543
920,2019.0,28.628
920,2020.0,28.682
920,2021.0,28.68
920,2022.0,28.665
920,2023.0,28.649
922,1950.0,29.136
922,1951.0,29.127
922,1952.0,29.123
922,1953.0,29.113
922,1954.0,29.101
922,1955.0,29.074
922,1956.0,29.053
922,1957.0,29.008
922,1958.0,28.983
922,1959.0,28.961
922,1960.0,28.926
922,1961.0,28.9
922,1962.0,28.9
922,1963.0,28.89
922,1964.0,28.901
922,1965.0,28.917
922,1966.0,28.925
922,1967.0,28.924
922,1968.0,28.938
922,1969.0,28.944
922,1970.0,28.927
922,1971.0,28.897
922,1972.0,28.868
922,1973.0,28.838
922,1974.0,28.815
922,1975.0,28.808
922,1976.0,28.792
922,1977.0,28.779
922,1978.0,28.76
922,1979.0,28.725
922,1980.0,28.696
922,1981.0,28.709
922,1982.0,28.733
922,1983.0,28.747
922,1984.0,28.775
922,1985.0,28.808
922,1986.0,28.856
922,1987.0,28.926
922,1988.0,28.921
922,1989.0,28.951
922,1990.0,28.895
922,1991.0,28.828
922,1992.0,28.838
922,1993.0,28.771
922,1994.0,28.736
922,1995.0,28.71
922,1996.0,28.688
922,1997.0,28.659
922,1998.0,28.689
922,1999.0,28.714
922,2000.0,28.788
922,2001.0,28.802
922,2002.0,28.771
922,2003.0,28.714
922,2004.0,28.651
922,2005.0,28.583
922,2006.0,28.555
922,2007.0,28.572
922,2008.0,28.574
922,2009.0,28.601
922,2010.0,28.635
922,2011.0,28.645
922,2012.0,28.675
922,2013.0,28.703
922,2014.0,28.746
922,2015.0,28.789
922,2016.0,28.825
922,2017.0,28.869
922,2018.0,28.913
922,2019.0,28.934
922,2020.0,28.959
922,2021.0,28.994
922,2022.0,29.003
922,2023.0,29.015
923,1950.0,28.765
923,1951.0,28.738
923,1952.0,28.728
923,1953.0,28.681
923,1954.0,28.659
923,1955.0,28.558
923,1956.0,28.445
923,1957.0,28.238
923,1958.0,27.939
923,1959.0,27.741
923,1960.0,27.63
923,1961.0,27.43
923,1962.0,27.356
923,1963.0,27.272
923,1964.0,27.215
923,1965.0,27.188
923,1966.0,27.115
923,1967.0,27.017
923,1968.0,26.966
923,1969.0,26.83
923,1970.0,26.72
923,1971.0,26.622
923,1972.0,26.545
923,1973.0,26.463
923,1974.0,26.336
923,1975.0,26.221
923,1976.0,26.097
923,1977.0,26.008
923,1978.0,25.865
923,1979.0,25.737
923,1980.0,25.603
923,1981.0,25.632
923,1982.0,25.662
923,1983.0,25.713
923,1984.0,25.655
923,1985.0,25.659
923,1986.0,25.792
923,1987.0,25.822
923,1988.0,25.714
923,1989.0,25.54
923,1990.0,25.319
923,1991.0,25.152
923,1992.0,25.06
923,1993.0,25.017
923,1994.0,25.051
923,1995.0,25.143
923,1996.0,25.306
923,1997.0,25.468
923,1998.0,25.622
923,1999.0,25.786
923,2000.0,25.947
923,2001.0,26.128
923,2002.0,26.282
923,2003.0,26.429
923,2004.0,26.576
923,2005.0,26.759
923,2006.0,26.903
923,2007.0,27.102
923,2008.0,27.254
923,2009.0,27.423
923,2010.0,27.646
923,2011.0,27.753
923,2012.0,27.842
923,2013.0,27.962
923,2014.0,28.094
923,2015.0,28.223
923,2016.0,28.38
923,2017.0,28.518
923,2018.0,28.637
923,2019.0,28.732
923,2020.0,28.802
923,2021.0,28.877
923,2022.0,28.906
923,2023.0,28.917
924,1950.0,28.652
924,1951.0,28.577
924,1952.0,28.5
924,1953.0,28.41
924,1954.0,28.322
924,1955.0,28.227
924,1956.0,28.127
924,1957.0,28.056
924,1958.0,27.976
924,1959.0,27.922
924,1960.0,27.895
924,1961.0,27.817
924,1962.0,27.745
924,1963.0,27.699
924,1964.0,27.65
924,1965.0,27.54
924,1966.0,27.417
924,1967.0,27.338
924,1968.0,27.251
924,1969.0,27.172
924,1970.0,27.052
924,1971.0,26.977
924,1972.0,26.895
924,1973.0,26.826
924,1974.0,26.79
924,1975.0,26.802
924,1976.0,26.867
924,1977.0,26.948
924,1978.0,27.014
924,1979.0,27.087
924,1980.0,27.113
924,1981.0,27.22
924,1982.0,27.312
924,1983.0,27.404
924,1984.0,27.479
924,1985.0,27.513
924,1986.0,27.576
924,1987.0,27.63
924,1988.0,27.642
924,1989.0,27.697
924,1990.0,27.765
924,1991.0,27.831
924,1992.0,27.951
924,1993.0,28.095
924,1994.0,28.262
924,1995.0,28.36
924,1996.0,28.417
924,1997.0,28.529
924,1998.0,28.611
924,1999.0,28.679
924,2000.0,28.787
924,2001.0,28.901
924,2002.0,29.024
924,2003.0,29.145
924,2004.0,29.261
924,2005.0,29.363
924,2006.0,29.456
924,2007.0,29.562
924,2008.0,29.61
924,2009.0,29.691
924,2010.0,29.814
924,2011.0,29.949
924,2012.0,30.054
924,2013.0,30.207
924,2014.0,30.347
924,2015.0,30.453
924,2016.0,30.582
924,2017.0,30.671
924,2018.0,30.765
924,2019.0,30.865
924,2020.0,30.971
924,2021.0,31.137
924,2022.0,31.14
924,2023.0,31.145
925,1950.0,29.944
925,1951.0,29.887
925,1952.0,29.847
925,1953.0,29.745
925,1954.0,29.639
925,1955.0,29.612
925,1956.0,29.492
925,1957.0,29.41
925,1958.0,29.325
925,1959.0,29.227
925,1960.0,29.216
925,1961.0,29.157
925,1962.0,29.088
925,1963.0,29.028
925,1964.0,28.957
925,1965.0,28.843
925,1966.0,28.767
925,1967.0,28.734
925,1968.0,28.575
925,1969.0,28.514
925,1970.0,28.398
925,1971.0,28.288
925,1972.0,28.159
925,1973.0,28.055
925,1974.0,27.964
925,1975.0,27.821
925,1976.0,27.681
925,1977.0,27.593
925,1978.0,27.528
925,1979.0,27.453
925,1980.0,27.428
925,1981.0,27.458
925,1982.0,27.486
925,1983.0,27.528
925,1984.0,27.586
925,1985.0,27.655
925,1986.0,27.721
925,1987.0,27.801
925,1988.0,27.873
925,1989.0,27.975
925,1990.0,28.102
925,1991.0,28.234
925,1992.0,28.39
925,1993.0,28.534
925,1994.0,28.708
925,1995.0,28.9
925,1996.0,29.051
925,1997.0,29.206
925,1998.0,29.313
925,1999.0,29.447
925,2000.0,29.585
925,2001.0,29.695
925,2002.0,29.766
925,2003.0,29.883
925,2004.0,29.966
925,2005.0,30.056
925,2006.0,30.149
925,2007.0,30.212
925,2008.0,30.291
925,2009.0,30.38
925,2010.0,30.512
925,2011.0,30.663
925,2012.0,30.738
925,2013.0,30.854
925,2014.0,30.96
925,2015.0,31.1
925,2016.0,31.223
925,2017.0,31.316
925,2018.0,31.418
925,2019.0,31.506
925,2020.0,31.596
925,2021.0,31.749
925,2022.0,31.774
925,2023.0,31.79
926,1950.0,28.346
926,1951.0,28.303
926,1952.0,28.284
926,1953.0,28.226
926,1954.0,28.204
926,1955.0,28.177
926,1956.0,28.143
926,1957.0,28.068
926,1958.0,27.97
926,1959.0,27.884
926,1960.0,27.83
926,1961.0,27.768
926,1962.0,27.674
926,1963.0,27.61
926,1964.0,27.561
926,1965.0,27.46
926,1966.0,27.36
926,1967.0,27.272
926,1968.0,27.192
926,1969.0,27.12
926,1970.0,26.998
926,1971.0,26.88
926,1972.0,26.763
926,1973.0,26.663
926,1974.0,26.596
926,1975.0,26.565
926,1976.0,26.537
926,1977.0,26.546
926,1978.0,26.586
926,1979.0,26.67
926,1980.0,26.736
926,1981.0,26.848
926,1982.0,26.936
926,1983.0,27.047
926,1984.0,27.203
926,1985.0,27.393
926,1986.0,27.556
926,1987.0,27.722
926,1988.0,27.858
926,1989.0,28.025
926,1990.0,28.087
926,1991.0,28.216
926,1992.0,28.361
926,1993.0,28.485
926,1994.0,28.623
926,1995.0,28.749
926,1996.0,28.838
926,1997.0,28.942
926,1998.0,29.012
926,1999.0,29.068
926,2000.0,29.138
926,2001.0,29.197
926,2002.0,29.307
926,2003.0,29.421
926,2004.0,29.527
926,2005.0,29.64
926,2006.0,29.756
926,2007.0,29.879
926,2008.0,29.978
926,2009.0,30.084
926,2010.0,30.186
926,2011.0,30.303
926,2012.0,30.393
926,2013.0,30.512
926,2014.0,30.627
926,2015.0,30.717
926,2016.0,30.781
926,2017.0,30.903
926,2018.0,31.017
926,2019.0,31.098
926,2020.0,31.191
926,2021.0,31.348
926,2022.0,31.495
926,2023.0,31.541
915,1950.0,28.306
915,1951.0,28.304
915,1952.0,28.295
915,1953.0,28.285
915,1954.0,28.265
915,1955.0,28.252
915,1956.0,28.241
915,1957.0,28.231
915,1958.0,28.239
915,1959.0,28.252
915,1960.0,28.279
915,1961.0,28.286
915,1962.0,28.299
915,1963.0,28.31
915,1964.0,28.297
915,1965.0,28.29
915,1966.0,28.268
915,1967.0,28.243
915,1968.0,28.21
915,1969.0,28.159
915,1970.0,28.1
915,1971.0,28.035
915,1972.0,27.97
915,1973.0,27.905
915,1974.0,27.838
915,1975.0,27.799
915,1976.0,27.766
915,1977.0,27.721
915,1978.0,27.653
915,1979.0,27.577
915,1980.0,27.499
915,1981.0,27.472
915,1982.0,27.404
915,1983.0,27.415
915,1984.0,27.416
915,1985.0,27.402
915,1986.0,27.38
915,1987.0,27.354
915,1988.0,27.336
915,1989.0,27.291
915,1990.0,27.274
915,1991.0,27.29
915,1992.0,27.265
915,1993.0,27.232
915,1994.0,27.21
915,1995.0,27.187
915,1996.0,27.157
915,1997.0,27.115
915,1998.0,27.11
915,1999.0,27.064
915,2000.0,27.063
915,2001.0,27.109
915,2002.0,27.179
915,2003.0,27.244
915,2004.0,27.265
915,2005.0,27.259
915,2006.0,27.268
915,2007.0,27.304
915,2008.0,27.297
915,2009.0,27.298
915,2010.0,27.308
915,2011.0,27.337
915,2012.0,27.377
915,2013.0,27.459
915,2014.0,27.534
915,2015.0,27.595
915,2016.0,27.665
915,2017.0,27.711
915,2018.0,27.776
915,2019.0,27.873
915,2020.0,27.974
915,2021.0,28.03
915,2022.0,28.069
915,2023.0,28.062
916,1950.0,28.955
916,1951.0,28.948
916,1952.0,28.939
916,1953.0,28.93
916,1954.0,28.922
916,1955.0,28.919
916,1956.0,28.917
916,1957.0,28.916
916,1958.0,28.934
916,1959.0,28.93
916,1960.0,28.926
916,1961.0,28.937
916,1962.0,28.946
916,1963.0,28.956
916,1964.0,28.978
916,1965.0,28.991
916,1966.0,28.998
916,1967.0,29.02
916,1968.0,29.006
916,1969.0,28.989
916,1970.0,28.966
916,1971.0,28.938
916,1972.0,28.906
916,1973.0,28.871
916,1974.0,28.816
916,1975.0,28.749
916,1976.0,28.681
916,1977.0,28.628
916,1978.0,28.568
916,1979.0,28.467
916,1980.0,28.388
916,1981.0,28.317
916,1982.0,28.261
916,1983.0,28.216
916,1984.0,28.174
916,1985.0,28.148
916,1986.0,28.068
916,1987.0,27.991
916,1988.0,27.909
916,1989.0,27.833
916,1990.0,27.787
916,1991.0,27.722
916,1992.0,27.67
916,1993.0,27.625
916,1994.0,27.572
916,1995.0,27.527
916,1996.0,27.473
916,1997.0,27.427
916,1998.0,27.379
916,1999.0,27.347
916,2000.0,27.296
916,2001.0,27.236
916,2002.0,27.18
916,2003.0,27.124
916,2004.0,27.068
916,2005.0,27.026
916,2006.0,26.996
916,2007.0,26.926
916,2008.0,26.85
916,2009.0,26.792
916,2010.0,26.749
916,2011.0,26.704
916,2012.0,26.635
916,2013.0,26.648
916,2014.0,26.679
916,2015.0,26.722
916,2016.0,26.764
916,2017.0,26.786
916,2018.0,26.839
916,2019.0,26.842
916,2020.0,26.85
916,2021.0,26.86
916,2022.0,26.863
916,2023.0,26.867
931,1950.0,29.137
931,1951.0,29.132
931,1952.0,29.129
931,1953.0,29.129
931,1954.0,29.125
931,1955.0,29.12
931,1956.0,29.118
931,1957.0,29.11
931,1958.0,29.106
931,1959.0,29.106
931,1960.0,29.111
931,1961.0,29.118
931,1962.0,29.121
931,1963.0,29.124
931,1964.0,29.118
931,1965.0,29.116
931,1966.0,29.107
931,1967.0,29.073
931,1968.0,29.044
931,1969.0,29.007
931,1970.0,28.951
931,1971.0,28.904
931,1972.0,28.83
931,1973.0,28.77
931,1974.0,28.697
931,1975.0,28.635
931,1976.0,28.573
931,1977.0,28.506
931,1978.0,28.452
931,1979.0,28.403
931,1980.0,28.349
931,1981.0,28.277
931,1982.0,28.214
931,1983.0,28.126
931,1984.0,28.057
931,1985.0,27.94
931,1986.0,27.809
931,1987.0,27.683
931,1988.0,27.564
931,1989.0,27.465
931,1990.0,27.372
931,1991.0,27.284
931,1992.0,27.22
931,1993.0,27.15
931,1994.0,27.096
931,1995.0,27.039
931,1996.0,26.977
931,1997.0,26.925
931,1998.0,26.878
931,1999.0,26.82
931,2000.0,26.777
931,2001.0,26.743
931,2002.0,26.744
931,2003.0,26.771
931,2004.0,26.778
931,2005.0,26.766
931,2006.0,26.756
931,2007.0,26.753
931,2008.0,26.779
931,2009.0,26.807
931,2010.0,26.855
931,2011.0,26.898
931,2012.0,26.924
931,2013.0,26.97
931,2014.0,27.046
931,2015.0,27.129
931,2016.0,27.2
931,2017.0,27.321
931,2018.0,27.453
931,2019.0,27.549
931,2020.0,27.621
931,2021.0,27.7
931,2022.0,27.801
931,2023.0,27.797
927,1950.0,28.23
927,1951.0,28.098
927,1952.0,27.992
927,1953.0,27.92
927,1954.0,27.854
927,1955.0,27.761
927,1956.0,27.685
927,1957.0,27.64
927,1958.0,27.597
927,1959.0,27.547
927,1960.0,27.52
927,1961.0,27.498
927,1962.0,27.495
927,1963.0,27.481
927,1964.0,27.487
927,1965.0,27.37
927,1966.0,27.267
927,1967.0,27.183
927,1968.0,27.112
927,1969.0,27.08
927,1970.0,27.01
927,1971.0,26.856
927,1972.0,26.739
927,1973.0,26.648
927,1974.0,26.591
927,1975.0,26.577
927,1976.0,26.626
927,1977.0,26.74
927,1978.0,26.83
927,1979.0,26.942
927,1980.0,27.016
927,1981.0,27.08
927,1982.0,27.2
927,1983.0,27.268
927,1984.0,27.428
927,1985.0,27.558
927,1986.0,27.683
927,1987.0,27.843
927,1988.0,27.978
927,1989.0,28.113
927,1990.0,28.212
927,1991.0,28.338
927,1992.0,28.477
927,1993.0,28.596
927,1994.0,28.718
927,1995.0,28.829
927,1996.0,28.934
927,1997.0,29.051
927,1998.0,29.167
927,1999.0,29.264
927,2000.0,29.381
927,2001.0,29.459
927,2002.0,29.632
927,2003.0,29.781
927,2004.0,29.898
927,2005.0,29.988
927,2006.0,30.088
927,2007.0,30.093
927,2008.0,30.128
927,2009.0,30.181
927,2010.0,30.269
927,2011.0,30.344
927,2012.0,30.399
927,2013.0,30.501
927,2014.0,30.598
927,2015.0,30.681
927,2016.0,30.851
927,2017.0,30.939
927,2018.0,31.02
927,2019.0,31.104
927,2020.0,31.171
927,2021.0,31.256
927,2022.0,31.264
927,2023.0,31.264
928,1950.0,29.373
928,1951.0,29.364
928,1952.0,29.35
928,1953.0,29.378
928,1954.0,29.383
928,1955.0,29.39
928,1956.0,29.402
928,1957.0,29.402
928,1958.0,29.4
928,1959.0,29.405
928,1960.0,29.412
928,1961.0,29.45
928,1962.0,29.401
928,1963.0,29.429
928,1964.0,29.491
928,1965.0,29.506
928,1966.0,29.521
928,1967.0,29.541
928,1968.0,29.523
928,1969.0,29.507
928,1970.0,29.513
928,1971.0,29.52
928,1972.0,29.534
928,1973.0,29.545
928,1974.0,29.546
928,1975.0,29.535
928,1976.0,29.524
928,1977.0,29.519
928,1978.0,29.505
928,1979.0,29.508
928,1980.0,29.516
928,1981.0,29.504
928,1982.0,29.487
928,1983.0,29.476
928,1984.0,29.471
928,1985.0,29.477
928,1986.0,29.499
928,1987.0,29.499
928,1988.0,29.495
928,1989.0,29.502
928,1990.0,29.489
928,1991.0,29.492
928,1992.0,29.5
928,1993.0,29.516
928,1994.0,29.522
928,1995.0,29.547
928,1996.0,29.57
928,1997.0,29.596
928,1998.0,29.62
928,1999.0,29.618
928,2000.0,29.61
928,2001.0,29.595
928,2002.0,29.582
928,2003.0,29.579
928,2004.0,29.562
928,2005.0,29.572
928,2006.0,29.563
928,2007.0,29.542
928,2008.0,29.527
928,2009.0,29.505
928,2010.0,29.444
928,2011.0,29.429
928,2012.0,29.408
928,2013.0,29.375
928,2014.0,29.381
928,2015.0,29.381
928,2016.0,29.371
928,2017.0,29.332
928,2018.0,29.298
928,2019.0,29.269
928,2020.0,29.243
928,2021.0,29.221
928,2022.0,29.198
928,2023.0,29.184
954,1950.0,29.245
954,1951.0,29.197
954,1952.0,29.137
954,1953.0,29.114
954,1954.0,29.088
954,1955.0,29.054
954,1956.0,28.995
954,1957.0,28.985
954,1958.0,28.999
954,1959.0,29.003
954,1960.0,28.989
954,1961.0,29.027
954,1962.0,29.065
954,1963.0,29.122
954,1964.0,29.15
954,1965.0,29.127
954,1966.0,29.115
954,1967.0,29.073
954,1968.0,28.981
954,1969.0,28.928
954,1970.0,28.878
954,1971.0,28.837
954,1972.0,28.792
954,1973.0,28.761
954,1974.0,28.707
954,1975.0,28.663
954,1976.0,28.611
954,1977.0,28.598
954,1978.0,28.549
954,1979.0,28.473
954,1980.0,28.454
954,1981.0,28.428
954,1982.0,28.423
954,1983.0,28.408
954,1984.0,28.441
954,1985.0,28.446
954,1986.0,28.451
954,1987.0,28.454
954,1988.0,28.437
954,1989.0,28.421
954,1990.0,28.362
954,1991.0,28.311
954,1992.0,28.264
954,1993.0,28.259
954,1994.0,28.244
954,1995.0,28.254
954,1996.0,28.259
954,1997.0,28.294
954,1998.0,28.314
954,1999.0,28.302
954,2000.0,28.235
954,2001.0,28.156
954,2002.0,28.115
954,2003.0,28.039
954,2004.0,28.016
954,2005.0,28.018
954,2006.0,28.062
954,2007.0,28.118
954,2008.0,28.205
954,2009.0,28.269
954,2010.0,28.346
954,2011.0,28.398
954,2012.0,28.457
954,2013.0,28.527
954,2014.0,28.564
954,2015.0,28.607
954,2016.0,28.645
954,2017.0,28.679
954,2018.0,28.696
954,2019.0,28.705
954,2020.0,28.701
954,2021.0,28.723
954,2022.0,28.744
954,2023.0,28.758
957,1950.0,29.351
957,1951.0,29.351
957,1952.0,29.347
957,1953.0,29.357
957,1954.0,29.38
957,1955.0,29.391
957,1956.0,29.387
957,1957.0,29.389
957,1958.0,29.403
957,1959.0,29.422
957,1960.0,29.433
957,1961.0,29.446
957,1962.0,29.467
957,1963.0,29.489
957,1964.0,29.511
957,1965.0,29.54
957,1966.0,29.57
957,1967.0,29.591
957,1968.0,29.603
957,1969.0,29.626
957,1970.0,29.641
957,1971.0,29.597
957,1972.0,29.56
957,1973.0,29.528
957,1974.0,29.499
957,1975.0,29.461
957,1976.0,29.449
957,1977.0,29.441
957,1978.0,29.403
957,1979.0,29.376
957,1980.0,29.325
957,1981.0,29.282
957,1982.0,29.24
957,1983.0,29.206
957,1984.0,29.224
957,1985.0,29.248
957,1986.0,29.243
957,1987.0,29.273
957,1988.0,29.255
957,1989.0,29.286
957,1990.0,29.321
957,1991.0,29.328
957,1992.0,29.346
957,1993.0,29.328
957,1994.0,29.346
957,1995.0,29.353
957,1996.0,29.347
957,1997.0,29.338
957,1998.0,29.301
957,1999.0,29.232
957,2000.0,29.223
957,2001.0,29.219
957,2002.0,29.28
957,2003.0,29.328
957,2004.0,29.354
957,2005.0,29.348
957,2006.0,29.325
957,2007.0,29.347
957,2008.0,29.318
957,2009.0,29.318
957,2010.0,29.278
957,2011.0,29.273
957,2012.0,29.246
957,2013.0,29.204
957,2014.0,29.143
957,2015.0,29.138
957,2016.0,29.141
957,2017.0,29.133
957,2018.0,29.142
957,2019.0,29.143
957,2020.0,29.16
957,2021.0,29.194
957,2022.0,29.192
957,2023.0,29.196
910,2024.0,28.697
910,2025.0,28.669
910,2026.0,28.641
910,2027.0,28.614
910,2028.0,28.588
910,2029.0,28.562
910,2030.0,28.538
910,2031.0,28.515
910,2032.0,28.494
910,2033.0,28.475
910,2034.0,28.457
910,2035.0,28.441
910,2036.0,28.426
910,2037.0,28.413
910,2038.0,28.401
910,2039.0,28.39
910,2040.0,28.381
910,2041.0,28.373
910,2042.0,28.365
910,2043.0,28.359
910,2044.0,28.354
910,2045.0,28.35
910,2046.0,28.348
910,2047.0,28.346
910,2048.0,28.346
910,2049.0,28.347
910,2050.0,28.349
910,2051.0,28.352
910,2052.0,28.357
910,2053.0,28.362
910,2054.0,28.369
910,2055.0,28.376
910,2056.0,28.385
910,2057.0,28.395
910,2058.0,28.405
910,2059.0,28.416
910,2060.0,28.428
910,2061.0,28.439
910,2062.0,28.452
910,2063.0,28.464
910,2064.0,28.478
910,2065.0,28.492
910,2066.0,28.507
910,2067.0,28.524
910,2068.0,28.541
910,2069.0,28.559
910,2070.0,28.577
910,2071.0,28.597
910,2072.0,28.617
910,2073.0,28.639
910,2074.0,28.661
910,2075.0,28.684
910,2076.0,28.707
910,2077.0,28.731
910,2078.0,28.756
910,2079.0,28.781
910,2080.0,28.808
910,2081.0,28.835
910,2082.0,28.862
910,2083.0,28.89
910,2084.0,28.919
910,2085.0,28.948
910,2086.0,28.977
910,2087.0,29.008
910,2088.0,29.039
910,2089.0,29.07
910,2090.0,29.102
910,2091.0,29.134
910,2092.0,29.167
910,2093.0,29.2
910,2094.0,29.234
910,2095.0,29.268
910,2096.0,29.302
910,2097.0,29.337
910,2098.0,29.373
910,2099.0,29.409
910,2100.0,29.445
911,2024.0,29.397
911,2025.0,29.401
911,2026.0,29.405
911,2027.0,29.411
911,2028.0,29.416
911,2029.0,29.422
911,2030.0,29.43
911,2031.0,29.437
911,2032.0,29.443
911,2033.0,29.451
911,2034.0,29.458
911,2035.0,29.463
911,2036.0,29.47
911,2037.0,29.476
911,2038.0,29.482
911,2039.0,29.488
911,2040.0,29.493
911,2041.0,29.499
911,2042.0,29.504
911,2043.0,29.508
911,2044.0,29.512
911,2045.0,29.516
911,2046.0,29.52
911,2047.0,29.525
911,2048.0,29.531
911,2049.0,29.537
911,2050.0,29.545
911,2051.0,29.553
911,2052.0,29.562
911,2053.0,29.571
911,2054.0,29.581
911,2055.0,29.592
911,2056.0,29.602
911,2057.0,29.614
911,2058.0,29.626
911,2059.0,29.639
911,2060.0,29.651
911,2061.0,29.664
911,2062.0,29.676
911,2063.0,29.689
911,2064.0,29.701
911,2065.0,29.714
911,2066.0,29.727
911,2067.0,29.741
911,2068.0,29.753
911,2069.0,29.766
911,2070.0,29.778
911,2071.0,29.791
911,2072.0,29.804
911,2073.0,29.816
911,2074.0,29.829
911,2075.0,29.842
911,2076.0,29.855
911,2077.0,29.869
911,2078.0,29.883
911,2079.0,29.898
911,2080.0,29.912
911,2081.0,29.927
911,2082.0,29.943
911,2083.0,29.959
911,2084.0,29.975
911,2085.0,29.99
911,2086.0,30.006
911,2087.0,30.021
911,2088.0,30.038
911,2089.0,30.053
911,2090.0,30.069
911,2091.0,30.086
911,2092.0,30.103
911,2093.0,30.119
911,2094.0,30.137
911,2095.0,30.154
911,2096.0,30.171
911,2097.0,30.189
911,2098.0,30.206
911,2099.0,30.224
911,2100.0,30.242
912,2024.0,29.259
912,2025.0,29.27
912,2026.0,29.286
912,2027.0,29.304
912,2028.0,29.324
912,2029.0,29.344
912,2030.0,29.364
912,2031.0,29.383
912,2032.0,29.401
912,2033.0,29.418
912,2034.0,29.434
912,2035.0,29.447
912,2036.0,29.457
912,2037.0,29.465
912,2038.0,29.472
912,2039.0,29.477
912,2040.0,29.482
912,2041.0,29.488
912,2042.0,29.493
912,2043.0,29.499
912,2044.0,29.505
912,2045.0,29.509
912,2046.0,29.513
912,2047.0,29.516
912,2048.0,29.52
912,2049.0,29.525
912,2050.0,29.534
912,2051.0,29.546
912,2052.0,29.56
912,2053.0,29.579
912,2054.0,29.599
912,2055.0,29.621
912,2056.0,29.644
912,2057.0,29.666
912,2058.0,29.687
912,2059.0,29.706
912,2060.0,29.724
912,2061.0,29.741
912,2062.0,29.757
912,2063.0,29.773
912,2064.0,29.789
912,2065.0,29.804
912,2066.0,29.819
912,2067.0,29.833
912,2068.0,29.846
912,2069.0,29.859
912,2070.0,29.871
912,2071.0,29.882
912,2072.0,29.893
912,2073.0,29.905
912,2074.0,29.917
912,2075.0,29.929
912,2076.0,29.942
912,2077.0,29.955
912,2078.0,29.969
912,2079.0,29.984
912,2080.0,30
912,2081.0,30.016
912,2082.0,30.032
912,2083.0,30.049
912,2084.0,30.065
912,2085.0,30.082
912,2086.0,30.099
912,2087.0,30.116
912,2088.0,30.133
912,2089.0,30.149
912,2090.0,30.165
912,2091.0,30.181
912,2092.0,30.197
912,2093.0,30.212
912,2094.0,30.228
912,2095.0,30.244
912,2096.0,30.26
912,2097.0,30.276
912,2098.0,30.292
912,2099.0,30.308
912,2100.0,30.325
913,2024.0,28.285
913,2025.0,28.282
913,2026.0,28.28
913,2027.0,28.28
913,2028.0,28.28
913,2029.0,28.281
913,2030.0,28.282
913,2031.0,28.285
913,2032.0,28.288
913,2033.0,28.293
913,2034.0,28.298
913,2035.0,28.304
913,2036.0,28.312
913,2037.0,28.321
913,2038.0,28.331
913,2039.0,28.341
913,2040.0,28.352
913,2041.0,28.364
913,2042.0,28.378
913,2043.0,28.393
913,2044.0,28.41
913,2045.0,28.428
913,2046.0,28.448
913,2047.0,28.468
913,2048.0,28.489
913,2049.0,28.51
913,2050.0,28.531
913,2051.0,28.552
913,2052.0,28.573
913,2053.0,28.594
913,2054.0,28.616
913,2055.0,28.639
913,2056.0,28.664
913,2057.0,28.689
913,2058.0,28.716
913,2059.0,28.745
913,2060.0,28.774
913,2061.0,28.804
913,2062.0,28.834
913,2063.0,28.865
913,2064.0,28.896
913,2065.0,28.927
913,2066.0,28.958
913,2067.0,28.99
913,2068.0,29.022
913,2069.0,29.055
913,2070.0,29.088
913,2071.0,29.122
913,2072.0,29.156
913,2073.0,29.191
913,2074.0,29.226
913,2075.0,29.261
913,2076.0,29.297
913,2077.0,29.333
913,2078.0,29.37
913,2079.0,29.407
913,2080.0,29.444
913,2081.0,29.481
913,2082.0,29.519
913,2083.0,29.557
913,2084.0,29.596
913,2085.0,29.634
913,2086.0,29.672
913,2087.0,29.711
913,2088.0,29.75
913,2089.0,29.788
913,2090.0,29.827
913,2091.0,29.866
913,2092.0,29.905
913,2093.0,29.944
913,2094.0,29.983
913,2095.0,30.022
913,2096.0,30.061
913,2097.0,30.1
913,2098.0,30.139
913,2099.0,30.178
913,2100.0,30.217
914,2024.0,29.115
914,2025.0,29.089
914,2026.0,29.063
914,2027.0,29.04
914,2028.0,29.017
914,2029.0,28.996
914,2030.0,28.976
914,2031.0,28.956
914,2032.0,28.938
914,2033.0,28.92
914,2034.0,28.904
914,2035.0,28.889
914,2036.0,28.874
914,2037.0,28.861
914,2038.0,28.848
914,2039.0,28.837
914,2040.0,28.826
914,2041.0,28.817
914,2042.0,28.808
914,2043.0,28.8
914,2044.0,28.793
914,2045.0,28.787
914,2046.0,28.782
914,2047.0,28.778
914,2048.0,28.774
914,2049.0,28.772
914,2050.0,28.77
914,2051.0,28.769
914,2052.0,28.769
914,2053.0,28.769
914,2054.0,28.771
914,2055.0,28.773
914,2056.0,28.776
914,2057.0,28.78
914,2058.0,28.784
914,2059.0,28.789
914,2060.0,28.795
914,2061.0,28.802
914,2062.0,28.809
914,2063.0,28.817
914,2064.0,28.826
914,2065.0,28.836
914,2066.0,28.847
914,2067.0,28.858
914,2068.0,28.87
914,2069.0,28.883
914,2070.0,28.896
914,2071.0,28.91
914,2072.0,28.925
914,2073.0,28.94
914,2074.0,28.956
914,2075.0,28.972
914,2076.0,28.99
914,2077.0,29.007
914,2078.0,29.026
914,2079.0,29.045
914,2080.0,29.064
914,2081.0,29.084
914,2082.0,29.104
914,2083.0,29.126
914,2084.0,29.147
914,2085.0,29.17
914,2086.0,29.192
914,2087.0,29.216
914,2088.0,29.24
914,2089.0,29.264
914,2090.0,29.289
914,2091.0,29.315
914,2092.0,29.341
914,2093.0,29.368
914,2094.0,29.395
914,2095.0,29.423
914,2096.0,29.451
914,2097.0,29.479
914,2098.0,29.508
914,2099.0,29.538
914,2100.0,29.568
5500,2024.0,27.597
5500,2025.0,27.62
5500,2026.0,27.642
5500,2027.0,27.664
5500,2028.0,27.684
5500,2029.0,27.703
5500,2030.0,27.721
5500,2031.0,27.737
5500,2032.0,27.752
5500,2033.0,27.765
5500,2034.0,27.777
5500,2035.0,27.791
5500,2036.0,27.807
5500,2037.0,27.826
5500,2038.0,27.847
5500,2039.0,27.87
5500,2040.0,27.893
5500,2041.0,27.916
5500,2042.0,27.937
5500,2043.0,27.958
5500,2044.0,27.981
5500,2045.0,28.005
5500,2046.0,28.031
5500,2047.0,28.057
5500,2048.0,28.083
5500,2049.0,28.109
5500,2050.0,28.136
5500,2051.0,28.164
5500,2052.0,28.193
5500,2053.0,28.222
5500,2054.0,28.252
5500,2055.0,28.282
5500,2056.0,28.313
5500,2057.0,28.344
5500,2058.0,28.375
5500,2059.0,28.404
5500,2060.0,28.431
5500,2061.0,28.456
5500,2062.0,28.481
5500,2063.0,28.506
5500,2064.0,28.531
5500,2065.0,28.557
5500,2066.0,28.584
5500,2067.0,28.611
5500,2068.0,28.637
5500,2069.0,28.665
5500,2070.0,28.694
5500,2071.0,28.723
5500,2072.0,28.752
5500,2073.0,28.783
5500,2074.0,28.813
5500,2075.0,28.845
5500,2076.0,28.878
5500,2077.0,28.911
5500,2078.0,28.945
5500,2079.0,28.979
5500,2080.0,29.013
5500,2081.0,29.047
5500,2082.0,29.08
5500,2083.0,29.114
5500,2084.0,29.148
5500,2085.0,29.182
5500,2086.0,29.216
5500,2087.0,29.25
5500,2088.0,29.284
5500,2089.0,29.318
5500,2090.0,29.351
5500,2091.0,29.384
5500,2092.0,29.417
5500,2093.0,29.449
5500,2094.0,29.483
5500,2095.0,29.518
5500,2096.0,29.554
5500,2097.0,29.588
5500,2098.0,29.623
5500,2099.0,29.658
5500,2100.0,29.693
906,2024.0,29.469
906,2025.0,29.589
906,2026.0,29.708
906,2027.0,29.826
906,2028.0,29.943
906,2029.0,30.057
906,2030.0,30.168
906,2031.0,30.276
906,2032.0,30.381
906,2033.0,30.483
906,2034.0,30.582
906,2035.0,30.677
906,2036.0,30.77
906,2037.0,30.86
906,2038.0,30.949
906,2039.0,31.037
906,2040.0,31.123
906,2041.0,31.208
906,2042.0,31.29
906,2043.0,31.369
906,2044.0,31.376
906,2045.0,31.381
906,2046.0,31.385
906,2047.0,31.387
906,2048.0,31.389
906,2049.0,31.391
906,2050.0,31.393
906,2051.0,31.395
906,2052.0,31.397
906,2053.0,31.4
906,2054.0,31.403
906,2055.0,31.407
906,2056.0,31.411
906,2057.0,31.415
906,2058.0,31.42
906,2059.0,31.425
906,2060.0,31.431
906,2061.0,31.437
906,2062.0,31.442
906,2063.0,31.448
906,2064.0,31.454
906,2065.0,31.459
906,2066.0,31.463
906,2067.0,31.467
906,2068.0,31.47
906,2069.0,31.473
906,2070.0,31.477
906,2071.0,31.48
906,2072.0,31.483
906,2073.0,31.486
906,2074.0,31.489
906,2075.0,31.492
906,2076.0,31.494
906,2077.0,31.497
906,2078.0,31.499
906,2079.0,31.501
906,2080.0,31.503
906,2081.0,31.504
906,2082.0,31.506
906,2083.0,31.508
906,2084.0,31.51
906,2085.0,31.513
906,2086.0,31.516
906,2087.0,31.519
906,2088.0,31.522
906,2089.0,31.526
906,2090.0,31.531
906,2091.0,31.536
906,2092.0,31.541
906,2093.0,31.546
906,2094.0,31.552
906,2095.0,31.557
906,2096.0,31.563
906,2097.0,31.568
906,2098.0,31.574
906,2099.0,31.578
906,2100.0,31.583
5501,2024.0,27.733
5501,2025.0,27.788
5501,2026.0,27.842
5501,2027.0,27.896
5501,2028.0,27.947
5501,2029.0,27.996
5501,2030.0,28.044
5501,2031.0,28.09
5501,2032.0,28.135
5501,2033.0,28.18
5501,2034.0,28.225
5501,2035.0,28.269
5501,2036.0,28.312
5501,2037.0,28.354
5501,2038.0,28.394
5501,2039.0,28.434
5501,2040.0,28.474
5501,2041.0,28.514
5501,2042.0,28.554
5501,2043.0,28.595
5501,2044.0,28.637
5501,2045.0,28.678
5501,2046.0,28.719
5501,2047.0,28.759
5501,2048.0,28.799
5501,2049.0,28.837
5501,2050.0,28.875
5501,2051.0,28.912
5501,2052.0,28.948
5501,2053.0,28.983
5501,2054.0,29.017
5501,2055.0,29.051
5501,2056.0,29.084
5501,2057.0,29.117
5501,2058.0,29.149
5501,2059.0,29.18
5501,2060.0,29.211
5501,2061.0,29.241
5501,2062.0,29.27
5501,2063.0,29.3
5501,2064.0,29.33
5501,2065.0,29.36
5501,2066.0,29.388
5501,2067.0,29.416
5501,2068.0,29.444
5501,2069.0,29.472
5501,2070.0,29.5
5501,2071.0,29.528
5501,2072.0,29.555
5501,2073.0,29.583
5501,2074.0,29.611
5501,2075.0,29.638
5501,2076.0,29.665
5501,2077.0,29.693
5501,2078.0,29.72
5501,2079.0,29.747
5501,2080.0,29.775
5501,2081.0,29.801
5501,2082.0,29.828
5501,2083.0,29.855
5501,2084.0,29.881
5501,2085.0,29.908
5501,2086.0,29.935
5501,2087.0,29.962
5501,2088.0,29.989
5501,2089.0,30.015
5501,2090.0,30.041
5501,2091.0,30.068
5501,2092.0,30.095
5501,2093.0,30.121
5501,2094.0,30.148
5501,2095.0,30.175
5501,2096.0,30.203
5501,2097.0,30.23
5501,2098.0,30.258
5501,2099.0,30.286
5501,2100.0,30.313
920,2024.0,28.673
920,2025.0,28.697
920,2026.0,28.721
920,2027.0,28.745
920,2028.0,28.77
920,2029.0,28.796
920,2030.0,28.822
920,2031.0,28.848
920,2032.0,28.875
920,2033.0,28.902
920,2034.0,28.929
920,2035.0,28.957
920,2036.0,28.986
920,2037.0,29.014
920,2038.0,29.042
920,2039.0,29.069
920,2040.0,29.094
920,2041.0,29.118
920,2042.0,29.14
920,2043.0,29.163
920,2044.0,29.184
920,2045.0,29.206
920,2046.0,29.227
920,2047.0,29.25
920,2048.0,29.272
920,2049.0,29.295
920,2050.0,29.318
920,2051.0,29.34
920,2052.0,29.362
920,2053.0,29.384
920,2054.0,29.407
920,2055.0,29.429
920,2056.0,29.451
920,2057.0,29.474
920,2058.0,29.497
920,2059.0,29.519
920,2060.0,29.542
920,2061.0,29.564
920,2062.0,29.587
920,2063.0,29.61
920,2064.0,29.633
920,2065.0,29.657
920,2066.0,29.681
920,2067.0,29.705
920,2068.0,29.73
920,2069.0,29.754
920,2070.0,29.777
920,2071.0,29.801
920,2072.0,29.824
920,2073.0,29.847
920,2074.0,29.87
920,2075.0,29.893
920,2076.0,29.916
920,2077.0,29.939
920,2078.0,29.961
920,2079.0,29.985
920,2080.0,30.008
920,2081.0,30.032
920,2082.0,30.055
920,2083.0,30.079
920,2084.0,30.103
920,2085.0,30.128
920,2086.0,30.152
920,2087.0,30.177
920,2088.0,30.202
920,2089.0,30.227
920,2090.0,30.252
920,2091.0,30.277
920,2092.0,30.302
920,2093.0,30.328
920,2094.0,30.353
920,2095.0,30.379
920,2096.0,30.404
920,2097.0,30.43
920,2098.0,30.456
920,2099.0,30.481
920,2100.0,30.507
922,2024.0,29.041
922,2025.0,29.065
922,2026.0,29.088
922,2027.0,29.114
922,2028.0,29.14
922,2029.0,29.167
922,2030.0,29.195
922,2031.0,29.223
922,2032.0,29.251
922,2033.0,29.277
922,2034.0,29.301
922,2035.0,29.324
922,2036.0,29.344
922,2037.0,29.363
922,2038.0,29.38
922,2039.0,29.396
922,2040.0,29.413
922,2041.0,29.431
922,2042.0,29.451
922,2043.0,29.474
922,2044.0,29.483
922,2045.0,29.496
922,2046.0,29.512
922,2047.0,29.53
922,2048.0,29.549
922,2049.0,29.569
922,2050.0,29.591
922,2051.0,29.615
922,2052.0,29.639
922,2053.0,29.663
922,2054.0,29.686
922,2055.0,29.706
922,2056.0,29.725
922,2057.0,29.744
922,2058.0,29.762
922,2059.0,29.78
922,2060.0,29.797
922,2061.0,29.814
922,2062.0,29.83
922,2063.0,29.846
922,2064.0,29.861
922,2065.0,29.876
922,2066.0,29.89
922,2067.0,29.904
922,2068.0,29.918
922,2069.0,29.932
922,2070.0,29.945
922,2071.0,29.959
922,2072.0,29.974
922,2073.0,29.989
922,2074.0,30.005
922,2075.0,30.022
922,2076.0,30.04
922,2077.0,30.058
922,2078.0,30.078
922,2079.0,30.098
922,2080.0,30.118
922,2081.0,30.14
922,2082.0,30.161
922,2083.0,30.183
922,2084.0,30.204
922,2085.0,30.226
922,2086.0,30.249
922,2087.0,30.272
922,2088.0,30.295
922,2089.0,30.318
922,2090.0,30.341
922,2091.0,30.363
922,2092.0,30.386
922,2093.0,30.409
922,2094.0,30.431
922,2095.0,30.454
922,2096.0,30.477
922,2097.0,30.498
922,2098.0,30.521
922,2099.0,30.542
922,2100.0,30.563
923,2024.0,29.024
923,2025.0,29.132
923,2026.0,29.242
923,2027.0,29.357
923,2028.0,29.474
923,2029.0,29.591
923,2030.0,29.706
923,2031.0,29.82
923,2032.0,29.932
923,2033.0,30.043
923,2034.0,30.154
923,2035.0,30.267
923,2036.0,30.38
923,2037.0,30.495
923,2038.0,30.609
923,2039.0,30.721
923,2040.0,30.83
923,2041.0,30.934
923,2042.0,31.032
923,2043.0,31.126
923,2044.0,31.13
923,2045.0,31.133
923,2046.0,31.137
923,2047.0,31.141
923,2048.0,31.145
923,2049.0,31.149
923,2050.0,31.153
923,2051.0,31.157
923,2052.0,31.16
923,2053.0,31.164
923,2054.0,31.167
923,2055.0,31.171
923,2056.0,31.174
923,2057.0,31.177
923,2058.0,31.18
923,2059.0,31.183
923,2060.0,31.186
923,2061.0,31.189
923,2062.0,31.191
923,2063.0,31.193
923,2064.0,31.195
923,2065.0,31.197
923,2066.0,31.198
923,2067.0,31.199
923,2068.0,31.2
923,2069.0,31.2
923,2070.0,31.201
923,2071.0,31.201
923,2072.0,31.201
923,2073.0,31.201
923,2074.0,31.201
923,2075.0,31.201
923,2076.0,31.2
923,2077.0,31.2
923,2078.0,31.199
923,2079.0,31.199
923,2080.0,31.199
923,2081.0,31.198
923,2082.0,31.198
923,2083.0,31.198
923,2084.0,31.198
923,2085.0,31.198
923,2086.0,31.198
923,2087.0,31.198
923,2088.0,31.199
923,2089.0,31.199
923,2090.0,31.2
923,2091.0,31.2
923,2092.0,31.2
923,2093.0,31.201
923,2094.0,31.201
923,2095.0,31.201
923,2096.0,31.201
923,2097.0,31.202
923,2098.0,31.202
923,2099.0,31.202
923,2100.0,31.202
924,2024.0,31.23
924,2025.0,31.31
924,2026.0,31.383
924,2027.0,31.451
924,2028.0,31.515
924,2029.0,31.574
924,2030.0,31.629
924,2031.0,31.68
924,2032.0,31.727
924,2033.0,31.773
924,2034.0,31.817
924,2035.0,31.859
924,2036.0,31.9
924,2037.0,31.938
924,2038.0,31.975
924,2039.0,32.009
924,2040.0,32.041
924,2041.0,32.07
924,2042.0,32.098
924,2043.0,32.124
924,2044.0,32.148
924,2045.0,32.171
924,2046.0,32.193
924,2047.0,32.214
924,2048.0,32.234
924,2049.0,32.252
924,2050.0,32.269
924,2051.0,32.284
924,2052.0,32.297
924,2053.0,32.309
924,2054.0,32.32
924,2055.0,32.328
924,2056.0,32.336
924,2057.0,32.343
924,2058.0,32.348
924,2059.0,32.352
924,2060.0,32.354
924,2061.0,32.355
924,2062.0,32.355
924,2063.0,32.356
924,2064.0,32.357
924,2065.0,32.357
924,2066.0,32.358
924,2067.0,32.359
924,2068.0,32.36
924,2069.0,32.361
924,2070.0,32.361
924,2071.0,32.362
924,2072.0,32.363
924,2073.0,32.363
924,2074.0,32.363
924,2075.0,32.364
924,2076.0,32.364
924,2077.0,32.365
924,2078.0,32.365
924,2079.0,32.365
924,2080.0,32.365
924,2081.0,32.365
924,2082.0,32.365
924,2083.0,32.366
924,2084.0,32.366
924,2085.0,32.366
924,2086.0,32.366
924,2087.0,32.366
924,2088.0,32.366
924,2089.0,32.366
924,2090.0,32.366
924,2091.0,32.366
924,2092.0,32.366
924,2093.0,32.366
924,2094.0,32.366
924,2095.0,32.366
924,2096.0,32.366
924,2097.0,32.366
924,2098.0,32.366
924,2099.0,32.367
924,2100.0,32.367
925,2024.0,31.832
925,2025.0,31.877
925,2026.0,31.92
925,2027.0,31.961
925,2028.0,32
925,2029.0,32.036
925,2030.0,32.07
925,2031.0,32.101
925,2032.0,32.13
925,2033.0,32.157
925,2034.0,32.183
925,2035.0,32.208
925,2036.0,32.232
925,2037.0,32.256
925,2038.0,32.279
925,2039.0,32.302
925,2040.0,32.324
925,2041.0,32.346
925,2042.0,32.366
925,2043.0,32.385
925,2044.0,32.402
925,2045.0,32.418
925,2046.0,32.432
925,2047.0,32.446
925,2048.0,32.459
925,2049.0,32.47
925,2050.0,32.481
925,2051.0,32.491
925,2052.0,32.5
925,2053.0,32.507
925,2054.0,32.514
925,2055.0,32.52
925,2056.0,32.526
925,2057.0,32.531
925,2058.0,32.535
925,2059.0,32.54
925,2060.0,32.545
925,2061.0,32.55
925,2062.0,32.554
925,2063.0,32.559
925,2064.0,32.562
925,2065.0,32.565
925,2066.0,32.568
925,2067.0,32.569
925,2068.0,32.571
925,2069.0,32.573
925,2070.0,32.574
925,2071.0,32.576
925,2072.0,32.578
925,2073.0,32.579
925,2074.0,32.58
925,2075.0,32.581
925,2076.0,32.583
925,2077.0,32.584
925,2078.0,32.586
925,2079.0,32.586
925,2080.0,32.588
925,2081.0,32.588
925,2082.0,32.589
925,2083.0,32.59
925,2084.0,32.591
925,2085.0,32.592
925,2086.0,32.593
925,2087.0,32.594
925,2088.0,32.595
925,2089.0,32.596
925,2090.0,32.598
925,2091.0,32.599
925,2092.0,32.6
925,2093.0,32.601
925,2094.0,32.603
925,2095.0,32.604
925,2096.0,32.606
925,2097.0,32.607
925,2098.0,32.609
925,2099.0,32.61
925,2100.0,32.612
926,2024.0,31.631
926,2025.0,31.71
926,2026.0,31.782
926,2027.0,31.845
926,2028.0,31.9
926,2029.0,31.948
926,2030.0,31.989
926,2031.0,32.022
926,2032.0,32.049
926,2033.0,32.075
926,2034.0,32.1
926,2035.0,32.124
926,2036.0,32.147
926,2037.0,32.17
926,2038.0,32.193
926,2039.0,32.215
926,2040.0,32.237
926,2041.0,32.258
926,2042.0,32.278
926,2043.0,32.296
926,2044.0,32.312
926,2045.0,32.327
926,2046.0,32.34
926,2047.0,32.351
926,2048.0,32.362
926,2049.0,32.372
926,2050.0,32.381
926,2051.0,32.39
926,2052.0,32.397
926,2053.0,32.404
926,2054.0,32.409
926,2055.0,32.414
926,2056.0,32.417
926,2057.0,32.419
926,2058.0,32.419
926,2059.0,32.419
926,2060.0,32.419
926,2061.0,32.418
926,2062.0,32.418
926,2063.0,32.417
926,2064.0,32.417
926,2065.0,32.417
926,2066.0,32.417
926,2067.0,32.416
926,2068.0,32.416
926,2069.0,32.417
926,2070.0,32.417
926,2071.0,32.418
926,2072.0,32.419
926,2073.0,32.42
926,2074.0,32.421
926,2075.0,32.422
926,2076.0,32.423
926,2077.0,32.424
926,2078.0,32.424
926,2079.0,32.425
926,2080.0,32.425
926,2081.0,32.426
926,2082.0,32.426
926,2083.0,32.426
926,2084.0,32.426
926,2085.0,32.426
926,2086.0,32.426
926,2087.0,32.426
926,2088.0,32.425
926,2089.0,32.425
926,2090.0,32.425
926,2091.0,32.425
926,2092.0,32.425
926,2093.0,32.424
926,2094.0,32.424
926,2095.0,32.423
926,2096.0,32.423
926,2097.0,32.423
926,2098.0,32.423
926,2099.0,32.424
926,2100.0,32.424
915,2024.0,28.099
915,2025.0,28.136
915,2026.0,28.173
915,2027.0,28.209
915,2028.0,28.244
915,2029.0,28.28
915,2030.0,28.317
915,2031.0,28.354
915,2032.0,28.391
915,2033.0,28.428
915,2034.0,28.465
915,2035.0,28.503
915,2036.0,28.541
915,2037.0,28.579
915,2038.0,28.618
915,2039.0,28.658
915,2040.0,28.698
915,2041.0,28.738
915,2042.0,28.778
915,2043.0,28.818
915,2044.0,28.857
915,2045.0,28.896
915,2046.0,28.934
915,2047.0,28.973
915,2048.0,29.011
915,2049.0,29.049
915,2050.0,29.088
915,2051.0,29.127
915,2052.0,29.166
915,2053.0,29.206
915,2054.0,29.246
915,2055.0,29.286
915,2056.0,29.326
915,2057.0,29.366
915,2058.0,29.407
915,2059.0,29.446
915,2060.0,29.485
915,2061.0,29.524
915,2062.0,29.562
915,2063.0,29.599
915,2064.0,29.635
915,2065.0,29.672
915,2066.0,29.708
915,2067.0,29.743
915,2068.0,29.779
915,2069.0,29.814
915,2070.0,29.849
915,2071.0,29.885
915,2072.0,29.92
915,2073.0,29.955
915,2074.0,29.99
915,2075.0,30.025
915,2076.0,30.059
915,2077.0,30.094
915,2078.0,30.128
915,2079.0,30.162
915,2080.0,30.196
915,2081.0,30.23
915,2082.0,30.263
915,2083.0,30.296
915,2084.0,30.329
915,2085.0,30.361
915,2086.0,30.393
915,2087.0,30.425
915,2088.0,30.456
915,2089.0,30.487
915,2090.0,30.517
915,2091.0,30.546
915,2092.0,30.575
915,2093.0,30.605
915,2094.0,30.632
915,2095.0,30.66
915,2096.0,30.688
915,2097.0,30.715
915,2098.0,30.741
915,2099.0,30.767
915,2100.0,30.792
916,2024.0,26.873
916,2025.0,26.88
916,2026.0,26.889
916,2027.0,26.899
916,2028.0,26.91
916,2029.0,26.921
916,2030.0,26.934
916,2031.0,26.948
916,2032.0,26.962
916,2033.0,26.977
916,2034.0,26.993
916,2035.0,27.009
916,2036.0,27.025
916,2037.0,27.043
916,2038.0,27.06
916,2039.0,27.079
916,2040.0,27.099
916,2041.0,27.121
916,2042.0,27.143
916,2043.0,27.167
916,2044.0,27.191
916,2045.0,27.217
916,2046.0,27.243
916,2047.0,27.271
916,2048.0,27.299
916,2049.0,27.329
916,2050.0,27.36
916,2051.0,27.392
916,2052.0,27.425
916,2053.0,27.459
916,2054.0,27.493
916,2055.0,27.528
916,2056.0,27.564
916,2057.0,27.601
916,2058.0,27.638
916,2059.0,27.676
916,2060.0,27.715
916,2061.0,27.755
916,2062.0,27.795
916,2063.0,27.836
916,2064.0,27.878
916,2065.0,27.921
916,2066.0,27.964
916,2067.0,28.008
916,2068.0,28.053
916,2069.0,28.098
916,2070.0,28.144
916,2071.0,28.191
916,2072.0,28.238
916,2073.0,28.286
916,2074.0,28.334
916,2075.0,28.383
916,2076.0,28.432
916,2077.0,28.482
916,2078.0,28.532
916,2079.0,28.584
916,2080.0,28.635
916,2081.0,28.687
916,2082.0,28.739
916,2083.0,28.792
916,2084.0,28.845
916,2085.0,28.899
916,2086.0,28.953
916,2087.0,29.007
916,2088.0,29.062
916,2089.0,29.116
916,2090.0,29.171
916,2091.0,29.227
916,2092.0,29.282
916,2093.0,29.338
916,2094.0,29.393
916,2095.0,29.449
916,2096.0,29.505
916,2097.0,29.561
916,2098.0,29.617
916,2099.0,29.673
916,2100.0,29.73
931,2024.0,27.864
931,2025.0,27.933
931,2026.0,28.003
931,2027.0,28.072
931,2028.0,28.142
931,2029.0,28.212
931,2030.0,28.282
931,2031.0,28.35
931,2032.0,28.418
931,2033.0,28.485
931,2034.0,28.55
931,2035.0,28.613
931,2036.0,28.673
931,2037.0,28.731
931,2038.0,28.788
931,2039.0,28.843
931,2040.0,28.898
931,2041.0,28.952
931,2042.0,29.006
931,2043.0,29.059
931,2044.0,29.111
931,2045.0,29.163
931,2046.0,29.214
931,2047.0,29.265
931,2048.0,29.316
931,2049.0,29.367
931,2050.0,29.418
931,2051.0,29.468
931,2052.0,29.518
931,2053.0,29.567
931,2054.0,29.614
931,2055.0,29.661
931,2056.0,29.706
931,2057.0,29.75
931,2058.0,29.793
931,2059.0,29.835
931,2060.0,29.876
931,2061.0,29.915
931,2062.0,29.953
931,2063.0,29.991
931,2064.0,30.028
931,2065.0,30.065
931,2066.0,30.1
931,2067.0,30.135
931,2068.0,30.169
931,2069.0,30.202
931,2070.0,30.235
931,2071.0,30.266
931,2072.0,30.297
931,2073.0,30.327
931,2074.0,30.357
931,2075.0,30.386
931,2076.0,30.414
931,2077.0,30.442
931,2078.0,30.468
931,2079.0,30.494
931,2080.0,30.519
931,2081.0,30.544
931,2082.0,30.569
931,2083.0,30.593
931,2084.0,30.616
931,2085.0,30.638
931,2086.0,30.661
931,2087.0,30.683
931,2088.0,30.704
931,2089.0,30.726
931,2090.0,30.746
931,2091.0,30.766
931,2092.0,30.787
931,2093.0,30.807
931,2094.0,30.827
931,2095.0,30.847
931,2096.0,30.867
931,2097.0,30.88
931,2098.0,30.892
931,2099.0,30.905
931,2100.0,30.918
927,2024.0,31.329
927,2025.0,31.387
927,2026.0,31.437
927,2027.0,31.48
927,2028.0,31.516
927,2029.0,31.544
927,2030.0,31.566
927,2031.0,31.58
927,2032.0,31.588
927,2033.0,31.596
927,2034.0,31.603
927,2035.0,31.61
927,2036.0,31.616
927,2037.0,31.622
927,2038.0,31.628
927,2039.0,31.634
927,2040.0,31.639
927,2041.0,31.644
927,2042.0,31.648
927,2043.0,31.653
927,2044.0,31.657
927,2045.0,31.66
927,2046.0,31.664
927,2047.0,31.667
927,2048.0,31.67
927,2049.0,31.673
927,2050.0,31.676
927,2051.0,31.678
927,2052.0,31.68
927,2053.0,31.682
927,2054.0,31.683
927,2055.0,31.685
927,2056.0,31.686
927,2057.0,31.687
927,2058.0,31.688
927,2059.0,31.688
927,2060.0,31.688
927,2061.0,31.689
927,2062.0,31.689
927,2063.0,31.689
927,2064.0,31.689
927,2065.0,31.688
927,2066.0,31.688
927,2067.0,31.688
927,2068.0,31.688
927,2069.0,31.688
927,2070.0,31.688
927,2071.0,31.688
927,2072.0,31.688
927,2073.0,31.688
927,2074.0,31.687
927,2075.0,31.687
927,2076.0,31.687
927,2077.0,31.687
927,2078.0,31.687
927,2079.0,31.687
927,2080.0,31.687
927,2081.0,31.687
927,2082.0,31.687
927,2083.0,31.687
927,2084.0,31.687
927,2085.0,31.687
927,2086.0,31.686
927,2087.0,31.686
927,2088.0,31.686
927,2089.0,31.686
927,2090.0,31.687
927,2091.0,31.686
927,2092.0,31.686
927,2093.0,31.686
927,2094.0,31.686
927,2095.0,31.686
927,2096.0,31.686
927,2097.0,31.686
927,2098.0,31.686
927,2099.0,31.685
927,2100.0,31.685
928,2024.0,29.163
928,2025.0,29.143
928,2026.0,29.124
928,2027.0,29.106
928,2028.0,29.088
928,2029.0,29.072
928,2030.0,29.057
928,2031.0,29.043
928,2032.0,29.031
928,2033.0,29.019
928,2034.0,29.008
928,2035.0,28.998
928,2036.0,28.989
928,2037.0,28.981
928,2038.0,28.974
928,2039.0,28.968
928,2040.0,28.964
928,2041.0,28.96
928,2042.0,28.957
928,2043.0,28.954
928,2044.0,28.953
928,2045.0,28.953
928,2046.0,28.953
928,2047.0,28.954
928,2048.0,28.956
928,2049.0,28.958
928,2050.0,28.961
928,2051.0,28.964
928,2052.0,28.969
928,2053.0,28.974
928,2054.0,28.98
928,2055.0,28.987
928,2056.0,28.996
928,2057.0,29.004
928,2058.0,29.013
928,2059.0,29.023
928,2060.0,29.034
928,2061.0,29.044
928,2062.0,29.056
928,2063.0,29.068
928,2064.0,29.081
928,2065.0,29.094
928,2066.0,29.109
928,2067.0,29.123
928,2068.0,29.138
928,2069.0,29.154
928,2070.0,29.17
928,2071.0,29.187
928,2072.0,29.205
928,2073.0,29.222
928,2074.0,29.241
928,2075.0,29.26
928,2076.0,29.28
928,2077.0,29.3
928,2078.0,29.32
928,2079.0,29.342
928,2080.0,29.363
928,2081.0,29.385
928,2082.0,29.408
928,2083.0,29.431
928,2084.0,29.454
928,2085.0,29.477
928,2086.0,29.501
928,2087.0,29.526
928,2088.0,29.551
928,2089.0,29.576
928,2090.0,29.602
928,2091.0,29.628
928,2092.0,29.654
928,2093.0,29.681
928,2094.0,29.708
928,2095.0,29.736
928,2096.0,29.764
928,2097.0,29.792
928,2098.0,29.82
928,2099.0,29.849
928,2100.0,29.878
954,2024.0,28.796
954,2025.0,28.827
954,2026.0,28.859
954,2027.0,28.892
954,2028.0,28.925
954,2029.0,28.953
954,2030.0,28.985
954,2031.0,29.016
954,2032.0,29.034
954,2033.0,29.062
954,2034.0,29.091
954,2035.0,29.109
954,2036.0,29.125
954,2037.0,29.142
954,2038.0,29.152
954,2039.0,29.164
954,2040.0,29.17
954,2041.0,29.178
954,2042.0,29.183
954,2043.0,29.181
954,2044.0,29.198
954,2045.0,29.213
954,2046.0,29.218
954,2047.0,29.242
954,2048.0,29.261
954,2049.0,29.272
954,2050.0,29.288
954,2051.0,29.307
954,2052.0,29.323
954,2053.0,29.345
954,2054.0,29.359
954,2055.0,29.386
954,2056.0,29.407
954,2057.0,29.425
954,2058.0,29.45
954,2059.0,29.467
954,2060.0,29.484
954,2061.0,29.513
954,2062.0,29.543
954,2063.0,29.561
954,2064.0,29.587
954,2065.0,29.602
954,2066.0,29.625
954,2067.0,29.654
954,2068.0,29.673
954,2069.0,29.693
954,2070.0,29.709
954,2071.0,29.725
954,2072.0,29.747
954,2073.0,29.757
954,2074.0,29.772
954,2075.0,29.793
954,2076.0,29.815
954,2077.0,29.828
954,2078.0,29.852
954,2079.0,29.879
954,2080.0,29.898
954,2081.0,29.92
954,2082.0,29.942
954,2083.0,29.965
954,2084.0,29.982
954,2085.0,30.006
954,2086.0,30.03
954,2087.0,30.048
954,2088.0,30.071
954,2089.0,30.091
954,2090.0,30.12
954,2091.0,30.145
954,2092.0,30.162
954,2093.0,30.185
954,2094.0,30.214
954,2095.0,30.237
954,2096.0,30.252
954,2097.0,30.277
954,2098.0,30.299
954,2099.0,30.328
954,2100.0,30.351
957,2024.0,29.188
957,2025.0,29.186
957,2026.0,29.174
957,2027.0,29.17
957,2028.0,29.159
957,2029.0,29.145
957,2030.0,29.129
957,2031.0,29.115
957,2032.0,29.096
957,2033.0,29.073
957,2034.0,29.05
957,2035.0,29.049
957,2036.0,29.044
957,2037.0,29.029
957,2038.0,29.017
957,2039.0,29.012
957,2040.0,29.01
957,2041.0,29.015
957,2042.0,29.023
957,2043.0,29.043
957,2044.0,29.045
957,2045.0,29.053
957,2046.0,29.068
957,2047.0,29.086
957,2048.0,29.098
957,2049.0,29.104
957,2050.0,29.105
957,2051.0,29.121
957,2052.0,29.124
957,2053.0,29.125
957,2054.0,29.13
957,2055.0,29.127
957,2056.0,29.128
957,2057.0,29.129
957,2058.0,29.123
957,2059.0,29.137
957,2060.0,29.141
957,2061.0,29.142
957,2062.0,29.146
957,2063.0,29.156
957,2064.0,29.152
957,2065.0,29.162
957,2066.0,29.175
957,2067.0,29.18
957,2068.0,29.187
957,2069.0,29.199
957,2070.0,29.203
957,2071.0,29.221
957,2072.0,29.225
957,2073.0,29.225
957,2074.0,29.234
957,2075.0,29.24
957,2076.0,29.243
957,2077.0,29.249
957,2078.0,29.256
957,2079.0,29.269
957,2080.0,29.281
957,2081.0,29.289
957,2082.0,29.308
957,2083.0,29.32
957,2084.0,29.327
957,2085.0,29.343
957,2086.0,29.357
957,2087.0,29.373
957,2088.0,29.391
957,2089.0,29.412
957,2090.0,29.423
957,2091.0,29.446
957,2092.0,29.464
957,2093.0,29.486
957,2094.0,29.51
957,2095.0,29.525
957,2096.0,29.545
957,2097.0,29.574
957,2098.0,29.593
957,2099.0,29.614
957,2100.0,29.633
