subregion,time,popsexratio
910,1950,98.8947
910,1951,98.7934
910,1952,98.7015
910,1953,98.6169
910,1954,98.5397
910,1955,98.4681
910,1956,98.4021
910,1957,98.3382
910,1958,98.2736
910,1959,98.216
910,1960,98.1705
910,1961,98.1534
910,1962,98.1591
910,1963,98.1593
910,1964,98.1604
910,1965,98.1599
910,1966,98.1484
910,1967,98.1342
910,1968,98.1248
910,1969,98.116
910,1970,98.0863
910,1971,98.0367
910,1972,97.9732
910,1973,97.9139
910,1974,97.873
910,1975,97.8298
910,1976,97.776
910,1977,97.6767
910,1978,97.4922
910,1979,97.3263
910,1980,97.4428
910,1981,97.5843
910,1982,97.5524
910,1983,97.5359
910,1984,97.4866
910,1985,97.4644
910,1986,97.4843
910,1987,97.4923
910,1988,97.4504
910,1989,97.3972
910,1990,97.3838
910,1991,97.3985
910,1992,97.3939
910,1993,97.3981
910,1994,97.4148
910,1995,97.4131
910,1996,97.4
910,1997,97.4083
910,1998,97.4444
910,1999,97.4552
910,2000,97.4861
910,2001,97.5399
910,2002,97.5932
910,2003,97.6503
910,2004,97.7093
910,2005,97.7629
910,2006,97.8184
910,2007,97.8721
910,2008,97.9132
910,2009,97.9314
910,2010,97.9497
910,2011,97.9802
910,2012,98.016
910,2013,98.0605
910,2014,98.1009
910,2015,98.1508
910,2016,98.2113
910,2017,98.2618
910,2018,98.2906
910,2019,98.3069
910,2020,98.3274
910,2021,98.3415
910,2022,98.3503
910,2023,98.3661
910,2024,98.3867
910,2025,98.4063
910,2026,98.4234
910,2027,98.438
910,2028,98.4502
910,2029,98.4599
910,2030,98.467
910,2031,98.4715
910,2032,98.4734
910,2033,98.4729
910,2034,98.47
910,2035,98.4649
910,2036,98.4574
910,2037,98.4475
910,2038,98.4355
910,2039,98.4214
910,2040,98.4052
910,2041,98.3868
910,2042,98.3664
910,2043,98.3442
910,2044,98.3203
910,2045,98.2945
910,2046,98.2668
910,2047,98.2374
910,2048,98.2066
910,2049,98.1742
910,2050,98.1404
910,2051,98.1051
910,2052,98.0687
910,2053,98.0311
910,2054,97.9926
910,2055,97.953
910,2056,97.9124
910,2057,97.8709
910,2058,97.8287
910,2059,97.7858
910,2060,97.7422
910,2061,97.6979
910,2062,97.6531
910,2063,97.6079
910,2064,97.5622
910,2065,97.5161
910,2066,97.4699
910,2067,97.4236
910,2068,97.377
910,2069,97.3305
910,2070,97.284
910,2071,97.2376
910,2072,97.1912
910,2073,97.145
910,2074,97.099
910,2075,97.0532
910,2076,97.0076
910,2077,96.9624
910,2078,96.9175
910,2079,96.8728
910,2080,96.8284
910,2081,96.7847
910,2082,96.7418
910,2083,96.6995
910,2084,96.6582
910,2085,96.618
910,2086,96.5789
910,2087,96.541
910,2088,96.5044
910,2089,96.4689
910,2090,96.4347
910,2091,96.4021
910,2092,96.371
910,2093,96.3413
910,2094,96.3131
910,2095,96.2864
910,2096,96.2616
910,2097,96.2388
910,2098,96.2178
910,2099,96.1988
910,2100,96.182
911,1950,92.3428
911,1951,92.5326
911,1952,92.7171
911,1953,92.9131
911,1954,93.1369
911,1955,93.3963
911,1956,93.6855
911,1957,93.9796
911,1958,94.2748
911,1959,94.5689
911,1960,94.7954
911,1961,94.8731
911,1962,94.9505
911,1963,95.1133
911,1964,95.2704
911,1965,95.433
911,1966,95.6345
911,1967,95.8614
911,1968,96.084
911,1969,96.2781
911,1970,96.3944
911,1971,96.4643
911,1972,96.541
911,1973,96.6207
911,1974,96.7002
911,1975,96.7755
911,1976,96.8498
911,1977,96.9262
911,1978,97.0108
911,1979,97.1019
911,1980,97.1879
911,1981,97.2738
911,1982,97.3635
911,1983,97.4476
911,1984,97.524
911,1985,97.6053
911,1986,97.6909
911,1987,97.755
911,1988,97.8044
911,1989,97.8521
911,1990,97.884
911,1991,97.9228
911,1992,97.9666
911,1993,97.9828
911,1994,98.007
911,1995,98.0477
911,1996,98.0653
911,1997,98.0642
911,1998,98.038
911,1999,97.9876
911,2000,97.9802
911,2001,98.0113
911,2002,98.0456
911,2003,98.0968
911,2004,98.1625
911,2005,98.2339
911,2006,98.3028
911,2007,98.3697
911,2008,98.4358
911,2009,98.4959
911,2010,98.5509
911,2011,98.606
911,2012,98.661
911,2013,98.7112
911,2014,98.7539
911,2015,98.791
911,2016,98.8279
911,2017,98.8653
911,2018,98.8969
911,2019,98.9209
911,2020,98.9349
911,2021,98.9334
911,2022,98.9274
911,2023,98.9312
911,2024,98.9435
911,2025,98.9554
911,2026,98.9638
911,2027,98.9699
911,2028,98.9736
911,2029,98.975
911,2030,98.9745
911,2031,98.9718
911,2032,98.967
911,2033,98.96
911,2034,98.9511
911,2035,98.9405
911,2036,98.9277
911,2037,98.9126
911,2038,98.8957
911,2039,98.8772
911,2040,98.8572
911,2041,98.8356
911,2042,98.8125
911,2043,98.7875
911,2044,98.7608
911,2045,98.7326
911,2046,98.7031
911,2047,98.6722
911,2048,98.6401
911,2049,98.6071
911,2050,98.5723
911,2051,98.5357
911,2052,98.4978
911,2053,98.4586
911,2054,98.4183
911,2055,98.3766
911,2056,98.3339
911,2057,98.2902
911,2058,98.2453
911,2059,98.1988
911,2060,98.1512
911,2061,98.1028
911,2062,98.0531
911,2063,98.0026
911,2064,97.9515
911,2065,97.8993
911,2066,97.8458
911,2067,97.7917
911,2068,97.7366
911,2069,97.6803
911,2070,97.623
911,2071,97.5643
911,2072,97.5049
911,2073,97.4447
911,2074,97.3836
911,2075,97.3218
911,2076,97.2593
911,2077,97.196
911,2078,97.132
911,2079,97.0673
911,2080,97.0018
911,2081,96.9353
911,2082,96.8683
911,2083,96.8007
911,2084,96.7325
911,2085,96.6639
911,2086,96.5943
911,2087,96.5239
911,2088,96.4528
911,2089,96.3811
911,2090,96.3091
911,2091,96.2367
911,2092,96.1641
911,2093,96.0916
911,2094,96.0191
911,2095,95.9464
911,2096,95.8736
911,2097,95.8012
911,2098,95.7291
911,2099,95.6572
911,2100,95.5858
912,1950,101.9506
912,1951,101.8685
912,1952,101.8067
912,1953,101.7763
912,1954,101.7278
912,1955,101.6445
912,1956,101.5727
912,1957,101.5144
912,1958,101.4414
912,1959,101.3847
912,1960,101.3658
912,1961,101.4164
912,1962,101.5296
912,1963,101.6461
912,1964,101.7814
912,1965,101.9296
912,1966,101.982
912,1967,101.9445
912,1968,101.912
912,1969,101.8742
912,1970,101.8247
912,1971,101.7592
912,1972,101.6657
912,1973,101.55
912,1974,101.4907
912,1975,101.4941
912,1976,101.506
912,1977,101.5612
912,1978,101.652
912,1979,101.7473
912,1980,101.8573
912,1981,101.9726
912,1982,102.063
912,1983,102.1017
912,1984,102.1317
912,1985,102.184
912,1986,102.2302
912,1987,102.2468
912,1988,102.2127
912,1989,102.2105
912,1990,102.2632
912,1991,102.3023
912,1992,102.3211
912,1993,102.2995
912,1994,102.2738
912,1995,102.2582
912,1996,102.2868
912,1997,102.3761
912,1998,102.3972
912,1999,102.3745
912,2000,102.355
912,2001,102.3141
912,2002,102.2814
912,2003,102.2468
912,2004,102.1857
912,2005,102.1127
912,2006,102.0705
912,2007,102.0559
912,2008,102.042
912,2009,102.0279
912,2010,102.0204
912,2011,102.0456
912,2012,102.0635
912,2013,102.0446
912,2014,102.0191
912,2015,101.9966
912,2016,101.9748
912,2017,101.9487
912,2018,101.9201
912,2019,101.8906
912,2020,101.8559
912,2021,101.8116
912,2022,101.7657
912,2023,101.7212
912,2024,101.6763
912,2025,101.6301
912,2026,101.5824
912,2027,101.5334
912,2028,101.4834
912,2029,101.4325
912,2030,101.3809
912,2031,101.3288
912,2032,101.2766
912,2033,101.2249
912,2034,101.1737
912,2035,101.123
912,2036,101.0729
912,2037,101.0234
912,2038,100.9746
912,2039,100.9265
912,2040,100.8789
912,2041,100.8319
912,2042,100.7856
912,2043,100.7397
912,2044,100.6945
912,2045,100.6499
912,2046,100.6062
912,2047,100.5633
912,2048,100.5211
912,2049,100.4792
912,2050,100.4378
912,2051,100.397
912,2052,100.3569
912,2053,100.3176
912,2054,100.2787
912,2055,100.2403
912,2056,100.2027
912,2057,100.1662
912,2058,100.1306
912,2059,100.0962
912,2060,100.0632
912,2061,100.0318
912,2062,100.0018
912,2063,99.9734
912,2064,99.9471
912,2065,99.9225
912,2066,99.8997
912,2067,99.8791
912,2068,99.8605
912,2069,99.8432
912,2070,99.8275
912,2071,99.8135
912,2072,99.8008
912,2073,99.7891
912,2074,99.7786
912,2075,99.7693
912,2076,99.7609
912,2077,99.7532
912,2078,99.7456
912,2079,99.7383
912,2080,99.7311
912,2081,99.7237
912,2082,99.716
912,2083,99.7078
912,2084,99.6992
912,2085,99.69
912,2086,99.6801
912,2087,99.67
912,2088,99.6597
912,2089,99.6494
912,2090,99.6391
912,2091,99.6288
912,2092,99.6184
912,2093,99.6084
912,2094,99.5987
912,2095,99.5888
912,2096,99.5797
912,2097,99.5718
912,2098,99.5641
912,2099,99.5559
912,2100,99.548
913,1950,105.1941
913,1951,105.1509
913,1952,105.0955
913,1953,105.048
913,1954,104.9776
913,1955,104.8508
913,1956,104.6843
913,1957,104.4867
913,1958,104.3005
913,1959,104.0745
913,1960,103.7301
913,1961,103.3486
913,1962,102.9781
913,1963,102.6092
913,1964,102.2538
913,1965,101.8956
913,1966,101.5379
913,1967,101.2297
913,1968,100.9702
913,1969,100.7316
913,1970,100.522
913,1971,100.6919
913,1972,101.2591
913,1973,101.8832
913,1974,102.4717
913,1975,102.9901
913,1976,103.3539
913,1977,103.9004
913,1978,104.7123
913,1979,105.4209
913,1980,106.031
913,1981,105.5005
913,1982,103.7454
913,1983,101.4966
913,1984,98.8508
913,1985,95.6219
913,1986,93.935
913,1987,94.1909
913,1988,94.4452
913,1989,94.6887
913,1990,94.8923
913,1991,94.9937
913,1992,94.4811
913,1993,93.3893
913,1994,92.3872
913,1995,91.4394
913,1996,90.5172
913,1997,90.206
913,1998,90.4088
913,1999,90.6255
913,2000,90.8473
913,2001,91.0494
913,2002,91.2508
913,2003,91.4787
913,2004,91.7224
913,2005,91.9692
913,2006,92.2104
913,2007,92.4446
913,2008,92.6736
913,2009,92.894
913,2010,93.1193
913,2011,93.3534
913,2012,93.5817
913,2013,93.7987
913,2014,94.1182
913,2015,94.7189
913,2016,94.7171
913,2017,94.3835
913,2018,94.5017
913,2019,94.6433
913,2020,94.7946
913,2021,94.9461
913,2022,95.1063
913,2023,95.2707
913,2024,95.4095
913,2025,95.5299
913,2026,95.6427
913,2027,95.748
913,2028,95.846
913,2029,95.937
913,2030,96.0214
913,2031,96.0995
913,2032,96.1715
913,2033,96.2376
913,2034,96.2981
913,2035,96.353
913,2036,96.4022
913,2037,96.4456
913,2038,96.4831
913,2039,96.515
913,2040,96.5415
913,2041,96.5625
913,2042,96.5782
913,2043,96.5881
913,2044,96.5925
913,2045,96.5916
913,2046,96.5851
913,2047,96.5736
913,2048,96.5576
913,2049,96.537
913,2050,96.5119
913,2051,96.4824
913,2052,96.4486
913,2053,96.4111
913,2054,96.3701
913,2055,96.3259
913,2056,96.2793
913,2057,96.2299
913,2058,96.1781
913,2059,96.1249
913,2060,96.0697
913,2061,96.013
913,2062,95.9555
913,2063,95.8981
913,2064,95.8416
913,2065,95.786
913,2066,95.7311
913,2067,95.6769
913,2068,95.6244
913,2069,95.5735
913,2070,95.5247
913,2071,95.4788
913,2072,95.4356
913,2073,95.3945
913,2074,95.3563
913,2075,95.321
913,2076,95.288
913,2077,95.2579
913,2078,95.2298
913,2079,95.203
913,2080,95.1773
913,2081,95.1524
913,2082,95.1281
913,2083,95.1052
913,2084,95.0833
913,2085,95.0618
913,2086,95.0401
913,2087,95.0186
913,2088,94.9978
913,2089,94.9772
913,2090,94.9572
913,2091,94.9384
913,2092,94.9213
913,2093,94.9061
913,2094,94.8924
913,2095,94.8807
913,2096,94.8719
913,2097,94.8662
913,2098,94.8643
913,2099,94.8664
913,2100,94.8719
914,1950,99.9042
914,1951,99.8672
914,1952,99.8347
914,1953,99.8027
914,1954,99.7738
914,1955,99.7511
914,1956,99.7309
914,1957,99.7112
914,1958,99.6958
914,1959,99.6888
914,1960,99.6867
914,1961,99.6723
914,1962,99.6508
914,1963,99.6357
914,1964,99.6189
914,1965,99.6076
914,1966,99.6105
914,1967,99.5899
914,1968,99.5484
914,1969,99.5248
914,1970,99.5429
914,1971,99.6075
914,1972,99.6819
914,1973,99.7503
914,1974,99.8142
914,1975,99.8671
914,1976,99.9053
914,1977,99.9055
914,1978,99.8707
914,1979,99.8329
914,1980,99.8001
914,1981,99.7824
914,1982,99.7695
914,1983,99.7428
914,1984,99.75
914,1985,99.7837
914,1986,99.8056
914,1987,99.8351
914,1988,99.8879
914,1989,99.9463
914,1990,99.9904
914,1991,100.0141
914,1992,100.029
914,1993,100.0526
914,1994,100.076
914,1995,100.0878
914,1996,100.09
914,1997,100.0854
914,1998,100.0965
914,1999,100.1243
914,2000,100.1526
914,2001,100.1778
914,2002,100.2195
914,2003,100.2805
914,2004,100.3388
914,2005,100.3865
914,2006,100.4356
914,2007,100.4958
914,2008,100.5566
914,2009,100.6187
914,2010,100.6794
914,2011,100.7283
914,2012,100.766
914,2013,100.8038
914,2014,100.8448
914,2015,100.8902
914,2016,100.9438
914,2017,100.9989
914,2018,101.0502
914,2019,101.0986
914,2020,101.137
914,2021,101.1695
914,2022,101.2015
914,2023,101.2312
914,2024,101.2583
914,2025,101.2826
914,2026,101.3033
914,2027,101.3206
914,2028,101.3345
914,2029,101.3449
914,2030,101.3521
914,2031,101.3564
914,2032,101.3578
914,2033,101.3567
914,2034,101.3531
914,2035,101.3466
914,2036,101.3378
914,2037,101.3268
914,2038,101.3135
914,2039,101.2981
914,2040,101.2806
914,2041,101.2612
914,2042,101.2399
914,2043,101.2168
914,2044,101.1918
914,2045,101.165
914,2046,101.1365
914,2047,101.1062
914,2048,101.0743
914,2049,101.0411
914,2050,101.0061
914,2051,100.9694
914,2052,100.9306
914,2053,100.89
914,2054,100.8479
914,2055,100.8047
914,2056,100.7603
914,2057,100.7146
914,2058,100.6677
914,2059,100.6194
914,2060,100.5699
914,2061,100.5194
914,2062,100.4678
914,2063,100.415
914,2064,100.3613
914,2065,100.3068
914,2066,100.2511
914,2067,100.1944
914,2068,100.1366
914,2069,100.0778
914,2070,100.0178
914,2071,99.9564
914,2072,99.8942
914,2073,99.8313
914,2074,99.7674
914,2075,99.7023
914,2076,99.6365
914,2077,99.5697
914,2078,99.502
914,2079,99.4338
914,2080,99.3651
914,2081,99.2962
914,2082,99.2274
914,2083,99.1581
914,2084,99.0885
914,2085,99.0191
914,2086,98.9495
914,2087,98.8798
914,2088,98.8103
914,2089,98.7411
914,2090,98.6718
914,2091,98.6022
914,2092,98.533
914,2093,98.4642
914,2094,98.3957
914,2095,98.3277
914,2096,98.2597
914,2097,98.192
914,2098,98.1248
914,2099,98.058
914,2100,97.992
5500,1950,92.9714
5500,1951,93.0151
5500,1952,93.0597
5500,1953,93.1127
5500,1954,93.1764
5500,1955,93.2512
5500,1956,93.3394
5500,1957,93.4411
5500,1958,93.553
5500,1959,93.6782
5500,1960,93.815
5500,1961,93.9658
5500,1962,94.1253
5500,1963,94.2769
5500,1964,94.4179
5500,1965,94.5569
5500,1966,94.6868
5500,1967,94.8042
5500,1968,94.9191
5500,1969,95.0267
5500,1970,95.1254
5500,1971,95.214
5500,1972,95.3012
5500,1973,95.4027
5500,1974,95.5095
5500,1975,95.6207
5500,1976,95.7418
5500,1977,95.8729
5500,1978,96.0079
5500,1979,96.1369
5500,1980,96.2545
5500,1981,96.3659
5500,1982,96.4818
5500,1983,96.6077
5500,1984,96.7153
5500,1985,96.7483
5500,1986,96.6453
5500,1987,96.4403
5500,1988,96.2032
5500,1989,96.1553
5500,1990,96.3286
5500,1991,96.5128
5500,1992,96.6647
5500,1993,96.7442
5500,1994,96.7679
5500,1995,96.784
5500,1996,96.7671
5500,1997,96.6905
5500,1998,96.5705
5500,1999,96.4526
5500,2000,96.3842
5500,2001,96.3658
5500,2002,96.3709
5500,2003,96.3811
5500,2004,96.3921
5500,2005,96.4155
5500,2006,96.4575
5500,2007,96.5231
5500,2008,96.6112
5500,2009,96.7167
5500,2010,96.8358
5500,2011,96.9568
5500,2012,97.0719
5500,2013,97.1823
5500,2014,97.2893
5500,2015,97.3937
5500,2016,97.4995
5500,2017,97.5908
5500,2018,97.6658
5500,2019,97.7315
5500,2020,97.7878
5500,2021,97.8459
5500,2022,97.9099
5500,2023,97.9735
5500,2024,98.0264
5500,2025,98.0673
5500,2026,98.0995
5500,2027,98.1243
5500,2028,98.143
5500,2029,98.1572
5500,2030,98.1682
5500,2031,98.1769
5500,2032,98.1838
5500,2033,98.1901
5500,2034,98.1965
5500,2035,98.2035
5500,2036,98.2113
5500,2037,98.2202
5500,2038,98.2308
5500,2039,98.2434
5500,2040,98.2578
5500,2041,98.2741
5500,2042,98.2918
5500,2043,98.3104
5500,2044,98.3298
5500,2045,98.3491
5500,2046,98.3681
5500,2047,98.3863
5500,2048,98.4034
5500,2049,98.4194
5500,2050,98.4337
5500,2051,98.4463
5500,2052,98.4574
5500,2053,98.4671
5500,2054,98.4753
5500,2055,98.4827
5500,2056,98.4892
5500,2057,98.4953
5500,2058,98.5014
5500,2059,98.5077
5500,2060,98.5144
5500,2061,98.5218
5500,2062,98.5303
5500,2063,98.5401
5500,2064,98.5515
5500,2065,98.5648
5500,2066,98.5803
5500,2067,98.598
5500,2068,98.6179
5500,2069,98.6403
5500,2070,98.6652
5500,2071,98.6925
5500,2072,98.7222
5500,2073,98.7543
5500,2074,98.7884
5500,2075,98.8242
5500,2076,98.8614
5500,2077,98.8996
5500,2078,98.9379
5500,2079,98.9759
5500,2080,99.0131
5500,2081,99.0488
5500,2082,99.0831
5500,2083,99.1154
5500,2084,99.1449
5500,2085,99.1717
5500,2086,99.1958
5500,2087,99.2178
5500,2088,99.237
5500,2089,99.2535
5500,2090,99.2678
5500,2091,99.2804
5500,2092,99.2918
5500,2093,99.3021
5500,2094,99.3123
5500,2095,99.3229
5500,2096,99.3347
5500,2097,99.3483
5500,2098,99.3633
5500,2099,99.3804
5500,2100,99.401
906,1950,104.3536
906,1951,104.0788
906,1952,103.9038
906,1953,103.7992
906,1954,103.7233
906,1955,103.6487
906,1956,103.5647
906,1957,103.4846
906,1958,103.4052
906,1959,103.3037
906,1960,103.1772
906,1961,103.0579
906,1962,102.9784
906,1963,102.9377
906,1964,102.9063
906,1965,102.8702
906,1966,102.8353
906,1967,102.8077
906,1968,102.7967
906,1969,102.7998
906,1970,102.8098
906,1971,102.8297
906,1972,102.8538
906,1973,102.8749
906,1974,102.8885
906,1975,102.8896
906,1976,102.8813
906,1977,102.8679
906,1978,102.8511
906,1979,102.8354
906,1980,102.8224
906,1981,102.8108
906,1982,102.8037
906,1983,102.7967
906,1984,102.7917
906,1985,102.7979
906,1986,102.8196
906,1987,102.8565
906,1988,102.9015
906,1989,102.9567
906,1990,103.0275
906,1991,103.0997
906,1992,103.1609
906,1993,103.2131
906,1994,103.2655
906,1995,103.3191
906,1996,103.3694
906,1997,103.4176
906,1998,103.4547
906,1999,103.4935
906,2000,103.5392
906,2001,103.5603
906,2002,103.5597
906,2003,103.5566
906,2004,103.5523
906,2005,103.5476
906,2006,103.5464
906,2007,103.5468
906,2008,103.5466
906,2009,103.5472
906,2010,103.5458
906,2011,103.5478
906,2012,103.555
906,2013,103.5577
906,2014,103.5527
906,2015,103.5372
906,2016,103.5072
906,2017,103.4551
906,2018,103.3864
906,2019,103.3143
906,2020,103.2244
906,2021,103.1157
906,2022,103.0137
906,2023,102.9209
906,2024,102.8257
906,2025,102.7282
906,2026,102.6288
906,2027,102.528
906,2028,102.4261
906,2029,102.3236
906,2030,102.2217
906,2031,102.1211
906,2032,102.0229
906,2033,101.9281
906,2034,101.8377
906,2035,101.7524
906,2036,101.6731
906,2037,101.6007
906,2038,101.5357
906,2039,101.4788
906,2040,101.4303
906,2041,101.3901
906,2042,101.3588
906,2043,101.3361
906,2044,101.3213
906,2045,101.3144
906,2046,101.3145
906,2047,101.321
906,2048,101.3327
906,2049,101.3479
906,2050,101.3654
906,2051,101.3845
906,2052,101.4052
906,2053,101.4268
906,2054,101.4493
906,2055,101.473
906,2056,101.4991
906,2057,101.5286
906,2058,101.5611
906,2059,101.5964
906,2060,101.6348
906,2061,101.6764
906,2062,101.7215
906,2063,101.7697
906,2064,101.8206
906,2065,101.8732
906,2066,101.9253
906,2067,101.9748
906,2068,102.0209
906,2069,102.0636
906,2070,102.1007
906,2071,102.1311
906,2072,102.1569
906,2073,102.1771
906,2074,102.1899
906,2075,102.196
906,2076,102.1967
906,2077,102.1907
906,2078,102.1775
906,2079,102.1604
906,2080,102.1402
906,2081,102.1173
906,2082,102.0924
906,2083,102.0666
906,2084,102.0401
906,2085,102.0122
906,2086,101.9817
906,2087,101.9459
906,2088,101.9049
906,2089,101.8585
906,2090,101.8068
906,2091,101.7481
906,2092,101.6809
906,2093,101.6045
906,2094,101.5184
906,2095,101.4244
906,2096,101.3233
906,2097,101.2143
906,2098,101.1006
906,2099,100.9829
906,2100,100.8616
5501,1950,107.1296
5501,1951,107.198
5501,1952,107.2579
5501,1953,107.3094
5501,1954,107.3513
5501,1955,107.3826
5501,1956,107.4073
5501,1957,107.4288
5501,1958,107.4487
5501,1959,107.4639
5501,1960,107.474
5501,1961,107.4822
5501,1962,107.4901
5501,1963,107.498
5501,1964,107.5051
5501,1965,107.5099
5501,1966,107.5129
5501,1967,107.5139
5501,1968,107.5144
5501,1969,107.5169
5501,1970,107.5281
5501,1971,107.4556
5501,1972,107.3847
5501,1973,107.4021
5501,1974,107.4196
5501,1975,107.4262
5501,1976,107.414
5501,1977,107.3918
5501,1978,107.3595
5501,1979,107.3109
5501,1980,107.2497
5501,1981,107.2187
5501,1982,107.1783
5501,1983,107.0968
5501,1984,107.0154
5501,1985,106.9331
5501,1986,106.8529
5501,1987,106.7765
5501,1988,106.7015
5501,1989,106.6313
5501,1990,106.5689
5501,1991,106.5171
5501,1992,106.4742
5501,1993,106.4454
5501,1994,106.4331
5501,1995,106.429
5501,1996,106.4302
5501,1997,106.4303
5501,1998,106.426
5501,1999,106.4188
5501,2000,106.4074
5501,2001,106.3841
5501,2002,106.3462
5501,2003,106.3053
5501,2004,106.2637
5501,2005,106.2105
5501,2006,106.1338
5501,2007,106.043
5501,2008,105.9397
5501,2009,105.8352
5501,2010,105.7468
5501,2011,105.661
5501,2012,105.5761
5501,2013,105.4948
5501,2014,105.4193
5501,2015,105.3168
5501,2016,105.1905
5501,2017,105.081
5501,2018,104.983
5501,2019,104.8857
5501,2020,104.7929
5501,2021,104.7015
5501,2022,104.6032
5501,2023,104.5147
5501,2024,104.4363
5501,2025,104.3545
5501,2026,104.2694
5501,2027,104.1813
5501,2028,104.0903
5501,2029,103.9966
5501,2030,103.9006
5501,2031,103.8026
5501,2032,103.7034
5501,2033,103.6033
5501,2034,103.5026
5501,2035,103.4014
5501,2036,103.2999
5501,2037,103.198
5501,2038,103.0964
5501,2039,102.9954
5501,2040,102.8949
5501,2041,102.7949
5501,2042,102.6958
5501,2043,102.5973
5501,2044,102.4997
5501,2045,102.4036
5501,2046,102.3091
5501,2047,102.216
5501,2048,102.1246
5501,2049,102.0347
5501,2050,101.946
5501,2051,101.8589
5501,2052,101.7734
5501,2053,101.6893
5501,2054,101.6066
5501,2055,101.5254
5501,2056,101.4456
5501,2057,101.3677
5501,2058,101.2914
5501,2059,101.2172
5501,2060,101.1456
5501,2061,101.0759
5501,2062,101.0087
5501,2063,100.944
5501,2064,100.8814
5501,2065,100.8216
5501,2066,100.7649
5501,2067,100.7105
5501,2068,100.6582
5501,2069,100.6084
5501,2070,100.5608
5501,2071,100.5152
5501,2072,100.4724
5501,2073,100.4327
5501,2074,100.3957
5501,2075,100.361
5501,2076,100.3291
5501,2077,100.3
5501,2078,100.273
5501,2079,100.2478
5501,2080,100.2244
5501,2081,100.2024
5501,2082,100.1819
5501,2083,100.1628
5501,2084,100.1448
5501,2085,100.1275
5501,2086,100.1106
5501,2087,100.0945
5501,2088,100.0782
5501,2089,100.0621
5501,2090,100.0463
5501,2091,100.03
5501,2092,100.0136
5501,2093,99.9977
5501,2094,99.9824
5501,2095,99.9677
5501,2096,99.9533
5501,2097,99.9389
5501,2098,99.9241
5501,2099,99.9095
5501,2100,99.8951
920,1950,99.3311
920,1951,99.3393
920,1952,99.3466
920,1953,99.3616
920,1954,99.3981
920,1955,99.4614
920,1956,99.5309
920,1957,99.6002
920,1958,99.6643
920,1959,99.7205
920,1960,99.7573
920,1961,99.7664
920,1962,99.7705
920,1963,99.7758
920,1964,99.7735
920,1965,99.6909
920,1966,99.6001
920,1967,99.5803
920,1968,99.5545
920,1969,99.5211
920,1970,99.5127
920,1971,99.5463
920,1972,99.5925
920,1973,99.6349
920,1974,99.6767
920,1975,99.6452
920,1976,99.5693
920,1977,99.5346
920,1978,99.5142
920,1979,99.4468
920,1980,99.4009
920,1981,99.427
920,1982,99.4634
920,1983,99.4999
920,1984,99.5393
920,1985,99.5821
920,1986,99.6217
920,1987,99.6637
920,1988,99.7044
920,1989,99.7451
920,1990,99.7749
920,1991,99.7986
920,1992,99.8375
920,1993,99.869
920,1994,99.8779
920,1995,99.8813
920,1996,99.887
920,1997,99.887
920,1998,99.8848
920,1999,99.8763
920,2000,99.8977
920,2001,99.9535
920,2002,100.0106
920,2003,100.063
920,2004,100.1151
920,2005,100.1758
920,2006,100.2373
920,2007,100.2943
920,2008,100.3435
920,2009,100.3715
920,2010,100.3814
920,2011,100.3954
920,2012,100.4131
920,2013,100.4236
920,2014,100.429
920,2015,100.4362
920,2016,100.44
920,2017,100.4383
920,2018,100.4313
920,2019,100.4191
920,2020,100.3997
920,2021,100.3662
920,2022,100.3337
920,2023,100.3154
920,2024,100.3002
920,2025,100.2813
920,2026,100.2589
920,2027,100.2333
920,2028,100.2046
920,2029,100.1729
920,2030,100.1386
920,2031,100.1017
920,2032,100.0626
920,2033,100.0215
920,2034,99.9784
920,2035,99.9337
920,2036,99.8879
920,2037,99.8411
920,2038,99.7938
920,2039,99.7462
920,2040,99.6986
920,2041,99.6515
920,2042,99.6053
920,2043,99.5602
920,2044,99.5161
920,2045,99.4735
920,2046,99.4328
920,2047,99.394
920,2048,99.3571
920,2049,99.3219
920,2050,99.2887
920,2051,99.2578
920,2052,99.2289
920,2053,99.2018
920,2054,99.1766
920,2055,99.1536
920,2056,99.1326
920,2057,99.1138
920,2058,99.0971
920,2059,99.0822
920,2060,99.0693
920,2061,99.0585
920,2062,99.05
920,2063,99.0439
920,2064,99.0398
920,2065,99.0375
920,2066,99.0373
920,2067,99.0388
920,2068,99.0423
920,2069,99.0475
920,2070,99.0546
920,2071,99.0633
920,2072,99.0743
920,2073,99.0877
920,2074,99.1024
920,2075,99.1186
920,2076,99.1365
920,2077,99.1563
920,2078,99.1778
920,2079,99.2005
920,2080,99.2247
920,2081,99.2508
920,2082,99.2782
920,2083,99.3068
920,2084,99.3368
920,2085,99.3678
920,2086,99.3996
920,2087,99.4324
920,2088,99.4664
920,2089,99.5016
920,2090,99.5378
920,2091,99.5747
920,2092,99.6126
920,2093,99.6518
920,2094,99.6923
920,2095,99.7339
920,2096,99.7766
920,2097,99.8199
920,2098,99.8642
920,2099,99.9098
920,2100,99.9567
922,1950,99.6663
922,1951,99.749
922,1952,99.6666
922,1953,99.9124
922,1954,100.3614
922,1955,100.5352
922,1956,100.6528
922,1957,100.7304
922,1958,100.7932
922,1959,100.8579
922,1960,100.9233
922,1961,100.9457
922,1962,100.9422
922,1963,100.9445
922,1964,100.9563
922,1965,100.9738
922,1966,100.916
922,1967,100.8096
922,1968,100.6901
922,1969,100.6243
922,1970,100.7071
922,1971,100.9941
922,1972,101.4023
922,1973,101.7641
922,1974,102.1114
922,1975,102.4904
922,1976,102.6753
922,1977,102.7234
922,1978,102.843
922,1979,102.9718
922,1980,103.1449
922,1981,103.3023
922,1982,103.3964
922,1983,103.4876
922,1984,103.5773
922,1985,103.6901
922,1986,103.8285
922,1987,103.973
922,1988,104.1271
922,1989,104.2892
922,1990,104.4086
922,1991,104.5762
922,1992,104.7959
922,1993,104.9578
922,1994,105.0887
922,1995,105.1759
922,1996,105.2498
922,1997,105.3437
922,1998,105.443
922,1999,105.5467
922,2000,105.6541
922,2001,105.7568
922,2002,105.8464
922,2003,105.9192
922,2004,105.9682
922,2005,106.1729
922,2006,106.7069
922,2007,107.4464
922,2008,108.2126
922,2009,108.837
922,2010,109.1336
922,2011,109.2375
922,2012,109.3487
922,2013,109.4622
922,2014,109.5836
922,2015,109.9007
922,2016,110.2488
922,2017,110.3599
922,2018,110.3439
922,2019,110.2054
922,2020,109.7941
922,2021,109.3807
922,2022,109.1933
922,2023,109.0418
922,2024,108.8948
922,2025,108.7504
922,2026,108.6084
922,2027,108.4695
922,2028,108.3331
922,2029,108.1981
922,2030,108.0645
922,2031,107.9324
922,2032,107.8014
922,2033,107.6716
922,2034,107.5427
922,2035,107.4148
922,2036,107.2877
922,2037,107.1615
922,2038,107.036
922,2039,106.9113
922,2040,106.787
922,2041,106.6632
922,2042,106.5397
922,2043,106.4163
922,2044,106.293
922,2045,106.1695
922,2046,106.0456
922,2047,105.9213
922,2048,105.7967
922,2049,105.6717
922,2050,105.5463
922,2051,105.4205
922,2052,105.2943
922,2053,105.168
922,2054,105.0415
922,2055,104.915
922,2056,104.7886
922,2057,104.6629
922,2058,104.5378
922,2059,104.4136
922,2060,104.2907
922,2061,104.1692
922,2062,104.0494
922,2063,103.9316
922,2064,103.8159
922,2065,103.7024
922,2066,103.5912
922,2067,103.4829
922,2068,103.3779
922,2069,103.2766
922,2070,103.1793
922,2071,103.0865
922,2072,102.9979
922,2073,102.914
922,2074,102.8351
922,2075,102.7617
922,2076,102.6938
922,2077,102.6312
922,2078,102.5737
922,2079,102.5216
922,2080,102.4748
922,2081,102.4332
922,2082,102.3968
922,2083,102.3649
922,2084,102.3374
922,2085,102.314
922,2086,102.2945
922,2087,102.2782
922,2088,102.2649
922,2089,102.2545
922,2090,102.2467
922,2091,102.2408
922,2092,102.2368
922,2093,102.2348
922,2094,102.2343
922,2095,102.2353
922,2096,102.2379
922,2097,102.2421
922,2098,102.2477
922,2099,102.2545
922,2100,102.2627
923,1950,81.4038
923,1951,81.7209
923,1952,82.0514
923,1953,82.3879
923,1954,82.7293
923,1955,83.0766
923,1956,83.4012
923,1957,83.7245
923,1958,84.2279
923,1959,84.7004
923,1960,84.9979
923,1961,85.298
923,1962,85.5787
923,1963,85.848
923,1964,86.0928
923,1965,86.307
923,1966,86.4985
923,1967,86.6627
923,1968,86.8209
923,1969,86.9641
923,1970,86.9251
923,1971,86.8934
923,1972,87.0375
923,1973,87.1938
923,1974,87.3473
923,1975,87.4941
923,1976,87.6427
923,1977,87.8078
923,1978,87.9738
923,1979,88.1168
923,1980,88.2522
923,1981,88.3921
923,1982,88.5339
923,1983,88.6777
923,1984,88.8191
923,1985,88.9637
923,1986,89.1321
923,1987,89.3246
923,1988,89.514
923,1989,89.6762
923,1990,89.7806
923,1991,89.8301
923,1992,89.8512
923,1993,89.8355
923,1994,89.7727
923,1995,89.6663
923,1996,89.5544
923,1997,89.4722
923,1998,89.4154
923,1999,89.3554
923,2000,89.2947
923,2001,89.2064
923,2002,89.0826
923,2003,88.9491
923,2004,88.7942
923,2005,88.6279
923,2006,88.4865
923,2007,88.4042
923,2008,88.3636
923,2009,88.3576
923,2010,88.3879
923,2011,88.4431
923,2012,88.5174
923,2013,88.5944
923,2014,88.6634
923,2015,88.721
923,2016,88.7678
923,2017,88.8148
923,2018,88.8621
923,2019,88.8909
923,2020,88.8741
923,2021,88.8251
923,2022,88.765
923,2023,88.742
923,2024,88.7671
923,2025,88.7943
923,2026,88.8215
923,2027,88.8494
923,2028,88.879
923,2029,88.9107
923,2030,88.9454
923,2031,88.984
923,2032,89.0274
923,2033,89.0765
923,2034,89.1322
923,2035,89.1954
923,2036,89.267
923,2037,89.3476
923,2038,89.4377
923,2039,89.5373
923,2040,89.6463
923,2041,89.7647
923,2042,89.8926
923,2043,90.0289
923,2044,90.1726
923,2045,90.3221
923,2046,90.4758
923,2047,90.6323
923,2048,90.7899
923,2049,90.9469
923,2050,91.1025
923,2051,91.2565
923,2052,91.4081
923,2053,91.5569
923,2054,91.703
923,2055,91.8467
923,2056,91.9884
923,2057,92.1285
923,2058,92.2676
923,2059,92.4066
923,2060,92.5462
923,2061,92.6873
923,2062,92.8305
923,2063,92.977
923,2064,93.1272
923,2065,93.2811
923,2066,93.4395
923,2067,93.6027
923,2068,93.7707
923,2069,93.9433
923,2070,94.1204
923,2071,94.3016
923,2072,94.486
923,2073,94.6727
923,2074,94.8608
923,2075,95.0492
923,2076,95.2368
923,2077,95.4225
923,2078,95.605
923,2079,95.783
923,2080,95.9554
923,2081,96.1215
923,2082,96.2804
923,2083,96.4305
923,2084,96.5707
923,2085,96.7002
923,2086,96.819
923,2087,96.9272
923,2088,97.0248
923,2089,97.112
923,2090,97.1895
923,2091,97.2583
923,2092,97.3196
923,2093,97.3742
923,2094,97.4235
923,2095,97.4686
923,2096,97.5109
923,2097,97.5507
923,2098,97.5896
923,2099,97.6295
923,2100,97.6701
924,1950,92.9322
924,1951,93.0361
924,1952,93.1192
924,1953,93.2055
924,1954,93.2902
924,1955,93.372
924,1956,93.4595
924,1957,93.5468
924,1958,93.6322
924,1959,93.7274
924,1960,93.8343
924,1961,93.9476
924,1962,94.0612
924,1963,94.1677
924,1964,94.2682
924,1965,94.361
924,1966,94.4446
924,1967,94.5242
924,1968,94.6019
924,1969,94.6666
924,1970,94.7131
924,1971,94.7613
924,1972,94.814
924,1973,94.8584
924,1974,94.8901
924,1975,94.9062
924,1976,94.9121
924,1977,94.9146
924,1978,94.9057
924,1979,94.8837
924,1980,94.8561
924,1981,94.8226
924,1982,94.7878
924,1983,94.7515
924,1984,94.7119
924,1985,94.6793
924,1986,94.6557
924,1987,94.6371
924,1988,94.6233
924,1989,94.6215
924,1990,94.6303
924,1991,94.6447
924,1992,94.6572
924,1993,94.6681
924,1994,94.6781
924,1995,94.6912
924,1996,94.7228
924,1997,94.7754
924,1998,94.8429
924,1999,94.9241
924,2000,95.0179
924,2001,95.1099
924,2002,95.2045
924,2003,95.3167
924,2004,95.4446
924,2005,95.5847
924,2006,95.7332
924,2007,95.877
924,2008,96.0122
924,2009,96.1323
924,2010,96.2538
924,2011,96.39
924,2012,96.5414
924,2013,96.7004
924,2014,96.8477
924,2015,97.0037
924,2016,97.1675
924,2017,97.3236
924,2018,97.4712
924,2019,97.6051
924,2020,97.7114
924,2021,97.7888
924,2022,97.8616
924,2023,97.9367
924,2024,98.0081
924,2025,98.076
924,2026,98.1409
924,2027,98.2035
924,2028,98.2641
924,2029,98.3234
924,2030,98.3817
924,2031,98.4388
924,2032,98.4954
924,2033,98.5522
924,2034,98.6099
924,2035,98.669
924,2036,98.7295
924,2037,98.7914
924,2038,98.8547
924,2039,98.919
924,2040,98.9843
924,2041,99.0503
924,2042,99.1166
924,2043,99.1836
924,2044,99.2498
924,2045,99.3155
924,2046,99.3802
924,2047,99.4434
924,2048,99.5051
924,2049,99.5652
924,2050,99.624
924,2051,99.6812
924,2052,99.7375
924,2053,99.7927
924,2054,99.8478
924,2055,99.9033
924,2056,99.9577
924,2057,100.0112
924,2058,100.0644
924,2059,100.1174
924,2060,100.1694
924,2061,100.2207
924,2062,100.2718
924,2063,100.3213
924,2064,100.3693
924,2065,100.416
924,2066,100.4609
924,2067,100.503
924,2068,100.5422
924,2069,100.5784
924,2070,100.6114
924,2071,100.6417
924,2072,100.6692
924,2073,100.6948
924,2074,100.7182
924,2075,100.739
924,2076,100.7574
924,2077,100.7737
924,2078,100.7884
924,2079,100.8007
924,2080,100.8121
924,2081,100.8226
924,2082,100.8311
924,2083,100.8371
924,2084,100.8416
924,2085,100.8439
924,2086,100.8442
924,2087,100.8439
924,2088,100.8433
924,2089,100.842
924,2090,100.8389
924,2091,100.834
924,2092,100.8274
924,2093,100.8195
924,2094,100.8098
924,2095,100.7993
924,2096,100.7887
924,2097,100.7772
924,2098,100.7657
924,2099,100.7546
924,2100,100.7447
925,1950,93.7504
925,1951,93.9233
925,1952,94.0412
925,1953,94.0706
925,1954,94.0775
925,1955,94.0801
925,1956,94.0794
925,1957,94.0655
925,1958,94.0522
925,1959,94.0461
925,1960,94.046
925,1961,94.0659
925,1962,94.125
925,1963,94.2033
925,1964,94.2825
925,1965,94.3638
925,1966,94.4388
925,1967,94.5059
925,1968,94.5705
925,1969,94.6248
925,1970,94.6823
925,1971,94.7618
925,1972,94.8407
925,1973,94.9116
925,1974,95.0131
925,1975,95.1114
925,1976,95.1722
925,1977,95.2242
925,1978,95.2695
925,1979,95.3064
925,1980,95.4365
925,1981,95.5568
925,1982,95.5692
925,1983,95.5798
925,1984,95.5821
925,1985,95.5755
925,1986,95.5655
925,1987,95.5502
925,1988,95.5227
925,1989,95.4816
925,1990,95.43
925,1991,95.384
925,1992,95.3284
925,1993,95.263
925,1994,95.219
925,1995,95.199
925,1996,95.188
925,1997,95.1738
925,1998,95.1516
925,1999,95.1173
925,2000,95.0895
925,2001,95.0758
925,2002,95.1209
925,2003,95.2183
925,2004,95.3344
925,2005,95.4438
925,2006,95.4958
925,2007,95.5321
925,2008,95.5451
925,2009,95.4816
925,2010,95.3736
925,2011,95.2708
925,2012,95.1876
925,2013,95.1123
925,2014,95.0524
925,2015,95.0443
925,2016,95.0814
925,2017,95.1346
925,2018,95.1929
925,2019,95.2271
925,2020,95.2437
925,2021,95.2685
925,2022,95.3001
925,2023,95.3388
925,2024,95.3814
925,2025,95.4243
925,2026,95.4663
925,2027,95.5068
925,2028,95.5456
925,2029,95.5825
925,2030,95.6178
925,2031,95.6518
925,2032,95.684
925,2033,95.714
925,2034,95.7423
925,2035,95.7692
925,2036,95.7947
925,2037,95.8201
925,2038,95.8456
925,2039,95.8707
925,2040,95.8965
925,2041,95.9229
925,2042,95.9486
925,2043,95.9745
925,2044,96.0015
925,2045,96.0298
925,2046,96.0591
925,2047,96.0887
925,2048,96.1186
925,2049,96.1498
925,2050,96.1824
925,2051,96.2154
925,2052,96.2509
925,2053,96.2894
925,2054,96.3302
925,2055,96.3745
925,2056,96.4217
925,2057,96.4734
925,2058,96.5294
925,2059,96.5894
925,2060,96.6545
925,2061,96.7243
925,2062,96.7993
925,2063,96.8796
925,2064,96.9646
925,2065,97.0545
925,2066,97.1491
925,2067,97.2485
925,2068,97.3526
925,2069,97.4606
925,2070,97.5716
925,2071,97.6847
925,2072,97.799
925,2073,97.9132
925,2074,98.0261
925,2075,98.1372
925,2076,98.2454
925,2077,98.3484
925,2078,98.4445
925,2079,98.5335
925,2080,98.615
925,2081,98.6887
925,2082,98.7538
925,2083,98.8095
925,2084,98.8571
925,2085,98.8975
925,2086,98.929
925,2087,98.9524
925,2088,98.9687
925,2089,98.9788
925,2090,98.983
925,2091,98.9818
925,2092,98.9758
925,2093,98.9661
925,2094,98.9543
925,2095,98.9412
925,2096,98.9273
925,2097,98.914
925,2098,98.9025
925,2099,98.8939
925,2100,98.89
926,1950,88.7768
926,1951,89.1192
926,1952,89.4247
926,1953,89.6954
926,1954,89.9364
926,1955,90.1567
926,1956,90.3646
926,1957,90.564
926,1958,90.7677
926,1959,90.9767
926,1960,91.1742
926,1961,91.3648
926,1962,91.5512
926,1963,91.7275
926,1964,91.8944
926,1965,92.052
926,1966,92.2024
926,1967,92.3419
926,1968,92.4638
926,1969,92.5679
926,1970,92.6623
926,1971,92.7555
926,1972,92.836
926,1973,92.8952
926,1974,92.9345
926,1975,92.9537
926,1976,92.9674
926,1977,92.9835
926,1978,92.9969
926,1979,93.0123
926,1980,93.0395
926,1981,93.0858
926,1982,93.1416
926,1983,93.1989
926,1984,93.2628
926,1985,93.3405
926,1986,93.4435
926,1987,93.5662
926,1988,93.7037
926,1989,93.8586
926,1990,94.0287
926,1991,94.194
926,1992,94.3409
926,1993,94.4743
926,1994,94.5888
926,1995,94.6774
926,1996,94.7419
926,1997,94.788
926,1998,94.8176
926,1999,94.8385
926,2000,94.8504
926,2001,94.8556
926,2002,94.8674
926,2003,94.8883
926,2004,94.9129
926,2005,94.9493
926,2006,95.0077
926,2007,95.0851
926,2008,95.187
926,2009,95.3037
926,2010,95.4223
926,2011,95.5457
926,2012,95.6767
926,2013,95.8086
926,2014,95.9293
926,2015,96.0479
926,2016,96.1447
926,2017,96.2055
926,2018,96.244
926,2019,96.2694
926,2020,96.2874
926,2021,96.2907
926,2022,96.29
926,2023,96.3011
926,2024,96.3183
926,2025,96.3318
926,2026,96.3416
926,2027,96.3493
926,2028,96.3538
926,2029,96.3554
926,2030,96.3546
926,2031,96.3496
926,2032,96.3406
926,2033,96.3282
926,2034,96.3135
926,2035,96.2971
926,2036,96.279
926,2037,96.2583
926,2038,96.235
926,2039,96.2106
926,2040,96.1858
926,2041,96.1612
926,2042,96.1364
926,2043,96.1127
926,2044,96.091
926,2045,96.0712
926,2046,96.0531
926,2047,96.0361
926,2048,96.0202
926,2049,96.0056
926,2050,95.9919
926,2051,95.9791
926,2052,95.9672
926,2053,95.9559
926,2054,95.9466
926,2055,95.9385
926,2056,95.9312
926,2057,95.9256
926,2058,95.9213
926,2059,95.9179
926,2060,95.9154
926,2061,95.9137
926,2062,95.9118
926,2063,95.9094
926,2064,95.9066
926,2065,95.9017
926,2066,95.8943
926,2067,95.8841
926,2068,95.8709
926,2069,95.8547
926,2070,95.8361
926,2071,95.8139
926,2072,95.7888
926,2073,95.7617
926,2074,95.7328
926,2075,95.7035
926,2076,95.6731
926,2077,95.6427
926,2078,95.6132
926,2079,95.5835
926,2080,95.5543
926,2081,95.5258
926,2082,95.4975
926,2083,95.4701
926,2084,95.4436
926,2085,95.4181
926,2086,95.3931
926,2087,95.3686
926,2088,95.3443
926,2089,95.3202
926,2090,95.2956
926,2091,95.2702
926,2092,95.2465
926,2093,95.224
926,2094,95.2014
926,2095,95.1789
926,2096,95.1571
926,2097,95.1361
926,2098,95.1165
926,2099,95.0972
926,2100,95.0783
915,1950,100.6916
915,1951,100.6249
915,1952,100.5244
915,1953,100.4013
915,1954,100.2558
915,1955,100.0896
915,1956,99.9073
915,1957,99.7202
915,1958,99.5324
915,1959,99.3456
915,1960,99.2369
915,1961,99.1998
915,1962,99.1603
915,1963,99.1278
915,1964,99.0921
915,1965,99.0302
915,1966,98.9677
915,1967,98.9252
915,1968,98.8902
915,1969,98.8647
915,1970,98.8541
915,1971,98.8564
915,1972,98.8628
915,1973,98.8684
915,1974,98.8743
915,1975,98.8833
915,1976,98.8943
915,1977,98.906
915,1978,98.9169
915,1979,98.9279
915,1980,98.9472
915,1981,98.9486
915,1982,98.9294
915,1983,98.9168
915,1984,98.9098
915,1985,98.9036
915,1986,98.8951
915,1987,98.8876
915,1988,98.8848
915,1989,98.8833
915,1990,98.8837
915,1991,98.8761
915,1992,98.8602
915,1993,98.8452
915,1994,98.8689
915,1995,98.929
915,1996,98.9818
915,1997,99.0299
915,1998,99.0718
915,1999,99.1041
915,2000,99.1318
915,2001,99.1589
915,2002,99.1338
915,2003,99.0716
915,2004,99.0246
915,2005,98.9737
915,2006,98.9174
915,2007,98.8603
915,2008,98.8018
915,2009,98.7407
915,2010,98.6998
915,2011,98.6588
915,2012,98.6064
915,2013,98.5582
915,2014,98.4982
915,2015,98.4298
915,2016,98.3531
915,2017,98.2686
915,2018,98.2182
915,2019,98.1379
915,2020,98.0042
915,2021,97.8735
915,2022,97.7562
915,2023,97.6625
915,2024,97.5709
915,2025,97.4823
915,2026,97.3965
915,2027,97.3133
915,2028,97.233
915,2029,97.1555
915,2030,97.0807
915,2031,97.0092
915,2032,96.9404
915,2033,96.874
915,2034,96.8102
915,2035,96.7489
915,2036,96.6905
915,2037,96.6345
915,2038,96.581
915,2039,96.5303
915,2040,96.4822
915,2041,96.4366
915,2042,96.394
915,2043,96.3545
915,2044,96.3178
915,2045,96.284
915,2046,96.253
915,2047,96.225
915,2048,96.1996
915,2049,96.1764
915,2050,96.1557
915,2051,96.1376
915,2052,96.1219
915,2053,96.1084
915,2054,96.097
915,2055,96.0877
915,2056,96.0802
915,2057,96.0743
915,2058,96.0697
915,2059,96.0668
915,2060,96.0654
915,2061,96.065
915,2062,96.0655
915,2063,96.0665
915,2064,96.068
915,2065,96.0697
915,2066,96.072
915,2067,96.0743
915,2068,96.0763
915,2069,96.0781
915,2070,96.0795
915,2071,96.0808
915,2072,96.0816
915,2073,96.0821
915,2074,96.0818
915,2075,96.0812
915,2076,96.0802
915,2077,96.0795
915,2078,96.0792
915,2079,96.0785
915,2080,96.078
915,2081,96.0781
915,2082,96.0779
915,2083,96.0779
915,2084,96.0782
915,2085,96.0786
915,2086,96.0792
915,2087,96.0802
915,2088,96.0812
915,2089,96.0815
915,2090,96.0814
915,2091,96.0813
915,2092,96.0819
915,2093,96.0833
915,2094,96.0855
915,2095,96.0881
915,2096,96.0912
915,2097,96.0951
915,2098,96.0993
915,2099,96.1041
915,2100,96.1101
916,1950,99.8625
916,1951,99.9269
916,1952,100.052
916,1953,100.2071
916,1954,100.3795
916,1955,100.5533
916,1956,100.7271
916,1957,100.8986
916,1958,101.08
916,1959,101.2297
916,1960,101.2585
916,1961,101.212
916,1962,101.1775
916,1963,101.1553
916,1964,101.1369
916,1965,101.1198
916,1966,101.1037
916,1967,101.0875
916,1968,101.0686
916,1969,101.0461
916,1970,101.0112
916,1971,100.8572
916,1972,100.6171
916,1973,100.4032
916,1974,100.193
916,1975,99.9788
916,1976,99.7462
916,1977,99.5457
916,1978,99.38
916,1979,99.1919
916,1980,99.0005
916,1981,98.8072
916,1982,98.6042
916,1983,98.4186
916,1984,98.2582
916,1985,98.1107
916,1986,97.9709
916,1987,97.8348
916,1988,97.7091
916,1989,97.5865
916,1990,97.4779
916,1991,97.377
916,1992,97.274
916,1993,97.1754
916,1994,97.0834
916,1995,96.9967
916,1996,96.9075
916,1997,96.8254
916,1998,96.7553
916,1999,96.69
916,2000,96.62
916,2001,96.5873
916,2002,96.5951
916,2003,96.603
916,2004,96.6096
916,2005,96.6138
916,2006,96.613
916,2007,96.6109
916,2008,96.6063
916,2009,96.5953
916,2010,96.5858
916,2011,96.5931
916,2012,96.6062
916,2013,96.6102
916,2014,96.6088
916,2015,96.5996
916,2016,96.5839
916,2017,96.5596
916,2018,96.5197
916,2019,96.4683
916,2020,96.3608
916,2021,96.183
916,2022,96.063
916,2023,96.0203
916,2024,95.9815
916,2025,95.9438
916,2026,95.9054
916,2027,95.8668
916,2028,95.8281
916,2029,95.7895
916,2030,95.7512
916,2031,95.713
916,2032,95.6755
916,2033,95.6389
916,2034,95.6036
916,2035,95.5698
916,2036,95.5374
916,2037,95.5065
916,2038,95.4773
916,2039,95.4498
916,2040,95.4244
916,2041,95.4006
916,2042,95.3788
916,2043,95.3593
916,2044,95.3419
916,2045,95.3268
916,2046,95.3142
916,2047,95.3043
916,2048,95.2974
916,2049,95.2933
916,2050,95.2921
916,2051,95.2932
916,2052,95.2971
916,2053,95.3042
916,2054,95.3141
916,2055,95.3271
916,2056,95.3433
916,2057,95.3627
916,2058,95.3851
916,2059,95.4104
916,2060,95.4384
916,2061,95.4694
916,2062,95.5036
916,2063,95.5409
916,2064,95.5804
916,2065,95.6223
916,2066,95.666
916,2067,95.7113
916,2068,95.7584
916,2069,95.807
916,2070,95.8566
916,2071,95.9066
916,2072,95.9566
916,2073,96.0066
916,2074,96.0563
916,2075,96.1055
916,2076,96.1544
916,2077,96.2028
916,2078,96.2506
916,2079,96.2979
916,2080,96.3443
916,2081,96.3902
916,2082,96.4354
916,2083,96.4799
916,2084,96.5242
916,2085,96.5676
916,2086,96.6103
916,2087,96.653
916,2088,96.6953
916,2089,96.7366
916,2090,96.7767
916,2091,96.8156
916,2092,96.8531
916,2093,96.8897
916,2094,96.9256
916,2095,96.96
916,2096,96.9932
916,2097,97.0257
916,2098,97.0576
916,2099,97.0893
916,2100,97.1207
931,1950,101.498
931,1951,101.3387
931,1952,101.1938
931,1953,101.0589
931,1954,100.9355
931,1955,100.8232
931,1956,100.722
931,1957,100.6352
931,1958,100.5552
931,1959,100.4798
931,1960,100.4062
931,1961,100.3309
931,1962,100.2583
931,1963,100.1888
931,1964,100.1222
931,1965,100.0591
931,1966,99.9994
931,1967,99.9414
931,1968,99.8832
931,1969,99.8254
931,1970,99.7747
931,1971,99.7211
931,1972,99.6581
931,1973,99.5935
931,1974,99.5301
931,1975,99.4749
931,1976,99.4279
931,1977,99.3857
931,1978,99.3482
931,1979,99.3146
931,1980,99.2861
931,1981,99.2607
931,1982,99.234
931,1983,99.2064
931,1984,99.1775
931,1985,99.1516
931,1986,99.1286
931,1987,99.1038
931,1988,99.0772
931,1989,99.0481
931,1990,99.0105
931,1991,98.9664
931,1992,98.9222
931,1993,98.8811
931,1994,98.8471
931,1995,98.8138
931,1996,98.7772
931,1997,98.738
931,1998,98.6965
931,1999,98.6541
931,2000,98.6007
931,2001,98.5332
931,2002,98.4626
931,2003,98.3978
931,2004,98.3369
931,2005,98.28
931,2006,98.2286
931,2007,98.1786
931,2008,98.1131
931,2009,98.0369
931,2010,97.9678
931,2011,97.9058
931,2012,97.847
931,2013,97.7914
931,2014,97.7466
931,2015,97.7074
931,2016,97.6656
931,2017,97.6254
931,2018,97.5895
931,2019,97.5481
931,2020,97.4827
931,2021,97.4
931,2022,97.3281
931,2023,97.2779
931,2024,97.2389
931,2025,97.2
931,2026,97.1615
931,2027,97.1236
931,2028,97.0862
931,2029,97.0496
931,2030,97.0139
931,2031,96.9792
931,2032,96.9455
931,2033,96.9135
931,2034,96.8833
931,2035,96.8551
931,2036,96.8291
931,2037,96.8054
931,2038,96.7841
931,2039,96.7653
931,2040,96.7493
931,2041,96.7364
931,2042,96.7262
931,2043,96.7189
931,2044,96.7145
931,2045,96.7134
931,2046,96.7155
931,2047,96.7208
931,2048,96.7293
931,2049,96.7408
931,2050,96.7555
931,2051,96.7731
931,2052,96.7934
931,2053,96.8164
931,2054,96.8416
931,2055,96.8688
931,2056,96.8978
931,2057,96.9285
931,2058,96.9605
931,2059,96.9934
931,2060,97.0276
931,2061,97.0629
931,2062,97.0987
931,2063,97.1345
931,2064,97.1706
931,2065,97.2068
931,2066,97.2432
931,2067,97.28
931,2068,97.3169
931,2069,97.3543
931,2070,97.3922
931,2071,97.4301
931,2072,97.4681
931,2073,97.5066
931,2074,97.5458
931,2075,97.585
931,2076,97.6246
931,2077,97.6645
931,2078,97.7044
931,2079,97.7446
931,2080,97.7848
931,2081,97.8243
931,2082,97.8629
931,2083,97.9009
931,2084,97.9384
931,2085,97.9755
931,2086,98.0124
931,2087,98.0487
931,2088,98.0841
931,2089,98.1192
931,2090,98.1539
931,2091,98.1884
931,2092,98.223
931,2093,98.2571
931,2094,98.2904
931,2095,98.3229
931,2096,98.3551
931,2097,98.387
931,2098,98.4178
931,2099,98.4471
931,2100,98.4756
927,1950,101.3986
927,1951,101.8246
927,1952,102.1189
927,1953,102.1876
927,1954,102.1488
927,1955,102.2107
927,1956,102.2934
927,1957,102.222
927,1958,102.0336
927,1959,101.9017
927,1960,101.8954
927,1961,101.857
927,1962,101.6791
927,1963,101.4966
927,1964,101.3898
927,1965,101.3206
927,1966,101.2435
927,1967,101.1347
927,1968,101.0205
927,1969,100.9434
927,1970,100.8801
927,1971,100.7925
927,1972,100.713
927,1973,100.6472
927,1974,100.5566
927,1975,100.4187
927,1976,100.2486
927,1977,100.0659
927,1978,99.8832
927,1979,99.7157
927,1980,99.5802
927,1981,99.5076
927,1982,99.4994
927,1983,99.5026
927,1984,99.48
927,1985,99.4749
927,1986,99.4595
927,1987,99.3742
927,1988,99.254
927,1989,99.154
927,1990,99.0597
927,1991,98.9535
927,1992,98.8718
927,1993,98.8112
927,1994,98.7602
927,1995,98.7153
927,1996,98.6356
927,1997,98.5087
927,1998,98.3736
927,1999,98.256
927,2000,98.1574
927,2001,98.109
927,2002,98.1185
927,2003,98.1367
927,2004,98.1509
927,2005,98.1685
927,2006,98.2112
927,2007,98.3079
927,2008,98.4458
927,2009,98.5473
927,2010,98.5567
927,2011,98.5248
927,2012,98.4995
927,2013,98.4523
927,2014,98.3667
927,2015,98.2674
927,2016,98.1898
927,2017,98.1628
927,2018,98.2033
927,2019,98.3324
927,2020,98.4562
927,2021,98.5256
927,2022,98.5731
927,2023,98.5981
927,2024,98.6205
927,2025,98.6402
927,2026,98.6576
927,2027,98.6722
927,2028,98.6847
927,2029,98.6954
927,2030,98.7039
927,2031,98.7108
927,2032,98.716
927,2033,98.7208
927,2034,98.7261
927,2035,98.732
927,2036,98.7387
927,2037,98.7469
927,2038,98.7567
927,2039,98.7686
927,2040,98.783
927,2041,98.8006
927,2042,98.8219
927,2043,98.8462
927,2044,98.8725
927,2045,98.9014
927,2046,98.9328
927,2047,98.9663
927,2048,99.0018
927,2049,99.0386
927,2050,99.0762
927,2051,99.1143
927,2052,99.1523
927,2053,99.1907
927,2054,99.2296
927,2055,99.2685
927,2056,99.308
927,2057,99.3476
927,2058,99.3865
927,2059,99.4243
927,2060,99.4612
927,2061,99.4969
927,2062,99.5318
927,2063,99.5656
927,2064,99.597
927,2065,99.6255
927,2066,99.652
927,2067,99.6763
927,2068,99.6983
927,2069,99.7192
927,2070,99.7384
927,2071,99.7543
927,2072,99.7678
927,2073,99.7802
927,2074,99.7917
927,2075,99.8019
927,2076,99.8114
927,2077,99.8206
927,2078,99.8299
927,2079,99.8414
927,2080,99.8544
927,2081,99.8677
927,2082,99.8809
927,2083,99.8948
927,2084,99.9096
927,2085,99.925
927,2086,99.9396
927,2087,99.9536
927,2088,99.9668
927,2089,99.9788
927,2090,99.9905
927,2091,100.0004
927,2092,100.0084
927,2093,100.0153
927,2094,100.0202
927,2095,100.0233
927,2096,100.0246
927,2097,100.0242
927,2098,100.0215
927,2099,100.0167
927,2100,100.0109
928,1950,117.4817
928,1951,116.8147
928,1952,116.1608
928,1953,115.4998
928,1954,114.8564
928,1955,114.2407
928,1956,113.6614
928,1957,113.1286
928,1958,112.6471
928,1959,112.2059
928,1960,111.8149
928,1961,111.5539
928,1962,111.4119
928,1963,111.3268
928,1964,111.2908
928,1965,111.2771
928,1966,111.2554
928,1967,111.2386
928,1968,111.232
928,1969,111.22
928,1970,111.2131
928,1971,111.187
928,1972,111.0988
928,1973,110.9815
928,1974,110.8817
928,1975,110.7895
928,1976,110.6946
928,1977,110.6072
928,1978,110.5612
928,1979,110.6095
928,1980,110.629
928,1981,110.6305
928,1982,110.6954
928,1983,110.7477
928,1984,110.7889
928,1985,110.8209
928,1986,110.8449
928,1987,110.8595
928,1988,110.875
928,1989,110.8533
928,1990,110.6419
928,1991,110.3171
928,1992,110.0254
928,1993,109.7476
928,1994,109.4862
928,1995,109.2381
928,1996,108.9967
928,1997,108.7623
928,1998,108.5404
928,1999,108.3319
928,2000,108.1308
928,2001,108.0055
928,2002,107.9524
928,2003,107.9001
928,2004,107.848
928,2005,107.8098
928,2006,107.7891
928,2007,107.7754
928,2008,107.7326
928,2009,107.6509
928,2010,107.5636
928,2011,107.4536
928,2012,107.3166
928,2013,107.1704
928,2014,107.0193
928,2015,106.8561
928,2016,106.6842
928,2017,106.5179
928,2018,106.3553
928,2019,106.1855
928,2020,106.0099
928,2021,105.8293
928,2022,105.6385
928,2023,105.4454
928,2024,105.2561
928,2025,105.0707
928,2026,104.889
928,2027,104.7103
928,2028,104.5355
928,2029,104.3642
928,2030,104.1962
928,2031,104.032
928,2032,103.8714
928,2033,103.7146
928,2034,103.5615
928,2035,103.4122
928,2036,103.2667
928,2037,103.1245
928,2038,102.9861
928,2039,102.8516
928,2040,102.7209
928,2041,102.5941
928,2042,102.4707
928,2043,102.3506
928,2044,102.2345
928,2045,102.122
928,2046,102.0129
928,2047,101.9071
928,2048,101.8042
928,2049,101.7039
928,2050,101.6064
928,2051,101.5118
928,2052,101.4197
928,2053,101.3292
928,2054,101.2403
928,2055,101.1536
928,2056,101.0687
928,2057,100.9852
928,2058,100.9029
928,2059,100.8216
928,2060,100.742
928,2061,100.6632
928,2062,100.5852
928,2063,100.5083
928,2064,100.4324
928,2065,100.357
928,2066,100.2813
928,2067,100.2062
928,2068,100.1321
928,2069,100.0584
928,2070,99.985
928,2071,99.9126
928,2072,99.8413
928,2073,99.7701
928,2074,99.6991
928,2075,99.628
928,2076,99.5568
928,2077,99.4863
928,2078,99.4166
928,2079,99.3478
928,2080,99.2806
928,2081,99.2154
928,2082,99.1517
928,2083,99.0889
928,2084,99.0274
928,2085,98.9681
928,2086,98.9105
928,2087,98.8546
928,2088,98.801
928,2089,98.7498
928,2090,98.7008
928,2091,98.6544
928,2092,98.6107
928,2093,98.5701
928,2094,98.5322
928,2095,98.4968
928,2096,98.4652
928,2097,98.4376
928,2098,98.4137
928,2099,98.3938
928,2100,98.3776
954,1950,132.8431
954,1951,131.1521
954,1952,129.5674
954,1953,127.981
954,1954,126.5933
954,1955,125.439
954,1956,124.3364
954,1957,123.3061
954,1958,122.252
954,1959,121.1479
954,1960,120.0814
954,1961,119.0119
954,1962,117.9065
954,1963,116.8059
954,1964,115.7152
954,1965,114.6646
954,1966,113.6671
954,1967,112.8273
954,1968,112.2235
954,1969,111.6358
954,1970,110.976
954,1971,110.2595
954,1972,109.4919
954,1973,108.7317
954,1974,108.1122
954,1975,107.5926
954,1976,107.0395
954,1977,106.5024
954,1978,105.9911
954,1979,105.443
954,1980,105.1759
954,1981,105.3391
954,1982,105.6166
954,1983,105.867
954,1984,106.0589
954,1985,106.2299
954,1986,106.3694
954,1987,106.4678
954,1988,106.5488
954,1989,106.5848
954,1990,106.3579
954,1991,105.8999
954,1992,105.4824
954,1993,105.1324
954,1994,104.7532
954,1995,104.2148
954,1996,103.4112
954,1997,102.503
954,1998,101.6513
954,1999,100.8408
954,2000,100.4833
954,2001,100.6242
954,2002,100.8605
954,2003,101.1007
954,2004,101.3104
954,2005,101.4794
954,2006,101.6329
954,2007,101.7945
954,2008,101.9591
954,2009,102.1155
954,2010,102.2736
954,2011,102.3221
954,2012,102.2506
954,2013,102.2052
954,2014,102.1843
954,2015,102.1252
954,2016,102.0324
954,2017,101.9401
954,2018,101.8451
954,2019,101.7433
954,2020,101.6276
954,2021,101.5214
954,2022,101.448
954,2023,101.3939
954,2024,101.3424
954,2025,101.2898
954,2026,101.2427
954,2027,101.1994
954,2028,101.153
954,2029,101.1047
954,2030,101.0562
954,2031,101.0118
954,2032,100.9713
954,2033,100.9342
954,2034,100.8974
954,2035,100.863
954,2036,100.8364
954,2037,100.8087
954,2038,100.7848
954,2039,100.7701
954,2040,100.7588
954,2041,100.7506
954,2042,100.747
954,2043,100.7453
954,2044,100.7452
954,2045,100.7538
954,2046,100.7676
954,2047,100.782
954,2048,100.7973
954,2049,100.8148
954,2050,100.8366
954,2051,100.8574
954,2052,100.8773
954,2053,100.9046
954,2054,100.935
954,2055,100.9658
954,2056,100.9969
954,2057,101.0243
954,2058,101.0535
954,2059,101.0829
954,2060,101.1092
954,2061,101.1364
954,2062,101.1634
954,2063,101.1876
954,2064,101.2103
954,2065,101.2312
954,2066,101.2497
954,2067,101.2616
954,2068,101.2727
954,2069,101.2831
954,2070,101.2872
954,2071,101.2896
954,2072,101.2875
954,2073,101.2842
954,2074,101.2782
954,2075,101.2675
954,2076,101.2552
954,2077,101.2367
954,2078,101.2168
954,2079,101.1977
954,2080,101.1776
954,2081,101.1578
954,2082,101.1328
954,2083,101.1058
954,2084,101.0853
954,2085,101.0653
954,2086,101.0423
954,2087,101.0243
954,2088,101.0107
954,2089,100.9968
954,2090,100.9855
954,2091,100.9764
954,2092,100.9652
954,2093,100.9616
954,2094,100.9617
954,2095,100.9596
954,2096,100.9624
954,2097,100.9637
954,2098,100.9653
954,2099,100.9724
954,2100,100.9842
957,1950,106.2318
957,1951,106.1011
957,1952,105.9823
957,1953,105.8458
957,1954,105.7503
957,1955,105.6841
957,1956,105.6234
957,1957,105.6245
957,1958,105.6728
957,1959,105.7336
957,1960,105.7644
957,1961,105.7476
957,1962,105.7422
957,1963,105.751
957,1964,105.7666
957,1965,105.7214
957,1966,105.6511
957,1967,105.5729
957,1968,105.4541
957,1969,105.3922
957,1970,105.4133
957,1971,105.4799
957,1972,105.645
957,1973,105.9074
957,1974,106.2317
957,1975,106.6075
957,1976,106.9571
957,1977,107.2571
957,1978,107.3316
957,1979,107.1979
957,1980,107.072
957,1981,106.9715
957,1982,107.025
957,1983,107.2254
957,1984,107.4339
957,1985,107.6317
957,1986,107.7759
957,1987,107.7928
957,1988,107.73
957,1989,107.6549
957,1990,107.5536
957,1991,107.4446
957,1992,107.3195
957,1993,107.1825
957,1994,107.0419
957,1995,106.9064
957,1996,106.7884
957,1997,106.62
957,1998,106.4134
957,1999,106.2236
957,2000,106.0274
957,2001,105.8364
957,2002,105.6503
957,2003,105.4835
957,2004,105.3327
957,2005,105.1816
957,2006,105.0328
957,2007,104.8135
957,2008,104.532
957,2009,104.2555
957,2010,103.9944
957,2011,103.7432
957,2012,103.4922
957,2013,103.2272
957,2014,102.9652
957,2015,102.7252
957,2016,102.4905
957,2017,102.2635
957,2018,102.0449
957,2019,101.8306
957,2020,101.6439
957,2021,101.4688
957,2022,101.3548
957,2023,101.3183
957,2024,101.2782
957,2025,101.2328
957,2026,101.1906
957,2027,101.1488
957,2028,101.1021
957,2029,101.0546
957,2030,101.0127
957,2031,100.9691
957,2032,100.9244
957,2033,100.8824
957,2034,100.8354
957,2035,100.7907
957,2036,100.7519
957,2037,100.716
957,2038,100.6778
957,2039,100.6425
957,2040,100.612
957,2041,100.5795
957,2042,100.5504
957,2043,100.5247
957,2044,100.5039
957,2045,100.4835
957,2046,100.4619
957,2047,100.4472
957,2048,100.4375
957,2049,100.4306
957,2050,100.4271
957,2051,100.427
957,2052,100.4303
957,2053,100.4372
957,2054,100.448
957,2055,100.4629
957,2056,100.4868
957,2057,100.5134
957,2058,100.5439
957,2059,100.5812
957,2060,100.6213
957,2061,100.666
957,2062,100.7144
957,2063,100.7658
957,2064,100.8213
957,2065,100.8813
957,2066,100.9443
957,2067,101.011
957,2068,101.0764
957,2069,101.1417
957,2070,101.2106
957,2071,101.2778
957,2072,101.3443
957,2073,101.4133
957,2074,101.4821
957,2075,101.549
957,2076,101.6148
957,2077,101.6792
957,2078,101.7416
957,2079,101.8052
957,2080,101.8694
957,2081,101.9337
957,2082,101.9978
957,2083,102.0631
957,2084,102.1248
957,2085,102.1816
957,2086,102.2414
957,2087,102.3023
957,2088,102.3565
957,2089,102.4083
957,2090,102.4568
957,2091,102.4977
957,2092,102.5392
957,2093,102.5808
957,2094,102.6165
957,2095,102.6476
957,2096,102.6744
957,2097,102.7012
957,2098,102.7306
957,2099,102.7549
957,2100,102.7773
