subregion,time,lexfemale
910,1950,40.3402
910,1951,40.584
910,1952,40.9112
910,1953,41.3824
910,1954,41.8688
910,1955,42.341
910,1956,42.765
910,1957,41.2568
910,1958,41.6291
910,1959,44.0729
910,1960,44.5424
910,1961,45.0418
910,1962,45.4332
910,1963,45.7315
910,1964,46.3086
910,1965,46.3367
910,1966,45.7436
910,1967,46.6728
910,1968,46.9425
910,1969,47.1284
910,1970,47.3359
910,1971,47.6578
910,1972,46.7068
910,1973,47.6323
910,1974,47.2093
910,1975,47.327
910,1976,48.3616
910,1977,48.6961
910,1978,49.0167
910,1979,49.4624
910,1980,49.7667
910,1981,50.1687
910,1982,50.4497
910,1983,48.0421
910,1984,48.1379
910,1985,48.5204
910,1986,48.7916
910,1987,50.3019
910,1988,49.1024
910,1989,50.6103
910,1990,50.3747
910,1991,49.3948
910,1992,48.9996
910,1993,49.6448
910,1994,46.6462
910,1995,50.3662
910,1996,50.4271
910,1997,50.5415
910,1998,49.8778
910,1999,51.2462
910,2000,51.718
910,2001,51.992
910,2002,52.8736
910,2003,53.6003
910,2004,54.5086
910,2005,55.4358
910,2006,56.4464
910,2007,57.3433
910,2008,58.3161
910,2009,59.3673
910,2010,60.2537
910,2011,61.2867
910,2012,62.2377
910,2013,63.1229
910,2014,63.8203
910,2015,64.4707
910,2016,65.1715
910,2017,65.6114
910,2018,66.1855
910,2019,66.6054
910,2020,66.2992
910,2021,65.672
910,2022,66.2407
910,2023,67.307
910,2024,67.9072
910,2025,68.1596
910,2026,68.4014
910,2027,68.6363
910,2028,68.8674
910,2029,69.0907
910,2030,69.3124
910,2031,69.527
910,2032,69.7415
910,2033,69.9539
910,2034,70.1605
910,2035,70.3637
910,2036,70.5688
910,2037,70.7691
910,2038,70.9644
910,2039,71.1591
910,2040,71.3507
910,2041,71.5423
910,2042,71.7308
910,2043,71.9141
910,2044,72.1016
910,2045,72.2845
910,2046,72.4689
910,2047,72.6474
910,2048,72.8268
910,2049,73.0035
910,2050,73.1811
910,2051,73.3499
910,2052,73.5254
910,2053,73.698
910,2054,73.863
910,2055,74.0336
910,2056,74.1953
910,2057,74.361
910,2058,74.5285
910,2059,74.6876
910,2060,74.8442
910,2061,75.0057
910,2062,75.1644
910,2063,75.3156
910,2064,75.4683
910,2065,75.6178
910,2066,75.7714
910,2067,75.9177
910,2068,76.064
910,2069,76.212
910,2070,76.357
910,2071,76.5006
910,2072,76.6434
910,2073,76.7871
910,2074,76.9289
910,2075,77.0683
910,2076,77.2101
910,2077,77.3475
910,2078,77.4863
910,2079,77.6262
910,2080,77.7664
910,2081,77.9028
910,2082,78.038
910,2083,78.1781
910,2084,78.3109
910,2085,78.4487
910,2086,78.5831
910,2087,78.7178
910,2088,78.8488
910,2089,78.9853
910,2090,79.1155
910,2091,79.2487
910,2092,79.3828
910,2093,79.5158
910,2094,79.6488
910,2095,79.7806
910,2096,79.9094
910,2097,80.0365
910,2098,80.1691
910,2099,80.2985
910,2100,80.4256
911,1950,38.387
911,1951,38.5582
911,1952,38.8865
911,1953,39.2107
911,1954,39.6616
911,1955,40.0118
911,1956,40.4317
911,1957,40.833
911,1958,41.1586
911,1959,41.5036
911,1960,41.68
911,1961,41.7713
911,1962,42.0848
911,1963,42.425
911,1964,42.5232
911,1965,43.0067
911,1966,43.5838
911,1967,44.0315
911,1968,44.4665
911,1969,44.7843
911,1970,45.1992
911,1971,45.584
911,1972,46.0997
911,1973,46.3698
911,1974,46.6312
911,1975,46.633
911,1976,46.7744
911,1977,47.048
911,1978,47.1057
911,1979,47.5689
911,1980,47.8078
911,1981,48.1106
911,1982,48.3954
911,1983,48.5257
911,1984,48.8266
911,1985,49.004
911,1986,49.2904
911,1987,49.324
911,1988,49.7917
911,1989,50.0052
911,1990,50.306
911,1991,50.6256
911,1992,50.5552
911,1993,50.9597
911,1994,51.1764
911,1995,51.5941
911,1996,51.1952
911,1997,51.6536
911,1998,51.7513
911,1999,52.0748
911,2000,52.3334
911,2001,52.7
911,2002,52.9314
911,2003,53.5137
911,2004,53.9869
911,2005,54.4481
911,2006,55.0627
911,2007,55.5777
911,2008,56.1426
911,2009,56.8078
911,2010,57.4513
911,2011,58.0907
911,2012,58.578
911,2013,59.1945
911,2014,59.7693
911,2015,60.2379
911,2016,60.7546
911,2017,61.1222
911,2018,61.741
911,2019,62.0922
911,2020,61.7444
911,2021,61.3974
911,2022,61.8429
911,2023,62.6505
911,2024,63.0842
911,2025,63.2928
911,2026,63.4854
911,2027,63.6732
911,2028,63.8639
911,2029,64.0559
911,2030,64.2392
911,2031,64.4265
911,2032,64.6097
911,2033,64.7892
911,2034,64.9698
911,2035,65.1451
911,2036,65.3253
911,2037,65.4971
911,2038,65.6723
911,2039,65.8468
911,2040,66.0202
911,2041,66.1807
911,2042,66.3482
911,2043,66.5161
911,2044,66.6851
911,2045,66.8458
911,2046,67.0058
911,2047,67.1701
911,2048,67.323
911,2049,67.4752
911,2050,67.6398
911,2051,67.7944
911,2052,67.9533
911,2053,68.1022
911,2054,68.2553
911,2055,68.4028
911,2056,68.5498
911,2057,68.7047
911,2058,68.8471
911,2059,69.0009
911,2060,69.1482
911,2061,69.2996
911,2062,69.442
911,2063,69.589
911,2064,69.7202
911,2065,69.8791
911,2066,70.0236
911,2067,70.1691
911,2068,70.3136
911,2069,70.446
911,2070,70.5954
911,2071,70.7356
911,2072,70.8673
911,2073,71.0089
911,2074,71.1486
911,2075,71.2867
911,2076,71.4174
911,2077,71.5498
911,2078,71.6857
911,2079,71.8226
911,2080,71.9614
911,2081,72.0984
911,2082,72.2211
911,2083,72.3615
911,2084,72.4926
911,2085,72.6253
911,2086,72.7622
911,2087,72.8921
911,2088,73.0243
911,2089,73.1459
911,2090,73.2795
911,2091,73.4017
911,2092,73.5338
911,2093,73.6563
911,2094,73.7867
911,2095,73.9217
911,2096,74.0428
911,2097,74.1637
911,2098,74.2994
911,2099,74.4318
911,2100,74.5534
912,1950,39.4507
912,1951,39.9559
912,1952,41.2024
912,1953,41.7749
912,1954,42.6705
912,1955,43.4863
912,1956,43.971
912,1957,44.4482
912,1958,44.7148
912,1959,45.2854
912,1960,45.5525
912,1961,46.3026
912,1962,46.7253
912,1963,47.4804
912,1964,48.3788
912,1965,48.5643
912,1966,48.6267
912,1967,49.0306
912,1968,49.3909
912,1969,49.6329
912,1970,50.053
912,1971,51.0126
912,1972,51.494
912,1973,52.2952
912,1974,53.0078
912,1975,53.7336
912,1976,54.4663
912,1977,55.2218
912,1978,55.9337
912,1979,56.7784
912,1980,57.7239
912,1981,58.4559
912,1982,59.4703
912,1983,59.2818
912,1984,59.9132
912,1985,60.7981
912,1986,62.5805
912,1987,62.0473
912,1988,61.2872
912,1989,63.9508
912,1990,64.493
912,1991,64.9914
912,1992,64.5893
912,1993,64.9718
912,1994,66.6335
912,1995,66.4691
912,1996,66.9261
912,1997,67.3774
912,1998,66.9784
912,1999,68.314
912,2000,68.867
912,2001,69.1855
912,2002,69.515
912,2003,69.4113
912,2004,69.5047
912,2005,69.8756
912,2006,70.4998
912,2007,70.9121
912,2008,71.1252
912,2009,71.6278
912,2010,71.8383
912,2011,72.1561
912,2012,72.4897
912,2013,72.6957
912,2014,73.1352
912,2015,73.233
912,2016,73.5288
912,2017,73.9007
912,2018,74.0416
912,2019,74.0893
912,2020,73.5943
912,2021,73.3547
912,2022,73.6064
912,2023,74.2761
912,2024,75.0735
912,2025,75.2211
912,2026,75.3984
912,2027,75.5772
912,2028,75.7503
912,2029,75.9273
912,2030,76.0975
912,2031,76.2683
912,2032,76.4369
912,2033,76.6023
912,2034,76.7708
912,2035,76.9332
912,2036,77.099
912,2037,77.2563
912,2038,77.419
912,2039,77.5788
912,2040,77.7329
912,2041,77.8873
912,2042,78.036
912,2043,78.1878
912,2044,78.3292
912,2045,78.4737
912,2046,78.6136
912,2047,78.752
912,2048,78.8826
912,2049,79.0206
912,2050,79.1507
912,2051,79.2808
912,2052,79.4071
912,2053,79.5394
912,2054,79.6717
912,2055,79.7952
912,2056,79.9196
912,2057,80.0416
912,2058,80.1637
912,2059,80.2825
912,2060,80.4018
912,2061,80.5168
912,2062,80.6387
912,2063,80.7505
912,2064,80.8675
912,2065,80.9847
912,2066,81.1018
912,2067,81.208
912,2068,81.3251
912,2069,81.4379
912,2070,81.5483
912,2071,81.6607
912,2072,81.7758
912,2073,81.8846
912,2074,81.9928
912,2075,82.1057
912,2076,82.2055
912,2077,82.3167
912,2078,82.4222
912,2079,82.536
912,2080,82.6481
912,2081,82.7586
912,2082,82.8657
912,2083,82.9792
912,2084,83.0881
912,2085,83.2008
912,2086,83.3076
912,2087,83.4103
912,2088,83.5151
912,2089,83.6243
912,2090,83.7304
912,2091,83.835
912,2092,83.948
912,2093,84.0492
912,2094,84.1563
912,2095,84.2631
912,2096,84.3571
912,2097,84.4616
912,2098,84.5663
912,2099,84.6763
912,2100,84.7713
913,1950,43.3732
913,1951,44.1435
913,1952,45.1603
913,1953,46.3782
913,1954,47.7155
913,1955,49.148
913,1956,50.3933
913,1957,51.6257
913,1958,52.6812
913,1959,53.5875
913,1960,54.2853
913,1961,54.7814
913,1962,55.1337
913,1963,55.4375
913,1964,55.7615
913,1965,56.1049
913,1966,56.4291
913,1967,56.7927
913,1968,57.1063
913,1969,57.4982
913,1970,57.9335
913,1971,58.3923
913,1972,58.8137
913,1973,59.3185
913,1974,59.8056
913,1975,60.3336
913,1976,60.9083
913,1977,61.5103
913,1978,62.1042
913,1979,62.5813
913,1980,63.0169
913,1981,63.6314
913,1982,64.1101
913,1983,64.5502
913,1984,64.8538
913,1985,65.2562
913,1986,65.7785
913,1987,65.8267
913,1988,66.2702
913,1989,66.1721
913,1990,66.456
913,1991,66.5928
913,1992,66.6063
913,1993,66.2884
913,1994,65.6177
913,1995,65.0561
913,1996,63.9276
913,1997,62.9334
913,1998,61.8809
913,1999,60.903
913,2000,59.8592
913,2001,58.3468
913,2002,56.712
913,2003,55.3951
913,2004,54.931
913,2005,54.7167
913,2006,55.2183
913,2007,56.1944
913,2008,57.4091
913,2009,58.8863
913,2010,60.4657
913,2011,62.2025
913,2012,63.5214
913,2013,64.4277
913,2014,65.4369
913,2015,66.0388
913,2016,67.1028
913,2017,67.7776
913,2018,68.0601
913,2019,68.4638
913,2020,67.4414
913,2021,64.4756
913,2022,63.8268
913,2023,65.3236
913,2024,69.257
913,2025,69.4076
913,2026,69.5654
913,2027,69.7254
913,2028,69.8739
913,2029,70.0301
913,2030,70.1835
913,2031,70.3318
913,2032,70.486
913,2033,70.6339
913,2034,70.775
913,2035,70.9226
913,2036,71.0788
913,2037,71.2166
913,2038,71.3621
913,2039,71.5038
913,2040,71.6395
913,2041,71.782
913,2042,71.9287
913,2043,72.0743
913,2044,72.2131
913,2045,72.3404
913,2046,72.474
913,2047,72.6139
913,2048,72.7558
913,2049,72.8967
913,2050,73.0215
913,2051,73.1575
913,2052,73.2889
913,2053,73.4242
913,2054,73.5571
913,2055,73.6815
913,2056,73.8109
913,2057,73.948
913,2058,74.0788
913,2059,74.2169
913,2060,74.3483
913,2061,74.4819
913,2062,74.6161
913,2063,74.7353
913,2064,74.8699
913,2065,74.9938
913,2066,75.136
913,2067,75.262
913,2068,75.3872
913,2069,75.5151
913,2070,75.646
913,2071,75.7764
913,2072,75.9032
913,2073,76.0354
913,2074,76.1586
913,2075,76.2847
913,2076,76.4079
913,2077,76.5236
913,2078,76.6579
913,2079,76.7829
913,2080,76.9016
913,2081,77.026
913,2082,77.1436
913,2083,77.2624
913,2084,77.3893
913,2085,77.5058
913,2086,77.641
913,2087,77.7594
913,2088,77.8827
913,2089,78.0058
913,2090,78.1305
913,2091,78.2496
913,2092,78.3602
913,2093,78.4844
913,2094,78.606
913,2095,78.7244
913,2096,78.8512
913,2097,78.9665
913,2098,79.0885
913,2099,79.2055
913,2100,79.3315
914,1950,36.5215
914,1951,36.7239
914,1952,36.9576
914,1953,37.2842
914,1954,37.4748
914,1955,37.7516
914,1956,37.9665
914,1957,38.2328
914,1958,38.3753
914,1959,38.6125
914,1960,38.8328
914,1961,39.1306
914,1962,39.2886
914,1963,39.6256
914,1964,39.9342
914,1965,40.1498
914,1966,40.2843
914,1967,40.1576
914,1968,40.7276
914,1969,40.9203
914,1970,41.31
914,1971,41.7625
914,1972,42.4285
914,1973,43.0156
914,1974,43.7389
914,1975,44.5803
914,1976,45.5348
914,1977,46.3722
914,1978,47.042
914,1979,47.4622
914,1980,47.8164
914,1981,48.0135
914,1982,48.2437
914,1983,48.4505
914,1984,48.5648
914,1985,48.6542
914,1986,48.6104
914,1987,48.9073
914,1988,49.1342
914,1989,49.3354
914,1990,49.4267
914,1991,49.3864
914,1992,49.5179
914,1993,49.6615
914,1994,49.4574
914,1995,49.5916
914,1996,49.7529
914,1997,49.9648
914,1998,50.0617
914,1999,50.5322
914,2000,50.9634
914,2001,51.2857
914,2002,51.6683
914,2003,52.1768
914,2004,52.5409
914,2005,53.0918
914,2006,53.5204
914,2007,53.9192
914,2008,54.155
914,2009,54.7115
914,2010,55.035
914,2011,55.512
914,2012,55.7942
914,2013,56.1178
914,2014,56.335
914,2015,56.5353
914,2016,56.7682
914,2017,57.1501
914,2018,57.3881
914,2019,57.8432
914,2020,57.7133
914,2021,57.4912
914,2022,58.1991
914,2023,58.6892
914,2024,59.1683
914,2025,59.4249
914,2026,59.6754
914,2027,59.9248
914,2028,60.1775
914,2029,60.4298
914,2030,60.6791
914,2031,60.9205
914,2032,61.1641
914,2033,61.4068
914,2034,61.6481
914,2035,61.8908
914,2036,62.127
914,2037,62.3613
914,2038,62.5947
914,2039,62.8262
914,2040,63.052
914,2041,63.2886
914,2042,63.5123
914,2043,63.7391
914,2044,63.9472
914,2045,64.1673
914,2046,64.3839
914,2047,64.6005
914,2048,64.8089
914,2049,65.0159
914,2050,65.2267
914,2051,65.4295
914,2052,65.638
914,2053,65.8384
914,2054,66.038
914,2055,66.2389
914,2056,66.4354
914,2057,66.6262
914,2058,66.8199
914,2059,67.0053
914,2060,67.2004
914,2061,67.3833
914,2062,67.57
914,2063,67.7549
914,2064,67.9371
914,2065,68.1131
914,2066,68.294
914,2067,68.4636
914,2068,68.6439
914,2069,68.817
914,2070,68.9891
914,2071,69.1648
914,2072,69.328
914,2073,69.4954
914,2074,69.6634
914,2075,69.827
914,2076,69.9901
914,2077,70.1537
914,2078,70.3245
914,2079,70.4793
914,2080,70.6377
914,2081,70.7916
914,2082,70.9414
914,2083,71.1086
914,2084,71.2556
914,2085,71.4057
914,2086,71.5622
914,2087,71.7045
914,2088,71.8522
914,2089,72.0036
914,2090,72.1527
914,2091,72.3052
914,2092,72.4384
914,2093,72.5917
914,2094,72.7351
914,2095,72.8803
914,2096,73.0262
914,2097,73.1654
914,2098,73.3104
914,2099,73.4557
914,2100,73.5884
5500,1950,58.0254
5500,1951,58.2049
5500,1952,58.3778
5500,1953,58.5537
5500,1954,58.8071
5500,1955,59.0905
5500,1956,59.3891
5500,1957,59.6836
5500,1958,60.0522
5500,1959,60.4161
5500,1960,60.6507
5500,1961,60.8144
5500,1962,61.0346
5500,1963,61.4223
5500,1964,61.7258
5500,1965,61.9416
5500,1966,62.3183
5500,1967,62.5843
5500,1968,62.8256
5500,1969,63.2478
5500,1970,63.531
5500,1971,63.8436
5500,1972,64.2114
5500,1973,64.3783
5500,1974,64.7968
5500,1975,64.9691
5500,1976,65.0209
5500,1977,65.1838
5500,1978,65.41
5500,1979,65.6493
5500,1980,65.8752
5500,1981,66.1681
5500,1982,66.4003
5500,1983,66.5777
5500,1984,66.6769
5500,1985,66.9718
5500,1986,67.2537
5500,1987,67.6475
5500,1988,68.013
5500,1989,68.0738
5500,1990,68.0088
5500,1991,67.8148
5500,1992,67.4445
5500,1993,67.5182
5500,1994,67.458
5500,1995,67.5082
5500,1996,67.5187
5500,1997,67.6957
5500,1998,68.0312
5500,1999,68.3793
5500,2000,68.6731
5500,2001,69.0087
5500,2002,69.1599
5500,2003,69.6473
5500,2004,70.0625
5500,2005,70.172
5500,2006,70.5794
5500,2007,70.7201
5500,2008,71.2274
5500,2009,71.4672
5500,2010,71.8045
5500,2011,72.2353
5500,2012,72.5581
5500,2013,72.8676
5500,2014,73.2335
5500,2015,73.4506
5500,2016,73.4382
5500,2017,73.8539
5500,2018,73.918
5500,2019,74.1516
5500,2020,72.9211
5500,2021,73.1733
5500,2022,73.5756
5500,2023,74.0545
5500,2024,74.8766
5500,2025,75.0199
5500,2026,75.1562
5500,2027,75.2959
5500,2028,75.4313
5500,2029,75.5662
5500,2030,75.7008
5500,2031,75.8337
5500,2032,75.9707
5500,2033,76.0947
5500,2034,76.2274
5500,2035,76.3614
5500,2036,76.4966
5500,2037,76.6281
5500,2038,76.7547
5500,2039,76.8841
5500,2040,77.0149
5500,2041,77.1452
5500,2042,77.2767
5500,2043,77.4054
5500,2044,77.5374
5500,2045,77.6705
5500,2046,77.7975
5500,2047,77.9265
5500,2048,78.0525
5500,2049,78.1751
5500,2050,78.3057
5500,2051,78.4305
5500,2052,78.5567
5500,2053,78.6861
5500,2054,78.8135
5500,2055,78.9382
5500,2056,79.0606
5500,2057,79.1835
5500,2058,79.3055
5500,2059,79.4354
5500,2060,79.5645
5500,2061,79.6883
5500,2062,79.8133
5500,2063,79.9369
5500,2064,80.0627
5500,2065,80.1911
5500,2066,80.3144
5500,2067,80.4399
5500,2068,80.5639
5500,2069,80.6875
5500,2070,80.8133
5500,2071,80.9349
5500,2072,81.0585
5500,2073,81.1791
5500,2074,81.3021
5500,2075,81.4211
5500,2076,81.5422
5500,2077,81.6642
5500,2078,81.7907
5500,2079,81.91
5500,2080,82.037
5500,2081,82.1664
5500,2082,82.2821
5500,2083,82.4084
5500,2084,82.5287
5500,2085,82.6498
5500,2086,82.7695
5500,2087,82.8857
5500,2088,83.0071
5500,2089,83.1259
5500,2090,83.249
5500,2091,83.3653
5500,2092,83.4849
5500,2093,83.6062
5500,2094,83.7202
5500,2095,83.8395
5500,2096,83.9497
5500,2097,84.0656
5500,2098,84.1833
5500,2099,84.2963
5500,2100,84.4082
906,1950,46.0655
906,1951,47.2937
906,1952,48.743
906,1953,49.3822
906,1954,50.2996
906,1955,50.9387
906,1956,51.497
906,1957,52.0012
906,1958,52.6686
906,1959,44.3454
906,1960,38.2901
906,1961,45.4831
906,1962,55.0656
906,1963,55.5919
906,1964,56.3116
906,1965,57.0717
906,1966,57.7088
906,1967,58.4633
906,1968,59.0619
906,1969,59.6916
906,1970,60.47
906,1971,61.3547
906,1972,62.2203
906,1973,63.1605
906,1974,64.0237
906,1975,64.8168
906,1976,65.665
906,1977,66.4073
906,1978,67.106
906,1979,67.7698
906,1980,68.2431
906,1981,68.862
906,1982,69.3371
906,1983,69.76
906,1984,70.196
906,1985,70.5435
906,1986,70.8879
906,1987,71.2588
906,1988,71.5236
906,1989,71.7902
906,1990,71.8914
906,1991,71.9001
906,1992,72.5067
906,1993,73.073
906,1994,73.2961
906,1995,73.5773
906,1996,73.8433
906,1997,74.2536
906,1998,74.8691
906,1999,74.8715
906,2000,75.4813
906,2001,76.461
906,2002,76.8335
906,2003,77.4075
906,2004,77.783
906,2005,78.1038
906,2006,78.4553
906,2007,78.7577
906,2008,78.8379
906,2009,79.3468
906,2010,79.574
906,2011,79.8291
906,2012,80.1673
906,2013,80.4186
906,2014,80.695
906,2015,80.9453
906,2016,81.1995
906,2017,81.4433
906,2018,81.7215
906,2019,81.8868
906,2020,82.1315
906,2021,82.187
906,2022,82.3599
906,2023,82.5207
906,2024,82.6756
906,2025,82.8263
906,2026,82.9744
906,2027,83.1206
906,2028,83.2646
906,2029,83.4072
906,2030,83.5538
906,2031,83.6929
906,2032,83.8341
906,2033,83.9668
906,2034,84.1018
906,2035,84.2319
906,2036,84.3632
906,2037,84.4905
906,2038,84.618
906,2039,84.7416
906,2040,84.8709
906,2041,84.9995
906,2042,85.1247
906,2043,85.2519
906,2044,85.3795
906,2045,85.5078
906,2046,85.6386
906,2047,85.7593
906,2048,85.8856
906,2049,86.0169
906,2050,86.1511
906,2051,86.2836
906,2052,86.4109
906,2053,86.5381
906,2054,86.67
906,2055,86.8017
906,2056,86.9274
906,2057,87.0556
906,2058,87.1885
906,2059,87.3166
906,2060,87.4431
906,2061,87.572
906,2062,87.6938
906,2063,87.8262
906,2064,87.9451
906,2065,88.0692
906,2066,88.1872
906,2067,88.3161
906,2068,88.4388
906,2069,88.56
906,2070,88.6873
906,2071,88.8116
906,2072,88.922
906,2073,89.042
906,2074,89.1681
906,2075,89.2873
906,2076,89.409
906,2077,89.5392
906,2078,89.6628
906,2079,89.7811
906,2080,89.9072
906,2081,90.0253
906,2082,90.1489
906,2083,90.2746
906,2084,90.3962
906,2085,90.5118
906,2086,90.6335
906,2087,90.7612
906,2088,90.8786
906,2089,90.9982
906,2090,91.1168
906,2091,91.2402
906,2092,91.3529
906,2093,91.4758
906,2094,91.5936
906,2095,91.7066
906,2096,91.8201
906,2097,91.9414
906,2098,92.0532
906,2099,92.1812
906,2100,92.2943
5501,1950,39.6865
5501,1951,39.8978
5501,1952,40.3459
5501,1953,40.6439
5501,1954,41.4551
5501,1955,42.0051
5501,1956,42.4596
5501,1957,42.8792
5501,1958,43.3488
5501,1959,43.8822
5501,1960,44.2517
5501,1961,44.5817
5501,1962,44.9327
5501,1963,45.2923
5501,1964,45.7039
5501,1965,44.8756
5501,1966,45.4671
5501,1967,45.8953
5501,1968,47.337
5501,1969,47.7696
5501,1970,47.4261
5501,1971,46.4407
5501,1972,48.9176
5501,1973,49.4266
5501,1974,49.965
5501,1975,50.6577
5501,1976,51.2799
5501,1977,51.9323
5501,1978,52.5315
5501,1979,53.2727
5501,1980,53.9726
5501,1981,54.6538
5501,1982,55.3161
5501,1983,55.9831
5501,1984,56.5517
5501,1985,57.056
5501,1986,57.6286
5501,1987,58.1128
5501,1988,58.6646
5501,1989,59.0848
5501,1990,59.5423
5501,1991,59.7991
5501,1992,60.4852
5501,1993,60.7443
5501,1994,61.1308
5501,1995,61.4582
5501,1996,61.7965
5501,1997,62.4135
5501,1998,63.037
5501,1999,63.6936
5501,2000,64.135
5501,2001,64.6326
5501,2002,65.1808
5501,2003,65.666
5501,2004,66.1581
5501,2005,66.6317
5501,2006,67.23
5501,2007,67.5897
5501,2008,67.9894
5501,2009,68.288
5501,2010,68.8075
5501,2011,69.217
5501,2012,69.7193
5501,2013,70.2078
5501,2014,70.5996
5501,2015,71.0259
5501,2016,71.4589
5501,2017,71.8596
5501,2018,72.1261
5501,2019,72.3862
5501,2020,71.7775
5501,2021,69.4675
5501,2022,70.1069
5501,2023,73.5427
5501,2024,73.8213
5501,2025,74.0802
5501,2026,74.3373
5501,2027,74.5935
5501,2028,74.8446
5501,2029,75.0885
5501,2030,75.3325
5501,2031,75.5738
5501,2032,75.8039
5501,2033,76.0312
5501,2034,76.2561
5501,2035,76.4736
5501,2036,76.688
5501,2037,76.905
5501,2038,77.1129
5501,2039,77.3152
5501,2040,77.5174
5501,2041,77.7232
5501,2042,77.9199
5501,2043,78.1125
5501,2044,78.3001
5501,2045,78.4885
5501,2046,78.6809
5501,2047,78.8573
5501,2048,79.0351
5501,2049,79.2147
5501,2050,79.3861
5501,2051,79.5529
5501,2052,79.7242
5501,2053,79.8968
5501,2054,80.0627
5501,2055,80.2255
5501,2056,80.382
5501,2057,80.5411
5501,2058,80.7002
5501,2059,80.8444
5501,2060,80.9926
5501,2061,81.143
5501,2062,81.2825
5501,2063,81.428
5501,2064,81.5662
5501,2065,81.7036
5501,2066,81.8387
5501,2067,81.9742
5501,2068,82.1071
5501,2069,82.2347
5501,2070,82.3674
5501,2071,82.4993
5501,2072,82.6224
5501,2073,82.7422
5501,2074,82.8668
5501,2075,82.9917
5501,2076,83.1062
5501,2077,83.2311
5501,2078,83.3485
5501,2079,83.4658
5501,2080,83.5804
5501,2081,83.6938
5501,2082,83.8102
5501,2083,83.9257
5501,2084,84.039
5501,2085,84.1568
5501,2086,84.2732
5501,2087,84.3858
5501,2088,84.504
5501,2089,84.6168
5501,2090,84.7292
5501,2091,84.8446
5501,2092,84.9525
5501,2093,85.0694
5501,2094,85.1789
5501,2095,85.2933
5501,2096,85.4116
5501,2097,85.5172
5501,2098,85.6325
5501,2099,85.7433
5501,2100,85.8541
920,1950,44.4223
920,1951,45.0488
920,1952,46.0876
920,1953,46.8666
920,1954,47.7313
920,1955,48.6715
920,1956,49.5803
920,1957,50.3061
920,1958,51.0913
920,1959,51.8093
920,1960,52.5045
920,1961,53.1612
920,1962,53.7154
920,1963,54.083
920,1964,54.8797
920,1965,53.1014
920,1966,55.004
920,1967,56.4156
920,1968,56.5005
920,1969,57.2353
920,1970,57.6796
920,1971,58.2612
920,1972,58.2181
920,1973,59.0737
920,1974,59.3772
920,1975,58.5988
920,1976,58.3845
920,1977,61.0139
920,1978,61.9119
920,1979,62.4763
920,1980,63.0191
920,1981,63.2926
920,1982,63.8014
920,1983,64.2184
920,1984,64.5477
920,1985,64.9807
920,1986,65.492
920,1987,65.7597
920,1988,66.0918
920,1989,66.649
920,1990,67.0383
920,1991,67.4007
920,1992,67.8808
920,1993,68.4585
920,1994,68.6268
920,1995,69.0003
920,1996,69.2794
920,1997,69.6509
920,1998,69.8755
920,1999,70.1561
920,2000,70.2474
920,2001,70.6702
920,2002,70.9078
920,2003,71.3293
920,2004,70.4701
920,2005,71.6296
920,2006,72.0392
920,2007,72.2652
920,2008,71.5543
920,2009,72.7606
920,2010,72.8648
920,2011,73.111
920,2012,73.3177
920,2013,73.6987
920,2014,73.9257
920,2015,74.1368
920,2016,74.341
920,2017,74.5021
920,2018,74.8902
920,2019,75.091
920,2020,74.5133
920,2021,73.1078
920,2022,74.3193
920,2023,75.8986
920,2024,76.0807
920,2025,76.2581
920,2026,76.432
920,2027,76.607
920,2028,76.7796
920,2029,76.9436
920,2030,77.1131
920,2031,77.2766
920,2032,77.4372
920,2033,77.5934
920,2034,77.7516
920,2035,77.9059
920,2036,78.0574
920,2037,78.2063
920,2038,78.3524
920,2039,78.4967
920,2040,78.6375
920,2041,78.7708
920,2042,78.9005
920,2043,79.0347
920,2044,79.1679
920,2045,79.2919
920,2046,79.4224
920,2047,79.5425
920,2048,79.6625
920,2049,79.7861
920,2050,79.9054
920,2051,80.0241
920,2052,80.1468
920,2053,80.2647
920,2054,80.3862
920,2055,80.5052
920,2056,80.6188
920,2057,80.7339
920,2058,80.85
920,2059,80.9652
920,2060,81.0818
920,2061,81.1952
920,2062,81.3074
920,2063,81.4228
920,2064,81.5386
920,2065,81.6503
920,2066,81.7623
920,2067,81.8736
920,2068,81.9842
920,2069,82.0959
920,2070,82.204
920,2071,82.3204
920,2072,82.4288
920,2073,82.5457
920,2074,82.6576
920,2075,82.7666
920,2076,82.8776
920,2077,82.9852
920,2078,83.0949
920,2079,83.2032
920,2080,83.3189
920,2081,83.4256
920,2082,83.5364
920,2083,83.6537
920,2084,83.7602
920,2085,83.8673
920,2086,83.9828
920,2087,84.0941
920,2088,84.2061
920,2089,84.3133
920,2090,84.4277
920,2091,84.54
920,2092,84.6522
920,2093,84.7623
920,2094,84.8751
920,2095,84.9849
920,2096,85.0933
920,2097,85.2069
920,2098,85.3156
920,2099,85.4252
920,2100,85.5333
922,1950,47.8766
922,1951,48.3326
922,1952,48.7979
922,1953,49.1278
922,1954,49.8355
922,1955,50.4262
922,1956,50.9753
922,1957,51.3743
922,1958,51.874
922,1959,52.6298
922,1960,53.365
922,1961,54.0935
922,1962,54.7394
922,1963,55.3386
922,1964,55.9527
922,1965,56.5829
922,1966,57.114
922,1967,57.7357
922,1968,58.3515
922,1969,59.0332
922,1970,59.6553
922,1971,60.3467
922,1972,60.9969
922,1973,61.5502
922,1974,62.1773
922,1975,62.6843
922,1976,62.4577
922,1977,63.8326
922,1978,64.5658
922,1979,65.1493
922,1980,65.613
922,1981,66.0374
922,1982,65.9217
922,1983,67.3475
922,1984,67.8588
922,1985,68.2873
922,1986,68.6764
922,1987,68.999
922,1988,68.5692
922,1989,69.1929
922,1990,69.4935
922,1991,70.2155
922,1992,70.8035
922,1993,71.1068
922,1994,71.3224
922,1995,71.5581
922,1996,71.7991
922,1997,71.9849
922,1998,72.1581
922,1999,72.325
922,2000,73.0938
922,2001,73.4825
922,2002,73.8211
922,2003,74.1265
922,2004,74.3588
922,2005,74.6322
922,2006,74.9054
922,2007,75.193
922,2008,75.3614
922,2009,75.6948
922,2010,75.949
922,2011,75.9849
922,2012,75.8617
922,2013,75.9735
922,2014,76.1532
922,2015,76.3992
922,2016,76.7944
922,2017,77.4054
922,2018,77.538
922,2019,77.6848
922,2020,75.9818
922,2021,76.0794
922,2022,77.4372
922,2023,77.952
922,2024,78.5594
922,2025,78.7224
922,2026,78.8829
922,2027,79.046
922,2028,79.2071
922,2029,79.368
922,2030,79.5238
922,2031,79.6799
922,2032,79.8326
922,2033,79.9857
922,2034,80.1385
922,2035,80.2871
922,2036,80.4348
922,2037,80.5811
922,2038,80.7245
922,2039,80.8629
922,2040,81.0031
922,2041,81.1404
922,2042,81.2747
922,2043,81.4072
922,2044,81.5411
922,2045,81.67
922,2046,81.7985
922,2047,81.9257
922,2048,82.0493
922,2049,82.1712
922,2050,82.2952
922,2051,82.4144
922,2052,82.5305
922,2053,82.6498
922,2054,82.7638
922,2055,82.8763
922,2056,82.987
922,2057,83.0989
922,2058,83.2082
922,2059,83.3174
922,2060,83.4206
922,2061,83.5252
922,2062,83.6264
922,2063,83.7266
922,2064,83.8278
922,2065,83.9302
922,2066,84.0297
922,2067,84.1294
922,2068,84.2256
922,2069,84.3222
922,2070,84.4157
922,2071,84.5121
922,2072,84.6078
922,2073,84.7032
922,2074,84.7994
922,2075,84.8922
922,2076,84.9897
922,2077,85.0878
922,2078,85.1821
922,2079,85.2787
922,2080,85.3761
922,2081,85.4726
922,2082,85.5714
922,2083,85.6694
922,2084,85.7709
922,2085,85.8706
922,2086,85.971
922,2087,86.076
922,2088,86.1769
922,2089,86.2819
922,2090,86.3874
922,2091,86.4911
922,2092,86.5961
922,2093,86.7018
922,2094,86.8087
922,2095,86.915
922,2096,87.0201
922,2097,87.128
922,2098,87.2345
922,2099,87.3425
922,2100,87.4434
923,1950,62.5077
923,1951,62.5461
923,1952,63.7913
923,1953,64.8857
923,1954,65.6243
923,1955,66.8374
923,1956,68.7623
923,1957,68.6514
923,1958,70.3538
923,1959,69.9633
923,1960,71.3179
923,1961,71.6071
923,1962,71.2385
923,1963,71.9358
923,1964,72.4417
923,1965,72.2933
923,1966,72.5847
923,1967,72.3108
923,1968,72.4595
923,1969,72.0581
923,1970,72.1927
923,1971,72.3536
923,1972,72.5229
923,1973,72.526
923,1974,72.7658
923,1975,72.6712
923,1976,72.6791
923,1977,72.7979
923,1978,72.8235
923,1979,72.7264
923,1980,72.5711
923,1981,72.9012
923,1982,73.1329
923,1983,73.0722
923,1984,72.875
923,1985,72.8577
923,1986,73.8914
923,1987,73.8674
923,1988,73.9134
923,1989,74.2174
923,1990,74.1138
923,1991,74.0614
923,1992,73.9437
923,1993,73.1059
923,1994,72.8497
923,1995,72.9364
923,1996,73.296
923,1997,73.5833
923,1998,73.9227
923,1999,73.6615
923,2000,73.8051
923,2001,74.0165
923,2002,73.9388
923,2003,73.945
923,2004,74.3951
923,2005,74.5501
923,2006,75.1128
923,2007,75.6034
923,2008,75.9377
923,2009,76.3625
923,2010,76.4818
923,2011,77.1317
923,2012,77.287
923,2013,77.6001
923,2014,78.0257
923,2015,78.3228
923,2016,78.8336
923,2017,79.1887
923,2018,79.2674
923,2019,79.5181
923,2020,77.6385
923,2021,76.3893
923,2022,76.4572
923,2023,79.4742
923,2024,80.1916
923,2025,80.3187
923,2026,80.4478
923,2027,80.578
923,2028,80.7061
923,2029,80.8394
923,2030,80.9679
923,2031,81.095
923,2032,81.2223
923,2033,81.3496
923,2034,81.4724
923,2035,81.5967
923,2036,81.7225
923,2037,81.845
923,2038,81.969
923,2039,82.0929
923,2040,82.2191
923,2041,82.3452
923,2042,82.4692
923,2043,82.5938
923,2044,82.7165
923,2045,82.8397
923,2046,82.9589
923,2047,83.0816
923,2048,83.2031
923,2049,83.3275
923,2050,83.4472
923,2051,83.5692
923,2052,83.6898
923,2053,83.8093
923,2054,83.9298
923,2055,84.0475
923,2056,84.165
923,2057,84.2829
923,2058,84.4036
923,2059,84.519
923,2060,84.6337
923,2061,84.7494
923,2062,84.8601
923,2063,84.9756
923,2064,85.0896
923,2065,85.2062
923,2066,85.3181
923,2067,85.4331
923,2068,85.5474
923,2069,85.6609
923,2070,85.7748
923,2071,85.8842
923,2072,86.0016
923,2073,86.1196
923,2074,86.2303
923,2075,86.3453
923,2076,86.4577
923,2077,86.5717
923,2078,86.6836
923,2079,86.7975
923,2080,86.9119
923,2081,87.0171
923,2082,87.1293
923,2083,87.2403
923,2084,87.3503
923,2085,87.4635
923,2086,87.5739
923,2087,87.6816
923,2088,87.7892
923,2089,87.8989
923,2090,88.0064
923,2091,88.1144
923,2092,88.228
923,2093,88.3364
923,2094,88.4505
923,2095,88.5615
923,2096,88.6723
923,2097,88.7961
923,2098,88.9013
923,2099,89.018
923,2100,89.1377
924,1950,70.7747
924,1951,70.7174
924,1952,71.8716
924,1953,72.148
924,1954,72.5704
924,1955,72.6208
924,1956,72.9668
924,1957,73.1082
924,1958,73.4071
924,1959,73.5969
924,1960,73.8817
924,1961,73.7708
924,1962,73.8226
924,1963,73.8928
924,1964,74.6302
924,1965,74.6397
924,1966,74.6434
924,1967,75.1499
924,1968,74.8704
924,1969,74.9124
924,1970,75.1803
924,1971,75.52
924,1972,75.3613
924,1973,75.5969
924,1974,75.7693
924,1975,75.9696
924,1976,75.9462
924,1977,76.4033
924,1978,76.381
924,1979,76.4875
924,1980,76.779
924,1981,77.0666
924,1982,77.2205
924,1983,77.3862
924,1984,77.6363
924,1985,77.4407
924,1986,77.7931
924,1987,77.9988
924,1988,78.0468
924,1989,78.1772
924,1990,78.3995
924,1991,78.5441
924,1992,78.8205
924,1993,78.6044
924,1994,79.0696
924,1995,79.0239
924,1996,79.328
924,1997,79.4933
924,1998,79.6482
924,1999,79.7255
924,2000,80.0809
924,2001,80.2879
924,2002,80.3844
924,2003,80.4833
924,2004,80.9605
924,2005,81.0917
924,2006,81.3311
924,2007,81.4552
924,2008,81.6079
924,2009,82.0281
924,2010,82.1877
924,2011,82.5551
924,2012,82.525
924,2013,82.672
924,2014,82.93
924,2015,82.7754
924,2016,82.9036
924,2017,83.0256
924,2018,83.0419
924,2019,83.505
924,2020,82.8138
924,2021,82.9216
924,2022,83.8057
924,2023,84.0218
924,2024,84.147
924,2025,84.2691
924,2026,84.3904
924,2027,84.513
924,2028,84.6371
924,2029,84.7573
924,2030,84.8778
924,2031,85.0144
924,2032,85.1332
924,2033,85.2523
924,2034,85.3697
924,2035,85.4859
924,2036,85.6099
924,2037,85.7342
924,2038,85.8483
924,2039,85.9716
924,2040,86.0946
924,2041,86.2167
924,2042,86.3386
924,2043,86.4485
924,2044,86.581
924,2045,86.692
924,2046,86.813
924,2047,86.9298
924,2048,87.0594
924,2049,87.1687
924,2050,87.2942
924,2051,87.422
924,2052,87.5302
924,2053,87.6545
924,2054,87.7687
924,2055,87.8841
924,2056,88.009
924,2057,88.1313
924,2058,88.2429
924,2059,88.3549
924,2060,88.4905
924,2061,88.5932
924,2062,88.7129
924,2063,88.8312
924,2064,88.9491
924,2065,89.0612
924,2066,89.1811
924,2067,89.2941
924,2068,89.4229
924,2069,89.5348
924,2070,89.6498
924,2071,89.7757
924,2072,89.8874
924,2073,89.9993
924,2074,90.1189
924,2075,90.2379
924,2076,90.361
924,2077,90.4718
924,2078,90.594
924,2079,90.7141
924,2080,90.8201
924,2081,90.9393
924,2082,91.0572
924,2083,91.1746
924,2084,91.2921
924,2085,91.408
924,2086,91.5216
924,2087,91.6357
924,2088,91.75
924,2089,91.8606
924,2090,91.9837
924,2091,92.0935
924,2092,92.2134
924,2093,92.3239
924,2094,92.4434
924,2095,92.548
924,2096,92.6678
924,2097,92.7812
924,2098,92.8993
924,2099,93.0142
924,2100,93.1281
925,1950,63.9478
925,1951,63.6717
925,1952,65.1891
925,1953,65.8359
925,1954,67.0638
925,1955,67.2255
925,1956,67.2528
925,1957,67.5717
925,1958,69.0685
925,1959,69.3156
925,1960,69.7632
925,1961,70.2158
925,1962,70.2596
925,1963,70.5647
925,1964,71.3964
925,1965,71.726
925,1966,72.2598
925,1967,72.4175
925,1968,72.5669
925,1969,72.5841
925,1970,73.3315
925,1971,73.5192
925,1972,74.1947
925,1973,74.1574
925,1974,74.7652
925,1975,74.9299
925,1976,75.2636
925,1977,75.7423
925,1978,76.0675
925,1979,76.4461
925,1980,76.5595
925,1981,76.8032
925,1982,77.1647
925,1983,76.9951
925,1984,77.5822
925,1985,77.6968
925,1986,77.9792
925,1987,78.3045
925,1988,78.551
925,1989,78.8789
925,1990,79.0269
925,1991,79.1594
925,1992,79.0973
925,1993,79.2949
925,1994,80.029
925,1995,80.1833
925,1996,80.4123
925,1997,80.6474
925,1998,80.6988
925,1999,80.8641
925,2000,81.2531
925,2001,81.6297
925,2002,81.6983
925,2003,81.6815
925,2004,82.3708
925,2005,82.3306
925,2006,82.8301
925,2007,82.833
925,2008,83.0481
925,2009,83.2082
925,2010,83.5085
925,2011,83.6407
925,2012,83.6288
925,2013,84.029
925,2014,84.156
925,2015,83.8728
925,2016,84.3138
925,2017,84.1367
925,2018,84.4308
925,2019,84.7004
925,2020,83.7376
925,2021,83.8841
925,2022,84.5998
925,2023,84.9788
925,2024,85.4178
925,2025,85.5545
925,2026,85.6897
925,2027,85.8262
925,2028,85.9583
925,2029,86.0951
925,2030,86.2295
925,2031,86.3557
925,2032,86.4911
925,2033,86.6283
925,2034,86.7647
925,2035,86.8941
925,2036,87.0295
925,2037,87.1531
925,2038,87.2879
925,2039,87.4221
925,2040,87.5487
925,2041,87.6799
925,2042,87.8189
925,2043,87.9499
925,2044,88.0771
925,2045,88.2068
925,2046,88.3338
925,2047,88.4672
925,2048,88.5902
925,2049,88.7136
925,2050,88.8394
925,2051,88.9668
925,2052,89.0753
925,2053,89.1991
925,2054,89.3137
925,2055,89.4331
925,2056,89.5511
925,2057,89.6627
925,2058,89.7836
925,2059,89.9047
925,2060,90.0182
925,2061,90.1355
925,2062,90.2412
925,2063,90.3648
925,2064,90.4751
925,2065,90.5916
925,2066,90.7073
925,2067,90.8177
925,2068,90.9304
925,2069,91.0451
925,2070,91.1646
925,2071,91.2844
925,2072,91.4028
925,2073,91.5219
925,2074,91.6417
925,2075,91.7602
925,2076,91.8781
925,2077,92.0048
925,2078,92.1199
925,2079,92.2461
925,2080,92.3613
925,2081,92.4843
925,2082,92.6025
925,2083,92.7291
925,2084,92.8443
925,2085,92.9604
925,2086,93.086
925,2087,93.202
925,2088,93.3224
925,2089,93.4483
925,2090,93.5697
925,2091,93.6891
925,2092,93.8121
925,2093,93.931
925,2094,94.0416
925,2095,94.1648
925,2096,94.2776
925,2097,94.3936
925,2098,94.5112
925,2099,94.6218
925,2100,94.7363
926,1950,69.5186
926,1951,69.595
926,1952,70.3528
926,1953,70.5037
926,1954,71.0328
926,1955,71.2934
926,1956,71.4896
926,1957,71.7168
926,1958,72.4652
926,1959,72.6346
926,1960,72.7015
926,1961,73.3749
926,1962,73.2654
926,1963,73.3337
926,1964,74.0677
926,1965,73.9722
926,1966,74.2125
926,1967,74.4141
926,1968,74.1957
926,1969,74.1253
926,1970,74.5165
926,1971,74.7208
926,1972,75.0343
926,1973,75.2566
926,1974,75.5756
926,1975,75.5802
926,1976,75.9372
926,1977,76.5663
926,1978,76.6171
926,1979,76.9452
926,1980,77.0964
926,1981,77.2831
926,1982,77.5794
926,1983,77.7153
926,1984,78.1806
926,1985,78.272
926,1986,78.4597
926,1987,78.957
926,1988,79.1627
926,1989,79.2918
926,1990,79.4015
926,1991,79.6261
926,1992,79.9795
926,1993,80.0158
926,1994,80.3496
926,1995,80.4803
926,1996,80.642
926,1997,80.965
926,1998,81.1703
926,1999,81.3065
926,2000,81.5381
926,2001,81.7792
926,2002,81.8185
926,2003,81.8582
926,2004,82.499
926,2005,82.5612
926,2006,82.8603
926,2007,83.0584
926,2008,83.053
926,2009,83.1644
926,2010,83.3443
926,2011,83.6042
926,2012,83.6064
926,2013,83.6701
926,2014,84.0879
926,2015,83.7919
926,2016,84.0536
926,2017,84.0671
926,2018,84.2578
926,2019,84.5232
926,2020,84.1323
926,2021,84.133
926,2022,84.4781
926,2023,84.9965
926,2024,85.1234
926,2025,85.2417
926,2026,85.3648
926,2027,85.4841
926,2028,85.6146
926,2029,85.7272
926,2030,85.8475
926,2031,85.9731
926,2032,86.0842
926,2033,86.2131
926,2034,86.3269
926,2035,86.4503
926,2036,86.5631
926,2037,86.6937
926,2038,86.8053
926,2039,86.9355
926,2040,87.045
926,2041,87.1663
926,2042,87.2834
926,2043,87.4012
926,2044,87.5166
926,2045,87.6353
926,2046,87.7479
926,2047,87.8725
926,2048,87.9773
926,2049,88.1009
926,2050,88.2124
926,2051,88.332
926,2052,88.4467
926,2053,88.5685
926,2054,88.6798
926,2055,88.8056
926,2056,88.9248
926,2057,89.0435
926,2058,89.1602
926,2059,89.2849
926,2060,89.3981
926,2061,89.5134
926,2062,89.6349
926,2063,89.7455
926,2064,89.8679
926,2065,89.9912
926,2066,90.0997
926,2067,90.2221
926,2068,90.3399
926,2069,90.4581
926,2070,90.5736
926,2071,90.6971
926,2072,90.8018
926,2073,90.9286
926,2074,91.0385
926,2075,91.1477
926,2076,91.2716
926,2077,91.3792
926,2078,91.4984
926,2079,91.6232
926,2080,91.7332
926,2081,91.8498
926,2082,91.9599
926,2083,92.0767
926,2084,92.1924
926,2085,92.3068
926,2086,92.43
926,2087,92.5425
926,2088,92.6586
926,2089,92.78
926,2090,92.9045
926,2091,93.0159
926,2092,93.1289
926,2093,93.2464
926,2094,93.3722
926,2095,93.4855
926,2096,93.6071
926,2097,93.7168
926,2098,93.8346
926,2099,93.9613
926,2100,94.068
915,1950,53.214
915,1951,53.5841
915,1952,54.1998
915,1953,54.9885
915,1954,55.706
915,1955,56.4552
915,1956,57.052
915,1957,57.5721
915,1958,58.1532
915,1959,58.6122
915,1960,59.184
915,1961,59.6498
915,1962,60.1166
915,1963,59.7951
915,1964,61.0449
915,1965,61.4626
915,1966,61.8416
915,1967,62.2689
915,1968,62.5606
915,1969,62.965
915,1970,63.375
915,1971,63.7973
915,1972,64.1342
915,1973,64.5391
915,1974,64.8464
915,1975,65.1181
915,1976,65.3514
915,1977,65.5407
915,1978,65.7283
915,1979,65.7818
915,1980,66.0905
915,1981,66.3262
915,1982,66.6399
915,1983,66.8596
915,1984,67.0803
915,1985,67.3777
915,1986,67.7816
915,1987,68.1168
915,1988,68.4327
915,1989,68.7129
915,1990,68.8852
915,1991,69.239
915,1992,69.4326
915,1993,69.7389
915,1994,69.8851
915,1995,70.3164
915,1996,70.6597
915,1997,70.88
915,1998,71.2244
915,1999,71.6431
915,2000,71.9645
915,2001,72.1674
915,2002,72.4925
915,2003,72.7326
915,2004,72.4236
915,2005,73.3719
915,2006,73.5902
915,2007,73.8299
915,2008,74.0803
915,2009,74.4336
915,2010,67.6502
915,2011,74.682
915,2012,74.9621
915,2013,75.1312
915,2014,75.2855
915,2015,75.422
915,2016,75.4995
915,2017,75.5426
915,2018,75.6717
915,2019,75.7909
915,2020,75.7735
915,2021,73.8609
915,2022,75.858
915,2023,76.5444
915,2024,76.8682
915,2025,77.0117
915,2026,77.1988
915,2027,77.3813
915,2028,77.5619
915,2029,77.7366
915,2030,77.9076
915,2031,78.0729
915,2032,78.2393
915,2033,78.3988
915,2034,78.5573
915,2035,78.706
915,2036,78.8553
915,2037,79.004
915,2038,79.1411
915,2039,79.2848
915,2040,79.4273
915,2041,79.5597
915,2042,79.6913
915,2043,79.8201
915,2044,79.9496
915,2045,80.0769
915,2046,80.1946
915,2047,80.3099
915,2048,80.4281
915,2049,80.5423
915,2050,80.655
915,2051,80.7643
915,2052,80.8652
915,2053,80.9713
915,2054,81.0774
915,2055,81.1807
915,2056,81.2792
915,2057,81.3872
915,2058,81.4842
915,2059,81.5852
915,2060,81.6896
915,2061,81.7918
915,2062,81.8943
915,2063,81.9915
915,2064,82.0908
915,2065,82.1926
915,2066,82.297
915,2067,82.4048
915,2068,82.5081
915,2069,82.6081
915,2070,82.7067
915,2071,82.8124
915,2072,82.9179
915,2073,83.0178
915,2074,83.1257
915,2075,83.2284
915,2076,83.3284
915,2077,83.4221
915,2078,83.5241
915,2079,83.6246
915,2080,83.7245
915,2081,83.8259
915,2082,83.9317
915,2083,84.026
915,2084,84.1288
915,2085,84.2311
915,2086,84.3263
915,2087,84.4227
915,2088,84.5243
915,2089,84.6264
915,2090,84.7292
915,2091,84.8314
915,2092,84.9221
915,2093,85.0235
915,2094,85.1191
915,2095,85.2202
915,2096,85.3179
915,2097,85.4115
915,2098,85.5103
915,2099,85.6023
915,2100,85.7048
916,1950,45.2659
916,1951,46.0489
916,1952,47.2915
916,1953,48.4411
916,1954,49.5444
916,1955,50.565
916,1956,51.5393
916,1957,52.4828
916,1958,53.3956
916,1959,54.2553
916,1960,55.0934
916,1961,55.8758
916,1962,56.6426
916,1963,57.332
916,1964,57.9699
916,1965,58.525
916,1966,59.004
916,1967,59.4663
916,1968,59.9488
916,1969,60.4439
916,1970,61.0107
916,1971,61.6539
916,1972,61.9623
916,1973,62.9149
916,1974,63.3869
916,1975,64.2808
916,1976,64.128
916,1977,65.4065
916,1978,65.8962
916,1979,66.395
916,1980,66.8095
916,1981,67.5797
916,1982,67.7291
916,1983,68.7895
916,1984,69.3635
916,1985,69.8949
916,1986,70.3927
916,1987,70.911
916,1988,71.3801
916,1989,71.8141
916,1990,72.2397
916,1991,72.6303
916,1992,72.9794
916,1993,73.3159
916,1994,73.6573
916,1995,73.9918
916,1996,74.3383
916,1997,74.6856
916,1998,74.4748
916,1999,75.2892
916,2000,75.5438
916,2001,75.7212
916,2002,75.932
916,2003,76.0497
916,2004,76.1864
916,2005,76.2205
916,2006,76.3589
916,2007,76.4167
916,2008,76.5004
916,2009,76.6231
916,2010,76.7724
916,2011,76.9954
916,2012,77.2028
916,2013,77.3705
916,2014,77.4414
916,2015,77.4296
916,2016,77.3379
916,2017,77.2275
916,2018,77.24
916,2019,77.4539
916,2020,74.7284
916,2021,74.88
916,2022,77.3654
916,2023,77.954
916,2024,78.4121
916,2025,78.5954
916,2026,78.7762
916,2027,78.9522
916,2028,79.1247
916,2029,79.2981
916,2030,79.4662
916,2031,79.6289
916,2032,79.7993
916,2033,79.9618
916,2034,80.1231
916,2035,80.2834
916,2036,80.4374
916,2037,80.5923
916,2038,80.7398
916,2039,80.8907
916,2040,81.039
916,2041,81.1949
916,2042,81.3387
916,2043,81.4816
916,2044,81.6286
916,2045,81.7698
916,2046,81.9148
916,2047,82.048
916,2048,82.1916
916,2049,82.3207
916,2050,82.4639
916,2051,82.6043
916,2052,82.7379
916,2053,82.8693
916,2054,83.0027
916,2055,83.1302
916,2056,83.2556
916,2057,83.3892
916,2058,83.5096
916,2059,83.6431
916,2060,83.771
916,2061,83.8895
916,2062,84.011
916,2063,84.1327
916,2064,84.261
916,2065,84.3814
916,2066,84.503
916,2067,84.6225
916,2068,84.7429
916,2069,84.862
916,2070,84.9831
916,2071,85.1077
916,2072,85.2296
916,2073,85.3483
916,2074,85.4646
916,2075,85.5847
916,2076,85.6988
916,2077,85.819
916,2078,85.9377
916,2079,86.0579
916,2080,86.1723
916,2081,86.2874
916,2082,86.4049
916,2083,86.5206
916,2084,86.6372
916,2085,86.7537
916,2086,86.8702
916,2087,86.9832
916,2088,87.0969
916,2089,87.2088
916,2090,87.3275
916,2091,87.4445
916,2092,87.5552
916,2093,87.6704
916,2094,87.7908
916,2095,87.9057
916,2096,88.0172
916,2097,88.131
916,2098,88.2441
916,2099,88.3588
916,2100,88.4688
931,1950,52.5386
931,1951,52.8835
931,1952,53.4086
931,1953,53.7966
931,1954,54.3395
931,1955,54.7408
931,1956,55.3189
931,1957,55.6738
931,1958,56.3283
931,1959,56.7831
931,1960,57.3237
931,1961,57.8485
931,1962,58.2464
931,1963,58.699
931,1964,59.1392
931,1965,59.5775
931,1966,59.9715
931,1967,60.3713
931,1968,60.7717
931,1969,61.095
931,1970,60.7402
931,1971,61.9385
931,1972,62.3919
931,1973,62.9063
931,1974,63.3246
931,1975,63.885
931,1976,64.2485
931,1977,64.8364
931,1978,65.282
931,1979,65.694
931,1980,66.1318
931,1981,66.6827
931,1982,67.1066
931,1983,67.504
931,1984,67.9115
931,1985,68.0928
931,1986,68.8125
931,1987,69.2938
931,1988,69.7317
931,1989,70.1854
931,1990,70.6177
931,1991,71.0147
931,1992,71.3842
931,1993,71.7466
931,1994,72.1231
931,1995,72.4813
931,1996,72.8732
931,1997,73.2693
931,1998,73.6216
931,1999,73.9424
931,2000,74.4923
931,2001,74.8422
931,2002,75.2184
931,2003,75.2756
931,2004,75.7542
931,2005,76.1638
931,2006,76.3934
931,2007,76.5379
931,2008,76.8001
931,2009,76.9812
931,2010,77.1655
931,2011,77.3446
931,2012,77.6187
931,2013,77.8247
931,2014,78.0308
931,2015,78.1983
931,2016,78.2935
931,2017,78.4329
931,2018,78.6283
931,2019,78.8302
931,2020,77.5334
931,2021,76.277
931,2022,76.9795
931,2023,79.5716
931,2024,79.7421
931,2025,79.9174
931,2026,80.0874
931,2027,80.2541
931,2028,80.4229
931,2029,80.5895
931,2030,80.753
931,2031,80.9168
931,2032,81.0764
931,2033,81.2333
931,2034,81.39
931,2035,81.5441
931,2036,81.7
931,2037,81.8508
931,2038,82.0004
931,2039,82.1482
931,2040,82.2924
931,2041,82.4355
931,2042,82.5812
931,2043,82.7224
931,2044,82.8648
931,2045,82.9989
931,2046,83.139
931,2047,83.2755
931,2048,83.4127
931,2049,83.548
931,2050,83.6785
931,2051,83.807
931,2052,83.9397
931,2053,84.0676
931,2054,84.1997
931,2055,84.3285
931,2056,84.4551
931,2057,84.5771
931,2058,84.7085
931,2059,84.8333
931,2060,84.9575
931,2061,85.0821
931,2062,85.2098
931,2063,85.3324
931,2064,85.4537
931,2065,85.5791
931,2066,85.6989
931,2067,85.8204
931,2068,85.9417
931,2069,86.0594
931,2070,86.1828
931,2071,86.3024
931,2072,86.4203
931,2073,86.5376
931,2074,86.6571
931,2075,86.7791
931,2076,86.8958
931,2077,87.0117
931,2078,87.1323
931,2079,87.2429
931,2080,87.3585
931,2081,87.4775
931,2082,87.5979
931,2083,87.712
931,2084,87.8245
931,2085,87.9401
931,2086,88.0516
931,2087,88.1678
931,2088,88.2821
931,2089,88.3931
931,2090,88.5083
931,2091,88.6193
931,2092,88.7345
931,2093,88.8442
931,2094,88.9608
931,2095,89.071
931,2096,89.1832
931,2097,89.2982
931,2098,89.4121
931,2099,89.5299
931,2100,89.6409
927,1950,71.6246
927,1951,71.5647
927,1952,71.9295
927,1953,72.5775
927,1954,72.7952
927,1955,73.1979
927,1956,73.0934
927,1957,73.375
927,1958,73.9164
927,1959,73.6668
927,1960,74.0226
927,1961,74.3488
927,1962,74.2613
927,1963,74.2877
927,1964,74.0358
927,1965,74.253
927,1966,74.114
927,1967,74.5795
927,1968,74.2388
927,1969,74.7042
927,1970,74.2354
927,1971,74.9169
927,1972,75.2093
927,1973,75.6053
927,1974,75.4393
927,1975,76.2595
927,1976,76.2759
927,1977,76.7908
927,1978,77.1721
927,1979,77.7164
927,1980,77.7809
927,1981,78.1609
927,1982,78.0428
927,1983,78.4856
927,1984,78.6386
927,1985,78.3494
927,1986,78.9698
927,1987,78.9526
927,1988,79.24
927,1989,79.1328
927,1990,79.8432
927,1991,80.2097
927,1992,80.2824
927,1993,80.6754
927,1994,80.621
927,1995,80.8446
927,1996,80.9241
927,1997,81.1581
927,1998,81.6797
927,1999,81.7616
927,2000,82.0969
927,2001,82.3317
927,2002,82.2918
927,2003,82.6522
927,2004,82.8688
927,2005,83.2585
927,2006,83.3282
927,2007,83.3213
927,2008,83.4755
927,2009,83.7714
927,2010,84.0205
927,2011,84.0116
927,2012,84.1306
927,2013,84.4687
927,2014,84.3787
927,2015,84.5106
927,2016,84.7211
927,2017,84.8151
927,2018,85.1892
927,2019,84.9743
927,2020,85.5217
927,2021,85.5776
927,2022,85.3206
927,2023,85.432
927,2024,85.5651
927,2025,85.6748
927,2026,85.7839
927,2027,85.9144
927,2028,86.0223
927,2029,86.1513
927,2030,86.2579
927,2031,86.3851
927,2032,86.5029
927,2033,86.6172
927,2034,86.7434
927,2035,86.856
927,2036,86.9781
927,2037,87.0914
927,2038,87.214
927,2039,87.3334
927,2040,87.4419
927,2041,87.554
927,2042,87.671
927,2043,87.7871
927,2044,87.9067
927,2045,88.0214
927,2046,88.1352
927,2047,88.2503
927,2048,88.3647
927,2049,88.4803
927,2050,88.6003
927,2051,88.7216
927,2052,88.851
927,2053,88.9594
927,2054,89.0888
927,2055,89.1953
927,2056,89.303
927,2057,89.4272
927,2058,89.5348
927,2059,89.6567
927,2060,89.7773
927,2061,89.8985
927,2062,89.9982
927,2063,90.1171
927,2064,90.2347
927,2065,90.3653
927,2066,90.4623
927,2067,90.5918
927,2068,90.7039
927,2069,90.8149
927,2070,90.923
927,2071,91.0481
927,2072,91.1533
927,2073,91.2739
927,2074,91.3769
927,2075,91.5127
927,2076,91.6121
927,2077,91.7438
927,2078,91.8464
927,2079,91.9606
927,2080,92.0738
927,2081,92.1992
927,2082,92.3099
927,2083,92.4191
927,2084,92.5398
927,2085,92.6588
927,2086,92.7762
927,2087,92.8924
927,2088,93.0102
927,2089,93.1236
927,2090,93.2385
927,2091,93.3611
927,2092,93.482
927,2093,93.5924
927,2094,93.7097
927,2095,93.828
927,2096,93.9418
927,2097,94.0568
927,2098,94.178
927,2099,94.3003
927,2100,94.418
928,1950,42.3891
928,1951,40.0809
928,1952,43.7407
928,1953,44.4867
928,1954,45.3446
928,1955,46.0306
928,1956,46.5554
928,1957,47.5739
928,1958,48.2984
928,1959,48.9392
928,1960,49.617
928,1961,50.415
928,1962,50.8674
928,1963,51.788
928,1964,52.5565
928,1965,53.221
928,1966,53.9188
928,1967,54.621
928,1968,55.3105
928,1969,55.8011
928,1970,56.474
928,1971,57.0389
928,1972,57.6119
928,1973,57.9994
928,1974,58.6258
928,1975,59.0735
928,1976,59.717
928,1977,60.2174
928,1978,60.7989
928,1979,61.3401
928,1980,61.5757
928,1981,61.9838
928,1982,62.251
928,1983,62.6675
928,1984,63.0547
928,1985,63.461
928,1986,63.6157
928,1987,63.8804
928,1988,64.0145
928,1989,64.1806
928,1990,64.3331
928,1991,64.3803
928,1992,64.5924
928,1993,64.7335
928,1994,64.9176
928,1995,65.1038
928,1996,65.1194
928,1997,65.2404
928,1998,64.6229
928,1999,65.4579
928,2000,65.371
928,2001,65.4066
928,2002,65.2779
928,2003,65.4154
928,2004,65.5138
928,2005,65.4711
928,2006,65.4334
928,2007,65.3988
928,2008,66.1779
928,2009,66.4455
928,2010,66.6265
928,2011,67.354
928,2012,67.6087
928,2013,67.8685
928,2014,68.0797
928,2015,68.6241
928,2016,68.775
928,2017,68.9791
928,2018,69.034
928,2019,69.5057
928,2020,69.6187
928,2021,69.186
928,2022,70.0085
928,2023,70.1827
928,2024,70.3534
928,2025,70.5207
928,2026,70.6783
928,2027,70.8468
928,2028,71.0042
928,2029,71.1667
928,2030,71.3234
928,2031,71.4734
928,2032,71.6287
928,2033,71.7807
928,2034,71.9337
928,2035,72.0769
928,2036,72.2127
928,2037,72.3576
928,2038,72.4978
928,2039,72.643
928,2040,72.7842
928,2041,72.9122
928,2042,73.0541
928,2043,73.1942
928,2044,73.3325
928,2045,73.4701
928,2046,73.5923
928,2047,73.7258
928,2048,73.8607
928,2049,73.991
928,2050,74.1248
928,2051,74.2614
928,2052,74.3897
928,2053,74.5222
928,2054,74.6498
928,2055,74.7783
928,2056,74.9025
928,2057,75.0418
928,2058,75.1718
928,2059,75.3001
928,2060,75.4236
928,2061,75.5494
928,2062,75.6724
928,2063,75.8017
928,2064,75.9215
928,2065,76.0521
928,2066,76.1814
928,2067,76.3008
928,2068,76.4313
928,2069,76.5542
928,2070,76.6773
928,2071,76.7951
928,2072,76.914
928,2073,77.0436
928,2074,77.1688
928,2075,77.3005
928,2076,77.4232
928,2077,77.5408
928,2078,77.6626
928,2079,77.7923
928,2080,77.9123
928,2081,78.0321
928,2082,78.1607
928,2083,78.2923
928,2084,78.4144
928,2085,78.5375
928,2086,78.6584
928,2087,78.775
928,2088,78.894
928,2089,79.0235
928,2090,79.1482
928,2091,79.2717
928,2092,79.3967
928,2093,79.5187
928,2094,79.6468
928,2095,79.7712
928,2096,79.8879
928,2097,80.0148
928,2098,80.1372
928,2099,80.255
928,2100,80.378
954,1950,53.7945
954,1951,54.0412
954,1952,54.3886
954,1953,54.7925
954,1954,55.2356
954,1955,55.6632
954,1956,56.0894
954,1957,56.5193
954,1958,56.9092
954,1959,57.368
954,1960,57.9272
954,1961,58.4713
954,1962,58.9628
954,1963,59.5463
954,1964,60.0279
954,1965,60.5406
954,1966,60.9322
954,1967,61.7129
954,1968,62.3079
954,1969,62.8039
954,1970,63.3538
954,1971,63.8235
954,1972,64.2334
954,1973,64.7417
954,1974,65.1533
954,1975,65.5525
954,1976,65.9528
954,1977,66.2621
954,1978,66.8771
954,1979,67.2305
954,1980,67.4963
954,1981,67.7032
954,1982,67.979
954,1983,68.2636
954,1984,68.5512
954,1985,68.7754
954,1986,69.0345
954,1987,69.229
954,1988,69.5876
954,1989,69.829
954,1990,69.9875
954,1991,70.2706
954,1992,70.5441
954,1993,70.7272
954,1994,70.9147
954,1995,71.1832
954,1996,71.202
954,1997,71.5201
954,1998,71.8179
954,1999,72.1536
954,2000,72.4216
954,2001,73.1119
954,2002,73.0279
954,2003,73.5331
954,2004,73.5286
954,2005,73.6036
954,2006,73.5854
954,2007,73.5123
954,2008,73.5601
954,2009,73.5501
954,2010,73.6714
954,2011,73.8813
954,2012,73.9247
954,2013,73.9887
954,2014,74.163
954,2015,74.2243
954,2016,74.5105
954,2017,74.7594
954,2018,74.993
954,2019,75.2387
954,2020,75.4249
954,2021,75.2006
954,2022,75.7417
954,2023,75.9673
954,2024,76.2197
954,2025,76.3921
954,2026,76.5588
954,2027,76.7211
954,2028,76.8788
954,2029,77.0348
954,2030,77.1818
954,2031,77.3264
954,2032,77.4645
954,2033,77.6027
954,2034,77.7328
954,2035,77.8634
954,2036,77.9824
954,2037,78.1067
954,2038,78.2264
954,2039,78.3407
954,2040,78.4523
954,2041,78.5566
954,2042,78.667
954,2043,78.7745
954,2044,78.8787
954,2045,78.9884
954,2046,79.095
954,2047,79.1928
954,2048,79.3021
954,2049,79.4081
954,2050,79.5156
954,2051,79.6213
954,2052,79.7205
954,2053,79.8243
954,2054,79.9327
954,2055,80.0342
954,2056,80.1407
954,2057,80.2404
954,2058,80.3489
954,2059,80.4567
954,2060,80.563
954,2061,80.6778
954,2062,80.7905
954,2063,80.9053
954,2064,81.0274
954,2065,81.1467
954,2066,81.2672
954,2067,81.3904
954,2068,81.5209
954,2069,81.6451
954,2070,81.7709
954,2071,81.904
954,2072,82.0322
954,2073,82.1662
954,2074,82.2961
954,2075,82.4241
954,2076,82.5537
954,2077,82.6838
954,2078,82.8107
954,2079,82.9331
954,2080,83.0529
954,2081,83.1685
954,2082,83.2822
954,2083,83.4025
954,2084,83.5181
954,2085,83.6295
954,2086,83.7387
954,2087,83.8456
954,2088,83.9562
954,2089,84.0638
954,2090,84.1683
954,2091,84.2742
954,2092,84.3793
954,2093,84.4853
954,2094,84.5918
954,2095,84.6964
954,2096,84.8057
954,2097,84.9102
954,2098,85.0151
954,2099,85.1187
954,2100,85.2202
957,1950,50.3237
957,1951,51.0291
957,1952,51.906
957,1953,52.7998
957,1954,53.6297
957,1955,54.4484
957,1956,55.2606
957,1957,56.0627
957,1958,56.7908
957,1959,57.5002
957,1960,58.215
957,1961,58.8804
957,1962,59.5264
957,1963,60.1094
957,1964,59.1021
957,1965,61.293
957,1966,61.2443
957,1967,62.4222
957,1968,62.9857
957,1969,63.5828
957,1970,64.14
957,1971,64.6795
957,1972,65.1323
957,1973,65.611
957,1974,66.0686
957,1975,66.4832
957,1976,66.9134
957,1977,67.3494
957,1978,67.8093
957,1979,68.2816
957,1980,68.8006
957,1981,69.302
957,1982,69.7446
957,1983,70.2775
957,1984,70.7639
957,1985,71.2515
957,1986,71.6728
957,1987,71.9604
957,1988,72.3844
957,1989,72.5691
957,1990,72.7289
957,1991,72.8813
957,1992,73.1467
957,1993,73.4563
957,1994,73.7578
957,1995,74.1846
957,1996,74.6743
957,1997,74.9981
957,1998,75.4784
957,1999,75.8433
957,2000,76.1299
957,2001,76.3253
957,2002,76.5994
957,2003,76.74
957,2004,76.9636
957,2005,77.0475
957,2006,77.2275
957,2007,77.4201
957,2008,77.5844
957,2009,76.7137
957,2010,77.9162
957,2011,78.0643
957,2012,78.1906
957,2013,78.3798
957,2014,78.5342
957,2015,78.6923
957,2016,78.8373
957,2017,78.9478
957,2018,79.119
957,2019,79.0954
957,2020,79.4492
957,2021,78.4186
957,2022,79.7025
957,2023,79.9097
957,2024,80.1109
957,2025,80.3088
957,2026,80.5018
957,2027,80.6891
957,2028,80.8741
957,2029,81.0507
957,2030,81.2236
957,2031,81.3942
957,2032,81.5624
957,2033,81.7227
957,2034,81.8822
957,2035,82.0363
957,2036,82.1891
957,2037,82.3368
957,2038,82.4848
957,2039,82.6286
957,2040,82.7688
957,2041,82.9117
957,2042,83.0508
957,2043,83.1885
957,2044,83.3218
957,2045,83.4586
957,2046,83.5897
957,2047,83.7189
957,2048,83.8495
957,2049,83.9757
957,2050,84.1008
957,2051,84.2223
957,2052,84.3463
957,2053,84.4672
957,2054,84.5853
957,2055,84.7022
957,2056,84.8254
957,2057,84.9397
957,2058,85.0496
957,2059,85.1642
957,2060,85.2718
957,2061,85.3875
957,2062,85.497
957,2063,85.6129
957,2064,85.7213
957,2065,85.8316
957,2066,85.9359
957,2067,86.046
957,2068,86.1534
957,2069,86.2584
957,2070,86.3672
957,2071,86.4661
957,2072,86.5687
957,2073,86.6635
957,2074,86.7608
957,2075,86.8561
957,2076,86.9464
957,2077,87.0389
957,2078,87.1297
957,2079,87.2195
957,2080,87.3075
957,2081,87.3992
957,2082,87.4855
957,2083,87.5732
957,2084,87.6574
957,2085,87.7423
957,2086,87.8286
957,2087,87.9149
957,2088,88.0027
957,2089,88.0816
957,2090,88.17
957,2091,88.2534
957,2092,88.3395
957,2093,88.4221
957,2094,88.4984
957,2095,88.5821
957,2096,88.6695
957,2097,88.7493
957,2098,88.8297
957,2099,88.9083
957,2100,88.9876
