sdg_region,time,natchange
1834,1950.0,3552.721
1834,1951.0,3727.54
1834,1952.0,3891.26
1834,1953.0,4063.202
1834,1954.0,4229.236
1834,1955.0,4399.727
1834,1956.0,4577.259
1834,1957.0,4627.204
1834,1958.0,4805.126
1834,1959.0,5120.568
1834,1960.0,5288.251
1834,1961.0,5476.928
1834,1962.0,5711.959
1834,1963.0,5902.365
1834,1964.0,6118.501
1834,1965.0,6319.347
1834,1966.0,6503.492
1834,1967.0,6743.669
1834,1968.0,7031.322
1834,1969.0,7273.34
1834,1970.0,7569.823
1834,1971.0,7876.396
1834,1972.0,8080.166
1834,1973.0,8447.085
1834,1974.0,8740.595
1834,1975.0,9080.836
1834,1976.0,9510.585
1834,1977.0,9869.307
1834,1978.0,10213.258
1834,1979.0,10617.855
1834,1980.0,10969.26
1834,1981.0,11300.97
1834,1982.0,11674.953
1834,1983.0,11757.587
1834,1984.0,12034.841
1834,1985.0,12401.43
1834,1986.0,12723.258
1834,1987.0,13217.873
1834,1988.0,13352.377
1834,1989.0,13860.029
1834,1990.0,14057.609
1834,1991.0,14224.157
1834,1992.0,14450.827
1834,1993.0,14919.909
1834,1994.0,14379.476
1834,1995.0,15759.045
1834,1996.0,16076.144
1834,1997.0,16413.619
1834,1998.0,16617.182
1834,1999.0,17348.581
1834,2000.0,17993.074
1834,2001.0,18515.406
1834,2002.0,19038.434
1834,2003.0,19662.806
1834,2004.0,20373.884
1834,2005.0,21107.83
1834,2006.0,21790.408
1834,2007.0,22457.559
1834,2008.0,23239.434
1834,2009.0,23587.813
1834,2010.0,24457.103
1834,2011.0,24864.363
1834,2012.0,25563.991
1834,2013.0,26024.28
1834,2014.0,26382.557
1834,2015.0,26710.638
1834,2016.0,27027.52
1834,2017.0,27370.709
1834,2018.0,27921.122
1834,2019.0,28249.286
1834,2020.0,28492.005
1834,2021.0,28630.042
1834,2022.0,29426.559
1834,2023.0,30297.561
1833,1950.0,2296.385
1833,1951.0,2429.474
1833,1952.0,2569.797
1833,1953.0,2689.651
1833,1954.0,2779.055
1833,1955.0,2869.208
1833,1956.0,2989.151
1833,1957.0,3041.445
1833,1958.0,3150.544
1833,1959.0,3299.575
1833,1960.0,3414.894
1833,1961.0,3584.575
1833,1962.0,3733.406
1833,1963.0,3865.171
1833,1964.0,3959.085
1833,1965.0,4038.827
1833,1966.0,4139.242
1833,1967.0,4230.227
1833,1968.0,4338.934
1833,1969.0,4460.508
1833,1970.0,4596.684
1833,1971.0,4743.319
1833,1972.0,4868.443
1833,1973.0,4967.4
1833,1974.0,5098.729
1833,1975.0,5242.576
1833,1976.0,5370.325
1833,1977.0,5584.678
1833,1978.0,5781.397
1833,1979.0,6006.544
1833,1980.0,6201.874
1833,1981.0,6381.545
1833,1982.0,6523.85
1833,1983.0,6698.159
1833,1984.0,6822.549
1833,1985.0,6961.063
1833,1986.0,7087.255
1833,1987.0,7155.337
1833,1988.0,7181.327
1833,1989.0,7233.512
1833,1990.0,7215.972
1833,1991.0,7257.404
1833,1992.0,7296.697
1833,1993.0,7300.166
1833,1994.0,7315.818
1833,1995.0,7280.945
1833,1996.0,7246.509
1833,1997.0,7292.526
1833,1998.0,7348.285
1833,1999.0,7365.813
1833,2000.0,7394.579
1833,2001.0,7421.024
1833,2002.0,7431.288
1833,2003.0,7500.083
1833,2004.0,7619.344
1833,2005.0,7783.315
1833,2006.0,8011.171
1833,2007.0,8243.105
1833,2008.0,8444.343
1833,2009.0,8663.657
1833,2010.0,8854.219
1833,2011.0,8982.889
1833,2012.0,9241.644
1833,2013.0,9390.874
1833,2014.0,9561.179
1833,2015.0,9577.527
1833,2016.0,9475.132
1833,2017.0,9481.938
1833,2018.0,9241.04
1833,2019.0,9078.1
1833,2020.0,8559.521
1833,2021.0,8232.314
1833,2022.0,8650.818
1833,2023.0,8797.934
1831,1950.0,9997.602
1831,1951.0,10435.663
1831,1952.0,10960.565
1831,1953.0,11434.289
1831,1954.0,12074.252
1831,1955.0,12545.022
1831,1956.0,12980.817
1831,1957.0,13407.435
1831,1958.0,13800.053
1831,1959.0,14256.701
1831,1960.0,14750.138
1831,1961.0,15175.78
1831,1962.0,15624.312
1831,1963.0,16027.943
1831,1964.0,16465.836
1831,1965.0,16192.718
1831,1966.0,16581.744
1831,1967.0,16961.898
1831,1968.0,17838.528
1831,1969.0,18182.297
1831,1970.0,18308.139
1831,1971.0,17434.661
1831,1972.0,19639.266
1831,1973.0,20173.242
1831,1974.0,20732.389
1831,1975.0,21140.593
1831,1976.0,21869.235
1831,1977.0,22264.928
1831,1978.0,22829.453
1831,1979.0,23672.719
1831,1980.0,24581.285
1831,1981.0,25250.921
1831,1982.0,25887.234
1831,1983.0,26524.078
1831,1984.0,27200.815
1831,1985.0,27628.828
1831,1986.0,28336.734
1831,1987.0,28464.087
1831,1988.0,28737.043
1831,1989.0,28990.739
1831,1990.0,29046.88
1831,1991.0,29043.661
1831,1992.0,29171.365
1831,1993.0,29117.518
1831,1994.0,29192.011
1831,1995.0,29187.864
1831,1996.0,29159.641
1831,1997.0,29270.727
1831,1998.0,29432.232
1831,1999.0,29708.566
1831,2000.0,30173.994
1831,2001.0,30430.602
1831,2002.0,30306.42
1831,2003.0,30051.34
1831,2004.0,29811.501
1831,2005.0,29389.045
1831,2006.0,29288.717
1831,2007.0,29192.013
1831,2008.0,29294.408
1831,2009.0,29445.068
1831,2010.0,29255.673
1831,2011.0,29103.009
1831,2012.0,28962.085
1831,2013.0,28635.861
1831,2014.0,27768.547
1831,2015.0,27841.793
1831,2016.0,27803.785
1831,2017.0,26964.934
1831,2018.0,27036.243
1831,2019.0,26419.592
1831,2020.0,24461.089
1831,2021.0,21363.829
1831,2022.0,25794.662
1831,2023.0,25588.992
1832,1950.0,14736.577
1832,1951.0,14951.142
1832,1952.0,19175.644
1832,1953.0,18218.112
1832,1954.0,20203.6
1832,1955.0,20773.798
1832,1956.0,19833.103
1832,1957.0,22859.424
1832,1958.0,20691.266
1832,1959.0,12691.165
1832,1960.0,8297.867
1832,1961.0,10647.228
1832,1962.0,25280.701
1832,1963.0,31586.591
1832,1964.0,28423.152
1832,1965.0,28326.187
1832,1966.0,27735.889
1832,1967.0,27099.785
1832,1968.0,31149.139
1832,1969.0,30733.009
1832,1970.0,31602.419
1832,1971.0,30354.205
1832,1972.0,29657.266
1832,1973.0,29175.898
1832,1974.0,27206.335
1832,1975.0,24636.756
1832,1976.0,23558.573
1832,1977.0,22314.115
1832,1978.0,22511.806
1832,1979.0,24057.687
1832,1980.0,24654.779
1832,1981.0,25609.432
1832,1982.0,27529.614
1832,1983.0,24940.843
1832,1984.0,26119.15
1832,1985.0,27024.873
1832,1986.0,28578.863
1832,1987.0,29923.494
1832,1988.0,28805.258
1832,1989.0,29525.647
1832,1990.0,30194.289
1832,1991.0,25106.108
1832,1992.0,23525.877
1832,1993.0,22680.249
1832,1994.0,21937.955
1832,1995.0,21225.863
1832,1996.0,20476.588
1832,1997.0,19645.506
1832,1998.0,18817.17
1832,1999.0,18122.664
1832,2000.0,18641.716
1832,2001.0,17510.683
1832,2002.0,17045.234
1832,2003.0,16688.723
1832,2004.0,16511.467
1832,2005.0,16568.579
1832,2006.0,16767.013
1832,2007.0,17097.681
1832,2008.0,17126.453
1832,2009.0,17505.501
1832,2010.0,17236.864
1832,2011.0,17041.585
1832,2012.0,18333.038
1832,2013.0,16968.835
1832,2014.0,17109.209
1832,2015.0,15527.418
1832,2016.0,15727.024
1832,2017.0,14839.274
1832,2018.0,11494.225
1832,2019.0,10223.598
1832,2020.0,6522.364
1832,2021.0,3628.299
1832,2022.0,2866.919
1832,2023.0,1618.573
1830,1950.0,4389.323
1830,1951.0,4582.093
1830,1952.0,4775.44
1830,1953.0,4971.028
1830,1954.0,5167.651
1830,1955.0,5353.627
1830,1956.0,5553.684
1830,1957.0,5740.768
1830,1958.0,5935.948
1830,1959.0,6128.678
1830,1960.0,6321.471
1830,1961.0,6504.263
1830,1962.0,6688.646
1830,1963.0,6851.696
1830,1964.0,6978.799
1830,1965.0,7074.97
1830,1966.0,7160.082
1830,1967.0,7230.766
1830,1968.0,7299.332
1830,1969.0,7390.341
1830,1970.0,7449.349
1830,1971.0,7642.937
1830,1972.0,7755.362
1830,1973.0,7878.65
1830,1974.0,7970.852
1830,1975.0,8104.922
1830,1976.0,8214.282
1830,1977.0,8370.75
1830,1978.0,8481.128
1830,1979.0,8564.736
1830,1980.0,8634.44
1830,1981.0,8742.114
1830,1982.0,8822.007
1830,1983.0,8919.771
1830,1984.0,8950.988
1830,1985.0,8961.369
1830,1986.0,9041.65
1830,1987.0,9010.445
1830,1988.0,8989.595
1830,1989.0,8983.496
1830,1990.0,8958.041
1830,1991.0,8943.084
1830,1992.0,8889.435
1830,1993.0,8898.309
1830,1994.0,8879.974
1830,1995.0,8847.985
1830,1996.0,8774.477
1830,1997.0,8735.367
1830,1998.0,8639.089
1830,1999.0,8545.7
1830,2000.0,8407.52
1830,2001.0,8248.226
1830,2002.0,8113.082
1830,2003.0,7942.483
1830,2004.0,7844.923
1830,2005.0,7766.137
1830,2006.0,7623.279
1830,2007.0,7491.909
1830,2008.0,7422.149
1830,2009.0,7346.405
1830,2010.0,7167.798
1830,2011.0,7214.225
1830,2012.0,7100.165
1830,2013.0,7009.632
1830,2014.0,6923.819
1830,2015.0,6759.723
1830,2016.0,6408.713
1830,2017.0,6260.853
1830,2018.0,6147.16
1830,2019.0,5853.038
1830,2020.0,4694.877
1830,2021.0,3938.658
1830,2022.0,4814.072
1830,2023.0,5003.872
1835,1950.0,60.593
1835,1951.0,58.138
1835,1952.0,67.96
1835,1953.0,71.583
1835,1954.0,74.611
1835,1955.0,78.378
1835,1956.0,81.422
1835,1957.0,85.118
1835,1958.0,88.165
1835,1959.0,90.838
1835,1960.0,93.936
1835,1961.0,96.799
1835,1962.0,100.039
1835,1963.0,103.227
1835,1964.0,106.183
1835,1965.0,109.416
1835,1966.0,112.563
1835,1967.0,115.269
1835,1968.0,118.354
1835,1969.0,121.324
1835,1970.0,124.02
1835,1971.0,126.318
1835,1972.0,128.624
1835,1973.0,129.847
1835,1974.0,131.559
1835,1975.0,133.611
1835,1976.0,136.181
1835,1977.0,138.321
1835,1978.0,140.246
1835,1979.0,141.847
1835,1980.0,143.792
1835,1981.0,146.671
1835,1982.0,149.611
1835,1983.0,153.651
1835,1984.0,156.866
1835,1985.0,159.986
1835,1986.0,162.312
1835,1987.0,165.086
1835,1988.0,168.082
1835,1989.0,170.205
1835,1990.0,172.631
1835,1991.0,174.456
1835,1992.0,177.69
1835,1993.0,181.585
1835,1994.0,184.597
1835,1995.0,187.723
1835,1996.0,191.954
1835,1997.0,196.151
1835,1998.0,197.832
1835,1999.0,204.938
1835,2000.0,208.706
1835,2001.0,212.375
1835,2002.0,214.931
1835,2003.0,218.351
1835,2004.0,220.811
1835,2005.0,223.487
1835,2006.0,226.726
1835,2007.0,229.265
1835,2008.0,232.872
1835,2009.0,234.823
1835,2010.0,238.651
1835,2011.0,241.295
1835,2012.0,242.742
1835,2013.0,244.908
1835,2014.0,246.726
1835,2015.0,246.793
1835,2016.0,246.784
1835,2017.0,245.862
1835,2018.0,245.444
1835,2019.0,243.969
1835,2020.0,240.424
1835,2021.0,232.483
1835,2022.0,238.095
1835,2023.0,238.453
1836,1950.0,141.875
1836,1951.0,141.819
1836,1952.0,152.063
1836,1953.0,155.115
1836,1954.0,154.636
1836,1955.0,160.752
1836,1956.0,162.522
1836,1957.0,170.697
1836,1958.0,176.644
1836,1959.0,175.986
1836,1960.0,182.418
1836,1961.0,192.626
1836,1962.0,184.05
1836,1963.0,180.925
1836,1964.0,165.495
1836,1965.0,158.882
1836,1966.0,155.153
1836,1967.0,163.939
1836,1968.0,169.553
1836,1969.0,182.263
1836,1970.0,182.978
1836,1971.0,211.767
1836,1972.0,202.066
1836,1973.0,181.109
1836,1974.0,170.072
1836,1975.0,162.249
1836,1976.0,146.298
1836,1977.0,148.314
1836,1978.0,143.791
1836,1979.0,144.293
1836,1980.0,142.58
1836,1981.0,152.074
1836,1982.0,151.041
1836,1983.0,157.675
1836,1984.0,151.522
1836,1985.0,151.512
1836,1986.0,155.526
1836,1987.0,153.984
1836,1988.0,157.73
1836,1989.0,156.854
1836,1990.0,177.58
1836,1991.0,173.569
1836,1992.0,174.023
1836,1993.0,172.273
1836,1994.0,162.801
1836,1995.0,160.253
1836,1996.0,154.25
1836,1997.0,152.269
1836,1998.0,150.535
1836,1999.0,149.163
1836,2000.0,150.012
1836,2001.0,144.363
1836,2002.0,141.801
1836,2003.0,145.385
1836,2004.0,150.226
1836,2005.0,162.428
1836,2006.0,166.469
1836,2007.0,184.707
1836,2008.0,190.992
1836,2009.0,189.921
1836,2010.0,192.344
1836,2011.0,184.958
1836,2012.0,188.503
1836,2013.0,186.118
1836,2014.0,170.455
1836,2015.0,175.088
1836,2016.0,176.928
1836,2017.0,167.635
1836,2018.0,176.953
1836,2019.0,163.706
1836,2020.0,155.956
1836,2021.0,156.506
1836,2022.0,116.499
1836,2023.0,141.966
1829,1950.0,8161.978
1829,1951.0,8005.123
1829,1952.0,8395.367
1829,1953.0,8448.91
1829,1954.0,8842.396
1829,1955.0,8931.812
1829,1956.0,9101.992
1829,1957.0,9204.877
1829,1958.0,9478.154
1829,1959.0,9511.817
1829,1960.0,9416.651
1829,1961.0,9353.805
1829,1962.0,8654.156
1829,1963.0,8371.756
1829,1964.0,8252.256
1829,1965.0,7403.119
1829,1966.0,7003.262
1829,1967.0,6805.929
1829,1968.0,6251.497
1829,1969.0,6068.946
1829,1970.0,6139.02
1829,1971.0,5965.991
1829,1972.0,5452.619
1829,1973.0,5037.447
1829,1974.0,5180.794
1829,1975.0,4905.551
1829,1976.0,4809.599
1829,1977.0,4929.316
1829,1978.0,4746.419
1829,1979.0,4830.743
1829,1980.0,4769.067
1829,1981.0,4661.313
1829,1982.0,4808.848
1829,1983.0,4609.392
1829,1984.0,4497.918
1829,1985.0,4312.083
1829,1986.0,4571.961
1829,1987.0,4599.253
1829,1988.0,4411.343
1829,1989.0,4150.275
1829,1990.0,3844.073
1829,1991.0,3276
1829,1992.0,2623.486
1829,1993.0,1530.353
1829,1994.0,1159.669
1829,1995.0,793.51
1829,1996.0,830.513
1829,1997.0,847.485
1829,1998.0,801.708
1829,1999.0,429.689
1829,2000.0,548.515
1829,2001.0,466.053
1829,2002.0,347.772
1829,2003.0,414.56
1829,2004.0,876.393
1829,2005.0,775.217
1829,2006.0,1313.722
1829,2007.0,1629.512
1829,2008.0,1821.077
1829,2009.0,1872.527
1829,2010.0,1683.005
1829,2011.0,1665.053
1829,2012.0,1627.926
1829,2013.0,1461.639
1829,2014.0,1560.46
1829,2015.0,1189
1829,2016.0,1231.313
1829,2017.0,698.346
1829,2018.0,277.753
1829,2019.0,10.575
1829,2020.0,-1952.938
1829,2021.0,-2461.407
1829,2022.0,-1710.861
1829,2023.0,-1228.7
5502,1950.0,8303.863
5502,1951.0,8146.936
5502,1952.0,8547.435
5502,1953.0,8604.032
5502,1954.0,8997.042
5502,1955.0,9092.564
5502,1956.0,9264.523
5502,1957.0,9375.572
5502,1958.0,9654.801
5502,1959.0,9687.809
5502,1960.0,9599.084
5502,1961.0,9546.443
5502,1962.0,8838.209
5502,1963.0,8552.697
5502,1964.0,8417.755
5502,1965.0,7561.997
5502,1966.0,7158.415
5502,1967.0,6969.856
5502,1968.0,6421.063
5502,1969.0,6251.213
5502,1970.0,6321.997
5502,1971.0,6177.758
5502,1972.0,5654.681
5502,1973.0,5218.55
5502,1974.0,5350.855
5502,1975.0,5067.806
5502,1976.0,4955.906
5502,1977.0,5077.636
5502,1978.0,4890.22
5502,1979.0,4975.051
5502,1980.0,4911.651
5502,1981.0,4813.396
5502,1982.0,4959.887
5502,1983.0,4767.056
5502,1984.0,4649.417
5502,1985.0,4463.59
5502,1986.0,4727.483
5502,1987.0,4753.239
5502,1988.0,4569.068
5502,1989.0,4307.14
5502,1990.0,4021.653
5502,1991.0,3449.567
5502,1992.0,2797.518
5502,1993.0,1702.614
5502,1994.0,1322.474
5502,1995.0,953.763
5502,1996.0,984.758
5502,1997.0,999.752
5502,1998.0,952.245
5502,1999.0,578.847
5502,2000.0,698.536
5502,2001.0,610.422
5502,2002.0,489.569
5502,2003.0,559.941
5502,2004.0,1026.61
5502,2005.0,937.652
5502,2006.0,1480.199
5502,2007.0,1814.224
5502,2008.0,2012.068
5502,2009.0,2062.444
5502,2010.0,1875.347
5502,2011.0,1850.008
5502,2012.0,1816.412
5502,2013.0,1647.765
5502,2014.0,1730.912
5502,2015.0,1364.087
5502,2016.0,1408.241
5502,2017.0,865.992
5502,2018.0,454.708
5502,2019.0,174.264
5502,2020.0,-1796.974
5502,2021.0,-2304.904
5502,2022.0,-1594.35
5502,2023.0,-1086.734
1834,2024.0,30717.367
1834,2025.0,31052.216
1834,2026.0,31367.862
1834,2027.0,31657.281
1834,2028.0,31963.554
1834,2029.0,32257.28
1834,2030.0,32499.136
1834,2031.0,32744.622
1834,2032.0,32935.209
1834,2033.0,33132.828
1834,2034.0,33303.172
1834,2035.0,33440.63
1834,2036.0,33583.375
1834,2037.0,33653.253
1834,2038.0,33775.233
1834,2039.0,33875.351
1834,2040.0,33958.505
1834,2041.0,34000.279
1834,2042.0,34053.848
1834,2043.0,34091.844
1834,2044.0,34106.03
1834,2045.0,34078.704
1834,2046.0,34077.479
1834,2047.0,34033.786
1834,2048.0,33982.61
1834,2049.0,33908.139
1834,2050.0,33821.651
1834,2051.0,33728.697
1834,2052.0,33634.604
1834,2053.0,33494.328
1834,2054.0,33337.874
1834,2055.0,33171.212
1834,2056.0,32995.296
1834,2057.0,32808.353
1834,2058.0,32629.14
1834,2059.0,32422.659
1834,2060.0,32197.138
1834,2061.0,31956.954
1834,2062.0,31684.833
1834,2063.0,31388.085
1834,2064.0,31083.792
1834,2065.0,30774.388
1834,2066.0,30456.678
1834,2067.0,30127.11
1834,2068.0,29776.623
1834,2069.0,29410.182
1834,2070.0,29023.837
1834,2071.0,28640.919
1834,2072.0,28231.844
1834,2073.0,27812.111
1834,2074.0,27366.972
1834,2075.0,26924.129
1834,2076.0,26471.692
1834,2077.0,25999.652
1834,2078.0,25515.211
1834,2079.0,25026.639
1834,2080.0,24528.669
1834,2081.0,24027.619
1834,2082.0,23551.281
1834,2083.0,23044.22
1834,2084.0,22532.149
1834,2085.0,22003.464
1834,2086.0,21469.146
1834,2087.0,20940.767
1834,2088.0,20425.145
1834,2089.0,19888.511
1834,2090.0,19349.702
1834,2091.0,18829.783
1834,2092.0,18287.974
1834,2093.0,17762.086
1834,2094.0,17250.95
1834,2095.0,16728.914
1834,2096.0,16210.111
1834,2097.0,15690.882
1834,2098.0,15175.083
1834,2099.0,14660.215
1834,2100.0,14154.9
1833,2024.0,8791.677
1833,2025.0,8775.87
1833,2026.0,8792.993
1833,2027.0,8774.128
1833,2028.0,8742.653
1833,2029.0,8715.591
1833,2030.0,8684.224
1833,2031.0,8647.226
1833,2032.0,8624.235
1833,2033.0,8594.204
1833,2034.0,8575.439
1833,2035.0,8534.366
1833,2036.0,8498.131
1833,2037.0,8455.04
1833,2038.0,8422.028
1833,2039.0,8378.546
1833,2040.0,8325.967
1833,2041.0,8259.579
1833,2042.0,8183.902
1833,2043.0,8098.061
1833,2044.0,7997.953
1833,2045.0,7887.602
1833,2046.0,7770.873
1833,2047.0,7653.416
1833,2048.0,7533.63
1833,2049.0,7405.661
1833,2050.0,7281.309
1833,2051.0,7154.556
1833,2052.0,7023.766
1833,2053.0,6890.119
1833,2054.0,6763.445
1833,2055.0,6636.911
1833,2056.0,6506.305
1833,2057.0,6376.098
1833,2058.0,6248.469
1833,2059.0,6123.438
1833,2060.0,5998.453
1833,2061.0,5875.83
1833,2062.0,5755.13
1833,2063.0,5628.296
1833,2064.0,5512.977
1833,2065.0,5394.553
1833,2066.0,5278.713
1833,2067.0,5163.485
1833,2068.0,5039.79
1833,2069.0,4913.784
1833,2070.0,4788.296
1833,2071.0,4667.302
1833,2072.0,4547.285
1833,2073.0,4431.613
1833,2074.0,4309.465
1833,2075.0,4180.597
1833,2076.0,4058.348
1833,2077.0,3932.596
1833,2078.0,3809.317
1833,2079.0,3693.17
1833,2080.0,3570.271
1833,2081.0,3452.804
1833,2082.0,3334.682
1833,2083.0,3214.573
1833,2084.0,3101.093
1833,2085.0,2986.176
1833,2086.0,2871.034
1833,2087.0,2753.846
1833,2088.0,2635.205
1833,2089.0,2521.692
1833,2090.0,2404.957
1833,2091.0,2289.417
1833,2092.0,2174.515
1833,2093.0,2054.655
1833,2094.0,1933.836
1833,2095.0,1809.509
1833,2096.0,1690.973
1833,2097.0,1574.339
1833,2098.0,1463.213
1833,2099.0,1350.977
1833,2100.0,1242.816
1831,2024.0,25383.134
1831,2025.0,24981.482
1831,2026.0,24599.407
1831,2027.0,24218.553
1831,2028.0,23821.264
1831,2029.0,23467.631
1831,2030.0,23123.073
1831,2031.0,22724.991
1831,2032.0,22306.815
1831,2033.0,21901.436
1831,2034.0,21496.332
1831,2035.0,21064.177
1831,2036.0,20599.57
1831,2037.0,20099.758
1831,2038.0,19582.748
1831,2039.0,19080.374
1831,2040.0,18631.103
1831,2041.0,18102.906
1831,2042.0,17577.367
1831,2043.0,17063.707
1831,2044.0,16566.477
1831,2045.0,16046.268
1831,2046.0,15549.71
1831,2047.0,15004.743
1831,2048.0,14493.971
1831,2049.0,13983.805
1831,2050.0,13481.882
1831,2051.0,12989.173
1831,2052.0,12471.73
1831,2053.0,11991.675
1831,2054.0,11466.134
1831,2055.0,10992.845
1831,2056.0,10527.012
1831,2057.0,10035.978
1831,2058.0,9516.424
1831,2059.0,9000.683
1831,2060.0,8475.242
1831,2061.0,7935.83
1831,2062.0,7431.245
1831,2063.0,6909.03
1831,2064.0,6395.877
1831,2065.0,5851.825
1831,2066.0,5334.992
1831,2067.0,4774.762
1831,2068.0,4227.815
1831,2069.0,3677.535
1831,2070.0,3156.151
1831,2071.0,2654.449
1831,2072.0,2116.246
1831,2073.0,1631.937
1831,2074.0,1139.589
1831,2075.0,657.217
1831,2076.0,210.994
1831,2077.0,-219.472
1831,2078.0,-668.489
1831,2079.0,-1079.866
1831,2080.0,-1456.854
1831,2081.0,-1837.751
1831,2082.0,-2186.433
1831,2083.0,-2541.978
1831,2084.0,-2867.498
1831,2085.0,-3203.957
1831,2086.0,-3503.139
1831,2087.0,-3805.531
1831,2088.0,-4089.768
1831,2089.0,-4373.774
1831,2090.0,-4628.134
1831,2091.0,-4879.121
1831,2092.0,-5103.872
1831,2093.0,-5346.979
1831,2094.0,-5577.741
1831,2095.0,-5804.136
1831,2096.0,-5984.47
1831,2097.0,-6166.503
1831,2098.0,-6349.478
1831,2099.0,-6507.849
1831,2100.0,-6687.82
1832,2024.0,1351.91
1832,2025.0,990.983
1832,2026.0,947.481
1832,2027.0,445.926
1832,2028.0,-43.134
1832,2029.0,-534.339
1832,2030.0,-975.535
1832,2031.0,-1412.082
1832,2032.0,-1830.763
1832,2033.0,-2260.72
1832,2034.0,-2669.692
1832,2035.0,-3068.038
1832,2036.0,-3469.915
1832,2037.0,-3846.299
1832,2038.0,-4238.71
1832,2039.0,-4663.308
1832,2040.0,-5099.25
1832,2041.0,-5554.574
1832,2042.0,-6017.685
1832,2043.0,-6479.927
1832,2044.0,-7011.525
1832,2045.0,-7579.136
1832,2046.0,-8198.376
1832,2047.0,-8845.938
1832,2048.0,-9541.831
1832,2049.0,-10254.274
1832,2050.0,-10983.712
1832,2051.0,-11727.692
1832,2052.0,-12451.975
1832,2053.0,-13139.757
1832,2054.0,-13805.122
1832,2055.0,-14396.683
1832,2056.0,-14922.739
1832,2057.0,-15388.604
1832,2058.0,-15785.017
1832,2059.0,-16102.704
1832,2060.0,-16344.793
1832,2061.0,-16509.99
1832,2062.0,-16601.496
1832,2063.0,-16625.372
1832,2064.0,-16637.989
1832,2065.0,-16601.893
1832,2066.0,-16543.444
1832,2067.0,-16474.808
1832,2068.0,-16391.211
1832,2069.0,-16323.729
1832,2070.0,-16253.111
1832,2071.0,-16207.333
1832,2072.0,-16188.297
1832,2073.0,-16200.147
1832,2074.0,-16215.501
1832,2075.0,-16254.411
1832,2076.0,-16325.823
1832,2077.0,-16403.599
1832,2078.0,-16485.887
1832,2079.0,-16571.925
1832,2080.0,-16632.144
1832,2081.0,-16673.67
1832,2082.0,-16675.435
1832,2083.0,-16671.117
1832,2084.0,-16632.449
1832,2085.0,-16547.672
1832,2086.0,-16439.424
1832,2087.0,-16314.615
1832,2088.0,-16178.027
1832,2089.0,-16025.059
1832,2090.0,-15869.821
1832,2091.0,-15714.054
1832,2092.0,-15583.602
1832,2093.0,-15459.343
1832,2094.0,-15335.296
1832,2095.0,-15235.144
1832,2096.0,-15124.089
1832,2097.0,-15033.865
1832,2098.0,-14947.991
1832,2099.0,-14855.196
1832,2100.0,-14763.38
1830,2024.0,4900.622
1830,2025.0,4733.33
1830,2026.0,4578.602
1830,2027.0,4427.762
1830,2028.0,4280.864
1830,2029.0,4140.319
1830,2030.0,3996.421
1830,2031.0,3854.375
1830,2032.0,3705.728
1830,2033.0,3558.693
1830,2034.0,3407.656
1830,2035.0,3253.816
1830,2036.0,3095.405
1830,2037.0,2935.694
1830,2038.0,2775.851
1830,2039.0,2603.879
1830,2040.0,2433.96
1830,2041.0,2258.118
1830,2042.0,2080.038
1830,2043.0,1905.012
1830,2044.0,1732.547
1830,2045.0,1557.792
1830,2046.0,1386.85
1830,2047.0,1215.407
1830,2048.0,1050.667
1830,2049.0,885.068
1830,2050.0,723.073
1830,2051.0,566.114
1830,2052.0,410.091
1830,2053.0,254.389
1830,2054.0,100.645
1830,2055.0,-45.988
1830,2056.0,-192.736
1830,2057.0,-337.258
1830,2058.0,-478.297
1830,2059.0,-615.724
1830,2060.0,-750.136
1830,2061.0,-885.569
1830,2062.0,-1012.375
1830,2063.0,-1133.198
1830,2064.0,-1256.13
1830,2065.0,-1377.484
1830,2066.0,-1501.134
1830,2067.0,-1615.609
1830,2068.0,-1734.079
1830,2069.0,-1848.27
1830,2070.0,-1957.729
1830,2071.0,-2067.465
1830,2072.0,-2170.136
1830,2073.0,-2270.121
1830,2074.0,-2370.164
1830,2075.0,-2461.751
1830,2076.0,-2553.232
1830,2077.0,-2643.466
1830,2078.0,-2730.954
1830,2079.0,-2810.169
1830,2080.0,-2892.167
1830,2081.0,-2966.5
1830,2082.0,-3034.696
1830,2083.0,-3098.347
1830,2084.0,-3154.514
1830,2085.0,-3214.132
1830,2086.0,-3269.571
1830,2087.0,-3317.122
1830,2088.0,-3355.934
1830,2089.0,-3390.357
1830,2090.0,-3424.405
1830,2091.0,-3452.275
1830,2092.0,-3478.695
1830,2093.0,-3499.299
1830,2094.0,-3521.411
1830,2095.0,-3535.966
1830,2096.0,-3543.649
1830,2097.0,-3550.263
1830,2098.0,-3551.85
1830,2099.0,-3549.706
1830,2100.0,-3547.674
1835,2024.0,237.928
1835,2025.0,235.896
1835,2026.0,234.325
1835,2027.0,232.777
1835,2028.0,231.396
1835,2029.0,229.63
1835,2030.0,228.055
1835,2031.0,226.504
1835,2032.0,225.569
1835,2033.0,224.406
1835,2034.0,223.01
1835,2035.0,221.404
1835,2036.0,219.778
1835,2037.0,217.832
1835,2038.0,216.114
1835,2039.0,214.261
1835,2040.0,212.191
1835,2041.0,209.835
1835,2042.0,206.862
1835,2043.0,204.38
1835,2044.0,201.884
1835,2045.0,199.238
1835,2046.0,196.063
1835,2047.0,192.801
1835,2048.0,189.396
1835,2049.0,185.791
1835,2050.0,182.215
1835,2051.0,178.635
1835,2052.0,175.124
1835,2053.0,171.304
1835,2054.0,167.501
1835,2055.0,163.758
1835,2056.0,160.187
1835,2057.0,156.507
1835,2058.0,152.883
1835,2059.0,149.253
1835,2060.0,145.416
1835,2061.0,141.851
1835,2062.0,138.341
1835,2063.0,134.872
1835,2064.0,131.884
1835,2065.0,128.451
1835,2066.0,125.277
1835,2067.0,121.865
1835,2068.0,118.584
1835,2069.0,115.468
1835,2070.0,112.091
1835,2071.0,108.772
1835,2072.0,105.428
1835,2073.0,101.519
1835,2074.0,98.227
1835,2075.0,94.892
1835,2076.0,91.943
1835,2077.0,88.816
1835,2078.0,85.747
1835,2079.0,82.497
1835,2080.0,79
1835,2081.0,75.782
1835,2082.0,72.774
1835,2083.0,69.449
1835,2084.0,66.417
1835,2085.0,63.296
1835,2086.0,60.351
1835,2087.0,57.387
1835,2088.0,54.372
1835,2089.0,50.922
1835,2090.0,47.661
1835,2091.0,44.285
1835,2092.0,41.438
1835,2093.0,38.297
1835,2094.0,35.029
1835,2095.0,32.149
1835,2096.0,29.363
1835,2097.0,25.792
1835,2098.0,22.766
1835,2099.0,19.67
1835,2100.0,16.864
1836,2024.0,145.501
1836,2025.0,140.261
1836,2026.0,134.386
1836,2027.0,128.577
1836,2028.0,122.594
1836,2029.0,115.834
1836,2030.0,109.001
1836,2031.0,102.333
1836,2032.0,96.233
1836,2033.0,90.463
1836,2034.0,85.461
1836,2035.0,81.629
1836,2036.0,77.452
1836,2037.0,74.063
1836,2038.0,71.183
1836,2039.0,68.182
1836,2040.0,65.322
1836,2041.0,63.021
1836,2042.0,60.458
1836,2043.0,57.833
1836,2044.0,55.501
1836,2045.0,52.31
1836,2046.0,49.126
1836,2047.0,46.123
1836,2048.0,43.441
1836,2049.0,40.934
1836,2050.0,37.815
1836,2051.0,35.217
1836,2052.0,32.175
1836,2053.0,29.196
1836,2054.0,26.608
1836,2055.0,25.205
1836,2056.0,23.344
1836,2057.0,22.178
1836,2058.0,20.677
1836,2059.0,19.379
1836,2060.0,17.794
1836,2061.0,17.042
1836,2062.0,15.854
1836,2063.0,14.594
1836,2064.0,14.261
1836,2065.0,12.999
1836,2066.0,13.112
1836,2067.0,12.281
1836,2068.0,11.827
1836,2069.0,12.186
1836,2070.0,10.836
1836,2071.0,10.538
1836,2072.0,9.835
1836,2073.0,8.748
1836,2074.0,7.417
1836,2075.0,6.459
1836,2076.0,4.268
1836,2077.0,2.687
1836,2078.0,1.341
1836,2079.0,0.898
1836,2080.0,-0.4
1836,2081.0,-1.534
1836,2082.0,-2.238
1836,2083.0,-1.757
1836,2084.0,-1.129
1836,2085.0,-0.82
1836,2086.0,-0.102
1836,2087.0,1.763
1836,2088.0,3.756
1836,2089.0,6.368
1836,2090.0,9.837
1836,2091.0,11.356
1836,2092.0,14.205
1836,2093.0,16.013
1836,2094.0,18.168
1836,2095.0,18.015
1836,2096.0,18.235
1836,2097.0,18.201
1836,2098.0,17.276
1836,2099.0,14.608
1836,2100.0,12.594
1829,2024.0,-1511.713
1829,2025.0,-1646.871
1829,2026.0,-1788.888
1829,2027.0,-1919.706
1829,2028.0,-2035.934
1829,2029.0,-2142.623
1829,2030.0,-2234.849
1829,2031.0,-2328.738
1829,2032.0,-2401.285
1829,2033.0,-2464.621
1829,2034.0,-2526.458
1829,2035.0,-2572.43
1829,2036.0,-2606.509
1829,2037.0,-2654.423
1829,2038.0,-2698.757
1829,2039.0,-2752.118
1829,2040.0,-2809.331
1829,2041.0,-2875.117
1829,2042.0,-2951.368
1829,2043.0,-3032.344
1829,2044.0,-3132.685
1829,2045.0,-3227.173
1829,2046.0,-3349.83
1829,2047.0,-3477.739
1829,2048.0,-3606.718
1829,2049.0,-3738.057
1829,2050.0,-3865.656
1829,2051.0,-3987.329
1829,2052.0,-4098.927
1829,2053.0,-4197.938
1829,2054.0,-4286.741
1829,2055.0,-4355.794
1829,2056.0,-4411.134
1829,2057.0,-4452.715
1829,2058.0,-4477.253
1829,2059.0,-4484.161
1829,2060.0,-4464.874
1829,2061.0,-4440.252
1829,2062.0,-4404.68
1829,2063.0,-4359.145
1829,2064.0,-4299.641
1829,2065.0,-4237.273
1829,2066.0,-4176.555
1829,2067.0,-4114.976
1829,2068.0,-4056.955
1829,2069.0,-3990.022
1829,2070.0,-3928.88
1829,2071.0,-3880.519
1829,2072.0,-3832.818
1829,2073.0,-3791.589
1829,2074.0,-3747.422
1829,2075.0,-3714.107
1829,2076.0,-3682.248
1829,2077.0,-3647.046
1829,2078.0,-3614.83
1829,2079.0,-3591.245
1829,2080.0,-3565.761
1829,2081.0,-3540.283
1829,2082.0,-3510.403
1829,2083.0,-3480.427
1829,2084.0,-3442.696
1829,2085.0,-3404.966
1829,2086.0,-3366.301
1829,2087.0,-3332.416
1829,2088.0,-3292.417
1829,2089.0,-3253.104
1829,2090.0,-3221.325
1829,2091.0,-3204.629
1829,2092.0,-3183.409
1829,2093.0,-3181.461
1829,2094.0,-3185.317
1829,2095.0,-3195.769
1829,2096.0,-3219.532
1829,2097.0,-3238.75
1829,2098.0,-3267.79
1829,2099.0,-3295.486
1829,2100.0,-3322.175
5502,2024.0,-1366.211
5502,2025.0,-1506.613
5502,2026.0,-1654.506
5502,2027.0,-1791.138
5502,2028.0,-1913.345
5502,2029.0,-2026.782
5502,2030.0,-2125.869
5502,2031.0,-2226.406
5502,2032.0,-2305.043
5502,2033.0,-2374.162
5502,2034.0,-2441.004
5502,2035.0,-2490.805
5502,2036.0,-2529.075
5502,2037.0,-2580.364
5502,2038.0,-2627.574
5502,2039.0,-2683.927
5502,2040.0,-2744.013
5502,2041.0,-2812.088
5502,2042.0,-2890.918
5502,2043.0,-2974.52
5502,2044.0,-3077.179
5502,2045.0,-3174.854
5502,2046.0,-3300.696
5502,2047.0,-3431.618
5502,2048.0,-3563.277
5502,2049.0,-3697.125
5502,2050.0,-3827.844
5502,2051.0,-3952.112
5502,2052.0,-4066.763
5502,2053.0,-4168.748
5502,2054.0,-4260.13
5502,2055.0,-4330.605
5502,2056.0,-4387.792
5502,2057.0,-4430.536
5502,2058.0,-4456.578
5502,2059.0,-4464.791
5502,2060.0,-4447.079
5502,2061.0,-4423.207
5502,2062.0,-4388.83
5502,2063.0,-4344.551
5502,2064.0,-4285.38
5502,2065.0,-4224.275
5502,2066.0,-4163.445
5502,2067.0,-4102.691
5502,2068.0,-4045.142
5502,2069.0,-3977.835
5502,2070.0,-3918.049
5502,2071.0,-3869.972
5502,2072.0,-3822.993
5502,2073.0,-3782.833
5502,2074.0,-3739.999
5502,2075.0,-3707.65
5502,2076.0,-3677.985
5502,2077.0,-3644.351
5502,2078.0,-3613.485
5502,2079.0,-3590.34
5502,2080.0,-3566.164
5502,2081.0,-3541.813
5502,2082.0,-3512.628
5502,2083.0,-3482.192
5502,2084.0,-3443.819
5502,2085.0,-3405.8
5502,2086.0,-3366.406
5502,2087.0,-3330.653
5502,2088.0,-3288.653
5502,2089.0,-3246.74
5502,2090.0,-3211.482
5502,2091.0,-3193.267
5502,2092.0,-3169.193
5502,2093.0,-3165.449
5502,2094.0,-3167.153
5502,2095.0,-3177.766
5502,2096.0,-3201.308
5502,2097.0,-3220.533
5502,2098.0,-3250.507
5502,2099.0,-3280.879
5502,2100.0,-3309.583
