subregion,time,births1519
910,1950,464.909
910,1951,474.347
910,1952,483.196
910,1953,494.454
910,1954,503.065
910,1955,513.678
910,1956,525.747
910,1957,537.268
910,1958,548.608
910,1959,564.521
910,1960,582.732
910,1961,605.028
910,1962,626.378
910,1963,649.7
910,1964,676.147
910,1965,707.254
910,1966,737.093
910,1967,765.552
910,1968,797.0
910,1969,844.989
910,1970,887.478
910,1971,942.288
910,1972,980.652
910,1973,999.688
910,1974,1037.872
910,1975,1071.664
910,1976,1101.326
910,1977,1127.726
910,1978,1141.876
910,1979,1172.641
910,1980,1189.542
910,1981,1205.656
910,1982,1232.302
910,1983,1256.982
910,1984,1286.745
910,1985,1329.799
910,1986,1357.391
910,1987,1388.587
910,1988,1418.504
910,1989,1451.968
910,1990,1511.132
910,1991,1536.617
910,1992,1532.907
910,1993,1595.493
910,1994,1625.349
910,1995,1662.074
910,1996,1744.974
910,1997,1769.717
910,1998,1805.272
910,1999,1877.911
910,2000,1897.483
910,2001,1974.196
910,2002,2003.718
910,2003,2006.588
910,2004,2059.771
910,2005,2102.224
910,2006,2102.158
910,2007,2109.984
910,2008,2116.207
910,2009,2106.091
910,2010,2139.311
910,2011,2176.754
910,2012,2177.002
910,2013,2194.468
910,2014,2239.063
910,2015,2262.881
910,2016,2285.015
910,2017,2304.802
910,2018,2344.639
910,2019,2393.122
910,2020,2419.586
910,2021,2456.506
910,2022,2481.903
910,2023,2504.633
910,2024,2519.081
910,2025,2534.374
910,2026,2547.933
910,2027,2559.381
910,2028,2565.89
910,2029,2566.115
910,2030,2562.997
910,2031,2559.896
910,2032,2561.803
910,2033,2559.622
910,2034,2565.238
910,2035,2565.249
910,2036,2564.852
910,2037,2572.314
910,2038,2573.867
910,2039,2575.613
910,2040,2571.798
910,2041,2564.908
910,2042,2558.058
910,2043,2555.049
910,2044,2543.696
910,2045,2536.585
910,2046,2528.613
910,2047,2519.271
910,2048,2504.147
910,2049,2492.36
910,2050,2479.758
910,2051,2463.246
910,2052,2453.03
910,2053,2438.326
910,2054,2420.37
910,2055,2400.773
910,2056,2379.103
910,2057,2358.087
910,2058,2334.824
910,2059,2313.417
910,2060,2287.854
910,2061,2263.805
910,2062,2242.805
910,2063,2213.127
910,2064,2191.081
910,2065,2163.564
910,2066,2138.841
910,2067,2111.173
910,2068,2087.884
910,2069,2062.686
910,2070,2034.05
910,2071,2005.131
910,2072,1976.148
910,2073,1947.781
910,2074,1914.012
910,2075,1886.305
910,2076,1851.433
910,2077,1822.682
910,2078,1792.947
910,2079,1762.279
910,2080,1733.181
910,2081,1702.193
910,2082,1667.677
910,2083,1639.789
910,2084,1609.78
910,2085,1577.736
910,2086,1545.374
910,2087,1514.793
910,2088,1485.923
910,2089,1450.48
910,2090,1418.804
910,2091,1386.817
910,2092,1355.949
910,2093,1323.645
910,2094,1292.552
910,2095,1262.428
910,2096,1232.304
910,2097,1201.924
910,2098,1173.795
910,2099,1146.087
910,2100,1117.401
911,1950,214.833
911,1951,218.563
911,1952,222.875
911,1953,227.766
911,1954,231.892
911,1955,236.534
911,1956,241.564
911,1957,246.315
911,1958,250.485
911,1959,255.618
911,1960,261.295
911,1961,268.427
911,1962,276.798
911,1963,282.395
911,1964,287.295
911,1965,290.725
911,1966,294.68
911,1967,298.139
911,1968,303.214
911,1969,312.599
911,1970,322.111
911,1971,331.341
911,1972,341.397
911,1973,351.675
911,1974,361.519
911,1975,370.52
911,1976,381.773
911,1977,393.527
911,1978,405.713
911,1979,416.594
911,1980,427.13
911,1981,436.563
911,1982,453.782
911,1983,475.92
911,1984,496.363
911,1985,516.332
911,1986,533.015
911,1987,545.146
911,1988,551.075
911,1989,549.857
911,1990,556.382
911,1991,573.022
911,1992,582.493
911,1993,603.634
911,1994,618.516
911,1995,630.896
911,1996,652.245
911,1997,657.415
911,1998,670.337
911,1999,696.105
911,2000,723.088
911,2001,751.477
911,2002,776.165
911,2003,801.507
911,2004,823.866
911,2005,849.216
911,2006,877.002
911,2007,896.917
911,2008,921.232
911,2009,949.311
911,2010,973.582
911,2011,1006.317
911,2012,1027.752
911,2013,1029.278
911,2014,1043.091
911,2015,1048.955
911,2016,1059.447
911,2017,1077.223
911,2018,1096.59
911,2019,1124.124
911,2020,1149.316
911,2021,1179.453
911,2022,1204.161
911,2023,1229.229
911,2024,1255.112
911,2025,1280.083
911,2026,1305.032
911,2027,1327.945
911,2028,1349.148
911,2029,1366.964
911,2030,1380.427
911,2031,1391.268
911,2032,1397.52
911,2033,1405.192
911,2034,1411.515
911,2035,1417.621
911,2036,1418.365
911,2037,1417.889
911,2038,1415.688
911,2039,1413.974
911,2040,1412.954
911,2041,1406.716
911,2042,1399.416
911,2043,1393.083
911,2044,1384.168
911,2045,1381.064
911,2046,1375.114
911,2047,1368.524
911,2048,1361.532
911,2049,1351.112
911,2050,1335.197
911,2051,1324.282
911,2052,1316.683
911,2053,1305.894
911,2054,1292.297
911,2055,1277.101
911,2056,1263.852
911,2057,1251.852
911,2058,1237.225
911,2059,1219.354
911,2060,1208.749
911,2061,1191.733
911,2062,1175.423
911,2063,1163.621
911,2064,1151.527
911,2065,1134.875
911,2066,1121.529
911,2067,1107.212
911,2068,1087.354
911,2069,1068.634
911,2070,1051.746
911,2071,1036.438
911,2072,1022.316
911,2073,1005.138
911,2074,988.508
911,2075,971.833
911,2076,953.293
911,2077,934.374
911,2078,923.318
911,2079,905.809
911,2080,892.974
911,2081,877.493
911,2082,864.54
911,2083,849.931
911,2084,834.691
911,2085,821.76
911,2086,806.463
911,2087,791.119
911,2088,776.094
911,2089,758.805
911,2090,745.295
911,2091,729.193
911,2092,715.425
911,2093,701.802
911,2094,688.739
911,2095,672.593
911,2096,657.532
911,2097,644.277
911,2098,631.301
911,2099,617.998
911,2100,605.313
912,1950,406.716
912,1951,412.659
912,1952,415.881
912,1953,419.188
912,1954,419.086
912,1955,420.512
912,1956,422.887
912,1957,422.294
912,1958,421.357
912,1959,418.854
912,1960,423.581
912,1961,433.789
912,1962,447.811
912,1963,464.891
912,1964,476.807
912,1965,484.967
912,1966,506.189
912,1967,505.877
912,1968,496.072
912,1969,498.046
912,1970,492.457
912,1971,509.999
912,1972,519.332
912,1973,514.458
912,1974,517.506
912,1975,526.72
912,1976,521.251
912,1977,516.67
912,1978,518.885
912,1979,506.686
912,1980,521.613
912,1981,525.009
912,1982,526.923
912,1983,527.74
912,1984,500.129
912,1985,493.431
912,1986,478.597
912,1987,467.374
912,1988,459.194
912,1989,444.712
912,1990,426.288
912,1991,434.189
912,1992,441.671
912,1993,436.727
912,1994,437.853
912,1995,441.153
912,1996,442.075
912,1997,446.468
912,1998,446.105
912,1999,455.235
912,2000,459.798
912,2001,460.85
912,2002,459.36
912,2003,465.304
912,2004,462.167
912,2005,460.461
912,2006,474.914
912,2007,487.9
912,2008,489.976
912,2009,494.695
912,2010,501.727
912,2011,499.444
912,2012,499.361
912,2013,505.684
912,2014,504.172
912,2015,501.878
912,2016,482.677
912,2017,477.761
912,2018,471.616
912,2019,462.721
912,2020,458.833
912,2021,455.69
912,2022,453.014
912,2023,452.944
912,2024,454.528
912,2025,458.452
912,2026,464.659
912,2027,469.29
912,2028,473.545
912,2029,478.616
912,2030,482.715
912,2031,485.987
912,2032,490.162
912,2033,491.721
912,2034,487.63
912,2035,476.908
912,2036,467.205
912,2037,458.854
912,2038,449.745
912,2039,441.16
912,2040,433.1
912,2041,426.527
912,2042,420.31
912,2043,413.426
912,2044,406.557
912,2045,402.062
912,2046,398.243
912,2047,394.39
912,2048,389.392
912,2049,385.725
912,2050,383.542
912,2051,380.816
912,2052,380.461
912,2053,378.162
912,2054,375.472
912,2055,373.302
912,2056,370.916
912,2057,367.553
912,2058,363.542
912,2059,360.793
912,2060,357.924
912,2061,353.843
912,2062,349.142
912,2063,344.478
912,2064,340.563
912,2065,336.416
912,2066,332.335
912,2067,327.829
912,2068,323.542
912,2069,318.313
912,2070,313.231
912,2071,309.458
912,2072,304.588
912,2073,298.98
912,2074,294.004
912,2075,289.934
912,2076,285.358
912,2077,280.334
912,2078,275.696
912,2079,272.135
912,2080,268.479
912,2081,265.048
912,2082,261.687
912,2083,257.755
912,2084,254.064
912,2085,250.746
912,2086,247.301
912,2087,244.412
912,2088,240.913
912,2089,237.385
912,2090,233.7
912,2091,229.931
912,2092,226.13
912,2093,222.797
912,2094,219.099
912,2095,215.082
912,2096,211.487
912,2097,207.511
912,2098,204.292
912,2099,200.357
912,2100,196.988
913,1950,73.824
913,1951,75.419
913,1952,76.339
913,1953,77.599
913,1954,78.37
913,1955,79.525
913,1956,81.364
913,1957,84.019
913,1958,86.691
913,1959,90.02
913,1960,94.272
913,1961,98.824
913,1962,103.999
913,1963,108.742
913,1964,112.991
913,1965,115.521
913,1966,118.141
913,1967,120.204
913,1968,120.464
913,1969,122.318
913,1970,125.721
913,1971,131.876
913,1972,137.077
913,1973,142.822
913,1974,147.798
913,1975,152.961
913,1976,157.086
913,1977,161.235
913,1978,164.242
913,1979,170.359
913,1980,176.9
913,1981,183.826
913,1982,193.169
913,1983,203.424
913,1984,218.395
913,1985,226.31
913,1986,235.047
913,1987,239.368
913,1988,230.319
913,1989,219.731
913,1990,205.708
913,1991,188.822
913,1992,175.954
913,1993,170.899
913,1994,171.916
913,1995,178.074
913,1996,183.919
913,1997,186.401
913,1998,195.17
913,1999,204.349
913,2000,203.726
913,2001,198.885
913,2002,194.57
913,2003,201.857
913,2004,206.785
913,2005,198.144
913,2006,203.855
913,2007,202.365
913,2008,235.142
913,2009,222.02
913,2010,218.051
913,2011,226.853
913,2012,219.099
913,2013,227.924
913,2014,234.967
913,2015,217.659
913,2016,194.855
913,2017,171.552
913,2018,160.259
913,2019,172.8
913,2020,169.549
913,2021,169.995
913,2022,173.993
913,2023,180.223
913,2024,186.528
913,2025,191.493
913,2026,195.716
913,2027,198.915
913,2028,199.125
913,2029,199.287
913,2030,200.629
913,2031,201.361
913,2032,201.447
913,2033,200.529
913,2034,199.447
913,2035,199.277
913,2036,200.464
913,2037,201.018
913,2038,199.174
913,2039,195.461
913,2040,191.551
913,2041,188.535
913,2042,185.332
913,2043,182.961
913,2044,180.294
913,2045,178.05
913,2046,175.632
913,2047,173.874
913,2048,172.063
913,2049,170.891
913,2050,169.109
913,2051,167.793
913,2052,166.128
913,2053,165.144
913,2054,163.577
913,2055,161.778
913,2056,160.152
913,2057,158.595
913,2058,156.589
913,2059,154.442
913,2060,152.067
913,2061,150.058
913,2062,147.938
913,2063,145.614
913,2064,142.736
913,2065,139.952
913,2066,136.905
913,2067,134.915
913,2068,131.803
913,2069,128.583
913,2070,125.821
913,2071,123.359
913,2072,120.451
913,2073,117.172
913,2074,114.288
913,2075,111.35
913,2076,108.789
913,2077,106.195
913,2078,103.531
913,2079,100.468
913,2080,97.955
913,2081,95.545
913,2082,92.853
913,2083,90.661
913,2084,88.095
913,2085,85.603
913,2086,83.432
913,2087,81.244
913,2088,78.816
913,2089,76.445
913,2090,74.14
913,2091,71.721
913,2092,69.053
913,2093,66.83
913,2094,64.53
913,2095,62.316
913,2096,60.224
913,2097,57.899
913,2098,55.729
913,2099,53.746
913,2100,51.505
914,1950,522.095
914,1951,532.883
914,1952,541.787
914,1953,552.093
914,1954,560.827
914,1955,576.08
914,1956,591.174
914,1957,614.6
914,1958,643.485
914,1959,672.552
914,1960,705.345
914,1961,736.333
914,1962,765.635
914,1963,783.411
914,1964,790.464
914,1965,797.235
914,1966,799.957
914,1967,805.684
914,1968,814.684
914,1969,849.99
914,1970,882.331
914,1971,907.649
914,1972,938.161
914,1973,974.747
914,1974,1023.678
914,1975,1052.327
914,1976,1068.565
914,1977,1087.6
914,1978,1103.248
914,1979,1133.898
914,1980,1157.741
914,1981,1163.357
914,1982,1164.425
914,1983,1193.195
914,1984,1200.237
914,1985,1218.426
914,1986,1216.498
914,1987,1245.964
914,1988,1256.093
914,1989,1305.368
914,1990,1332.253
914,1991,1366.993
914,1992,1411.759
914,1993,1467.212
914,1994,1508.467
914,1995,1532.324
914,1996,1551.19
914,1997,1573.222
914,1998,1609.492
914,1999,1670.023
914,2000,1703.84
914,2001,1721.723
914,2002,1755.895
914,2003,1794.658
914,2004,1790.912
914,2005,1824.226
914,2006,1823.654
914,2007,1835.724
914,2008,1870.271
914,2009,1899.612
914,2010,1950.121
914,2011,2010.568
914,2012,2068.618
914,2013,2119.385
914,2014,2132.339
914,2015,2104.732
914,2016,2085.316
914,2017,2104.367
914,2018,2161.075
914,2019,2209.237
914,2020,2257.669
914,2021,2308.498
914,2022,2336.719
914,2023,2367.881
914,2024,2399.558
914,2025,2424.206
914,2026,2444.707
914,2027,2462.53
914,2028,2475.747
914,2029,2487.067
914,2030,2483.728
914,2031,2481.985
914,2032,2472.91
914,2033,2464.039
914,2034,2456.027
914,2035,2443.035
914,2036,2432.012
914,2037,2424.502
914,2038,2416.825
914,2039,2402.215
914,2040,2389.549
914,2041,2381.076
914,2042,2363.183
914,2043,2353.194
914,2044,2342.611
914,2045,2323.627
914,2046,2306.204
914,2047,2293.588
914,2048,2279.015
914,2049,2259.39
914,2050,2245.155
914,2051,2219.978
914,2052,2196.444
914,2053,2170.834
914,2054,2145.897
914,2055,2125.464
914,2056,2105.71
914,2057,2081.419
914,2058,2050.782
914,2059,2025.25
914,2060,2001.045
914,2061,1982.72
914,2062,1960.903
914,2063,1928.759
914,2064,1905.739
914,2065,1874.003
914,2066,1846.383
914,2067,1824.124
914,2068,1795.429
914,2069,1767.173
914,2070,1736.799
914,2071,1708.1
914,2072,1686.278
914,2073,1660.836
914,2074,1634.525
914,2075,1606.333
914,2076,1581.547
914,2077,1553.506
914,2078,1528.526
914,2079,1507.567
914,2080,1483.822
914,2081,1460.997
914,2082,1436.52
914,2083,1409.139
914,2084,1385.064
914,2085,1358.154
914,2086,1331.422
914,2087,1305.917
914,2088,1281.151
914,2089,1254.7
914,2090,1231.48
914,2091,1209.009
914,2092,1186.575
914,2093,1160.359
914,2094,1137.465
914,2095,1111.491
914,2096,1090.218
914,2097,1064.996
914,2098,1044.143
914,2099,1022.149
914,2100,999.68
5500,1950,40.976
5500,1951,39.181
5500,1952,40.918
5500,1953,45.719
5500,1954,51.335
5500,1955,56.251
5500,1956,59.525
5500,1957,60.095
5500,1958,57.05
5500,1959,51.907
5500,1960,46.983
5500,1961,41.363
5500,1962,36.372
5500,1963,35.042
5500,1964,39.101
5500,1965,45.742
5500,1966,51.73
5500,1967,56.36
5500,1968,60.476
5500,1969,65.146
5500,1970,69.049
5500,1971,71.564
5500,1972,74.131
5500,1973,75.671
5500,1974,77.791
5500,1975,77.853
5500,1976,77.091
5500,1977,82.455
5500,1978,83.679
5500,1979,85.908
5500,1980,85.217
5500,1981,84.345
5500,1982,82.327
5500,1983,83.834
5500,1984,85.523
5500,1985,84.99
5500,1986,86.196
5500,1987,86.103
5500,1988,92.158
5500,1989,101.397
5500,1990,111.557
5500,1991,121.368
5500,1992,132.353
5500,1993,149.686
5500,1994,152.572
5500,1995,147.097
5500,1996,136.941
5500,1997,121.075
5500,1998,99.052
5500,1999,87.129
5500,2000,83.21
5500,2001,77.145
5500,2002,72.319
5500,2003,68.725
5500,2004,65.47
5500,2005,66.366
5500,2006,68.353
5500,2007,70.969
5500,2008,75.315
5500,2009,88.936
5500,2010,94.452
5500,2011,102.852
5500,2012,104.2
5500,2013,102.947
5500,2014,101.209
5500,2015,93.415
5500,2016,82.978
5500,2017,72.233
5500,2018,71.368
5500,2019,70.486
5500,2020,69.135
5500,2021,68.011
5500,2022,68.466
5500,2023,69.556
5500,2024,71.321
5500,2025,73.831
5500,2026,77.115
5500,2027,80.418
5500,2028,83.286
5500,2029,85.329
5500,2030,86.813
5500,2031,88.127
5500,2032,89.896
5500,2033,91.833
5500,2034,92.852
5500,2035,92.544
5500,2036,92.322
5500,2037,93.484
5500,2038,95.128
5500,2039,95.686
5500,2040,94.502
5500,2041,92.153
5500,2042,90.092
5500,2043,88.291
5500,2044,86.753
5500,2045,85.472
5500,2046,84.561
5500,2047,83.991
5500,2048,83.663
5500,2049,83.649
5500,2050,83.726
5500,2051,84.219
5500,2052,84.705
5500,2053,85.11
5500,2054,85.714
5500,2055,86.116
5500,2056,86.693
5500,2057,87.288
5500,2058,87.598
5500,2059,88.041
5500,2060,88.141
5500,2061,87.945
5500,2062,87.656
5500,2063,87.195
5500,2064,86.43
5500,2065,85.671
5500,2066,84.667
5500,2067,83.355
5500,2068,82.089
5500,2069,80.798
5500,2070,79.987
5500,2071,78.726
5500,2072,77.798
5500,2073,76.626
5500,2074,75.487
5500,2075,74.626
5500,2076,73.693
5500,2077,72.896
5500,2078,71.89
5500,2079,71.044
5500,2080,70.213
5500,2081,69.394
5500,2082,68.456
5500,2083,67.622
5500,2084,66.756
5500,2085,65.812
5500,2086,64.982
5500,2087,63.983
5500,2088,63.153
5500,2089,62.273
5500,2090,61.248
5500,2091,60.122
5500,2092,58.974
5500,2093,57.902
5500,2094,56.854
5500,2095,55.746
5500,2096,54.706
5500,2097,53.494
5500,2098,52.32
5500,2099,51.278
5500,2100,50.199
906,1950,2232.102
906,1951,2201.95
906,1952,2548.526
906,1953,2351.968
906,1954,2405.294
906,1955,2316.898
906,1956,2060.283
906,1957,2187.24
906,1958,1860.237
906,1959,1522.264
906,1960,1420.122
906,1961,1269.777
906,1962,1904.924
906,1963,2480.246
906,1964,2207.371
906,1965,2058.895
906,1966,1935.444
906,1967,1705.922
906,1968,2059.525
906,1969,2065.215
906,1970,2081.388
906,1971,1961.995
906,1972,1705.764
906,1973,1526.801
906,1974,1404.802
906,1975,1205.777
906,1976,1086.022
906,1977,913.607
906,1978,747.915
906,1979,696.797
906,1980,771.638
906,1981,1056.123
906,1982,1583.41
906,1983,1677.571
906,1984,1784.356
906,1985,1856.158
906,1986,1908.804
906,1987,1953.707
906,1988,1856.813
906,1989,1839.189
906,1990,1914.913
906,1991,1639.852
906,1992,1260.043
906,1993,1119.229
906,1994,790.179
906,1995,721.854
906,1996,716.511
906,1997,622.386
906,1998,625.24
906,1999,647.654
906,2000,693.02
906,2001,726.754
906,2002,737.013
906,2003,745.998
906,2004,757.695
906,2005,826.615
906,2006,844.137
906,2007,845.675
906,2008,847.332
906,2009,840.961
906,2010,774.411
906,2011,706.347
906,2012,711.323
906,2013,677.642
906,2014,671.442
906,2015,614.879
906,2016,602.222
906,2017,577.008
906,2018,511.749
906,2019,494.496
906,2020,447.746
906,2021,422.533
906,2022,430.002
906,2023,440.038
906,2024,450.44
906,2025,457.388
906,2026,463.281
906,2027,466.211
906,2028,463.43
906,2029,457.558
906,2030,449.57
906,2031,440.105
906,2032,422.305
906,2033,399.008
906,2034,372.715
906,2035,346.313
906,2036,312.009
906,2037,267.868
906,2038,226.298
906,2039,191.485
906,2040,164.36
906,2041,148.147
906,2042,147.868
906,2043,146.797
906,2044,146.871
906,2045,145.703
906,2046,145.341
906,2047,145.414
906,2048,145.311
906,2049,145.274
906,2050,145.419
906,2051,145.551
906,2052,146.46
906,2053,147.461
906,2054,148.262
906,2055,149.129
906,2056,150.166
906,2057,151.462
906,2058,153.159
906,2059,153.385
906,2060,154.223
906,2061,155.238
906,2062,154.662
906,2063,154.11
906,2064,152.526
906,2065,149.997
906,2066,147.534
906,2067,144.354
906,2068,139.869
906,2069,136.122
906,2070,132.177
906,2071,128.366
906,2072,124.831
906,2073,120.908
906,2074,117.899
906,2075,114.691
906,2076,112.039
906,2077,110.262
906,2078,108.891
906,2079,107.992
906,2080,107.272
906,2081,107.219
906,2082,107.205
906,2083,106.783
906,2084,106.883
906,2085,107.05
906,2086,107.329
906,2087,107.073
906,2088,107.264
906,2089,107.348
906,2090,107.389
906,2091,106.927
906,2092,107.063
906,2093,106.178
906,2094,105.56
906,2095,104.425
906,2096,103.36
906,2097,101.917
906,2098,100.511
906,2099,98.882
906,2100,96.581
5501,1950,3542.805
5501,1951,3639.55
5501,1952,3730.453
5501,1953,3799.827
5501,1954,3883.992
5501,1955,3946.412
5501,1956,3984.414
5501,1957,4023.803
5501,1958,4056.521
5501,1959,4095.94
5501,1960,4155.771
5501,1961,4255.524
5501,1962,4341.028
5501,1963,4412.44
5501,1964,4512.781
5501,1965,4705.264
5501,1966,4899.773
5501,1967,5154.013
5501,1968,5352.49
5501,1969,5518.282
5501,1970,5662.473
5501,1971,5911.924
5501,1972,6098.766
5501,1973,6301.103
5501,1974,6386.405
5501,1975,6392.686
5501,1976,6458.426
5501,1977,6212.781
5501,1978,6306.614
5501,1979,6716.389
5501,1980,6860.578
5501,1981,7136.789
5501,1982,7226.417
5501,1983,7244.306
5501,1984,7348.251
5501,1985,7410.075
5501,1986,7524.181
5501,1987,7025.999
5501,1988,7343.48
5501,1989,7479.377
5501,1990,7218.389
5501,1991,7545.76
5501,1992,7679.93
5501,1993,7559.337
5501,1994,7709.441
5501,1995,7725.272
5501,1996,7463.088
5501,1997,7478.606
5501,1998,7577.042
5501,1999,7411.647
5501,2000,7375.367
5501,2001,7398.422
5501,2002,7139.831
5501,2003,6861.366
5501,2004,6154.87
5501,2005,5102.63
5501,2006,4667.981
5501,2007,4568.354
5501,2008,4697.354
5501,2009,4283.337
5501,2010,4165.263
5501,2011,3940.17
5501,2012,3822.862
5501,2013,3789.4
5501,2014,3747.89
5501,2015,2977.733
5501,2016,2836.579
5501,2017,2831.262
5501,2018,2763.102
5501,2019,2649.638
5501,2020,2600.791
5501,2021,2575.798
5501,2022,2476.276
5501,2023,2384.048
5501,2024,2291.889
5501,2025,2209.581
5501,2026,2133.368
5501,2027,2067.278
5501,2028,2001.47
5501,2029,1942.584
5501,2030,1886.463
5501,2031,1832.993
5501,2032,1783.843
5501,2033,1726.702
5501,2034,1675.232
5501,2035,1628.284
5501,2036,1581.546
5501,2037,1537.202
5501,2038,1496.974
5501,2039,1455.866
5501,2040,1421.314
5501,2041,1388.145
5501,2042,1360.938
5501,2043,1332.687
5501,2044,1303.638
5501,2045,1275.193
5501,2046,1248.584
5501,2047,1221.077
5501,2048,1195.655
5501,2049,1167.995
5501,2050,1145.263
5501,2051,1121.36
5501,2052,1099.84
5501,2053,1073.967
5501,2054,1054.179
5501,2055,1033.477
5501,2056,1011.717
5501,2057,990.478
5501,2058,970.968
5501,2059,950.365
5501,2060,932.332
5501,2061,914.319
5501,2062,897.259
5501,2063,881.484
5501,2064,864.408
5501,2065,847.336
5501,2066,830.881
5501,2067,814.573
5501,2068,798.757
5501,2069,783.659
5501,2070,768.627
5501,2071,753.695
5501,2072,740.31
5501,2073,727.496
5501,2074,714.115
5501,2075,701.564
5501,2076,689.369
5501,2077,675.212
5501,2078,662.761
5501,2079,651.861
5501,2080,639.824
5501,2081,627.49
5501,2082,618.88
5501,2083,608.369
5501,2084,597.834
5501,2085,586.198
5501,2086,575.502
5501,2087,566.468
5501,2088,558.146
5501,2089,548.107
5501,2090,538.994
5501,2091,528.823
5501,2092,520.207
5501,2093,511.045
5501,2094,503.96
5501,2095,495.755
5501,2096,487.418
5501,2097,479.434
5501,2098,471.868
5501,2099,465.936
5501,2100,458.818
920,1950,788.13
920,1951,813.354
920,1952,845.025
920,1953,869.882
920,1954,902.27
920,1955,922.418
920,1956,950.923
920,1957,973.789
920,1958,987.799
920,1959,1000.053
920,1960,1019.857
920,1961,1024.364
920,1962,1040.099
920,1963,1051.252
920,1964,1066.308
920,1965,1087.749
920,1966,1086.272
920,1967,1102.549
920,1968,1126.868
920,1969,1154.749
920,1970,1186.484
920,1971,1238.121
920,1972,1278.981
920,1973,1331.127
920,1974,1345.701
920,1975,1337.922
920,1976,1360.092
920,1977,1397.022
920,1978,1450.401
920,1979,1466.731
920,1980,1499.139
920,1981,1516.056
920,1982,1528.026
920,1983,1500.064
920,1984,1491.627
920,1985,1417.998
920,1986,1370.913
920,1987,1389.741
920,1988,1367.463
920,1989,1371.308
920,1990,1382.704
920,1991,1385.106
920,1992,1365.875
920,1993,1336.831
920,1994,1316.067
920,1995,1302.651
920,1996,1261.817
920,1997,1237.081
920,1998,1225.144
920,1999,1207.088
920,2000,1182.577
920,2001,1187.286
920,2002,1169.916
920,2003,1150.555
920,2004,1127.52
920,2005,1126.611
920,2006,1139.232
920,2007,1160.234
920,2008,1179.691
920,2009,1191.804
920,2010,1213.01
920,2011,1197.848
920,2012,1187.489
920,2013,1167.65
920,2014,1118.601
920,2015,1073.908
920,2016,1021.213
920,2017,997.983
920,2018,978.391
920,2019,966.391
920,2020,959.93
920,2021,949.832
920,2022,941.796
920,2023,934.656
920,2024,929.829
920,2025,924.486
920,2026,917.859
920,2027,907.632
920,2028,896.255
920,2029,883.252
920,2030,870.076
920,2031,854.602
920,2032,834.738
920,2033,813.624
920,2034,792.762
920,2035,773.591
920,2036,754.811
920,2037,737.232
920,2038,721.958
920,2039,704.983
920,2040,689.912
920,2041,674.511
920,2042,665.17
920,2043,657.333
920,2044,647.879
920,2045,639.329
920,2046,632.326
920,2047,623.849
920,2048,614.684
920,2049,606.273
920,2050,597.633
920,2051,589.504
920,2052,580.004
920,2053,571.365
920,2054,562.281
920,2055,552.972
920,2056,544.757
920,2057,535.873
920,2058,526.606
920,2059,517.803
920,2060,508.58
920,2061,500.206
920,2062,492.449
920,2063,483.633
920,2064,474.32
920,2065,465.859
920,2066,456.247
920,2067,447.665
920,2068,438.746
920,2069,429.802
920,2070,421.265
920,2071,413.221
920,2072,405.596
920,2073,397.278
920,2074,389.204
920,2075,381.13
920,2076,372.806
920,2077,365.617
920,2078,357.528
920,2079,350.684
920,2080,343.472
920,2081,336.514
920,2082,328.961
920,2083,321.866
920,2084,315.113
920,2085,307.287
920,2086,300.891
920,2087,294.827
920,2088,288.271
920,2089,281.791
920,2090,275.694
920,2091,269.226
920,2092,263.358
920,2093,256.595
920,2094,251.231
920,2095,244.619
920,2096,238.845
920,2097,233.046
920,2098,227.291
920,2099,221.843
920,2100,215.748
922,1950,302.356
922,1951,312.626
922,1952,323.864
922,1953,333.011
922,1954,337.093
922,1955,338.847
922,1956,345.527
922,1957,341.339
922,1958,345.283
922,1959,350.547
922,1960,355.775
922,1961,363.86
922,1962,376.02
922,1963,375.936
922,1964,381.977
922,1965,390.831
922,1966,392.522
922,1967,379.236
922,1968,416.204
922,1969,440.322
922,1970,467.162
922,1971,500.075
922,1972,521.998
922,1973,529.264
922,1974,521.517
922,1975,510.631
922,1976,507.471
922,1977,515.666
922,1978,535.816
922,1979,562.152
922,1980,580.07
922,1981,593.097
922,1982,601.228
922,1983,607.979
922,1984,606.395
922,1985,589.661
922,1986,567.624
922,1987,548.048
922,1988,543.064
922,1989,525.937
922,1990,551.386
922,1991,570.326
922,1992,564.159
922,1993,576.477
922,1994,580.312
922,1995,567.883
922,1996,556.028
922,1997,551.261
922,1998,536.451
922,1999,534.194
922,2000,521.826
922,2001,512.764
922,2002,498.153
922,2003,500.035
922,2004,508.343
922,2005,521.787
922,2006,534.8
922,2007,527.03
922,2008,522.791
922,2009,524.584
922,2010,521.774
922,2011,520.776
922,2012,508.714
922,2013,501.478
922,2014,488.908
922,2015,469.505
922,2016,450.533
922,2017,431.528
922,2018,417.731
922,2019,414.221
922,2020,406.419
922,2021,403.122
922,2022,399.057
922,2023,398.359
922,2024,397.744
922,2025,397.547
922,2026,398.042
922,2027,397.105
922,2028,396.174
922,2029,394.216
922,2030,391.003
922,2031,384.4
922,2032,376.233
922,2033,364.663
922,2034,353.567
922,2035,342.874
922,2036,334.205
922,2037,328.548
922,2038,324.114
922,2039,320.766
922,2040,317.515
922,2041,314.846
922,2042,312.079
922,2043,311.029
922,2044,308.295
922,2045,306.785
922,2046,305.264
922,2047,302.803
922,2048,300.824
922,2049,298.907
922,2050,296.326
922,2051,292.641
922,2052,290.364
922,2053,286.04
922,2054,282.191
922,2055,278.066
922,2056,274.414
922,2057,269.843
922,2058,266.146
922,2059,260.959
922,2060,256.174
922,2061,251.366
922,2062,247.466
922,2063,242.585
922,2064,238.441
922,2065,234.781
922,2066,231.499
922,2067,227.69
922,2068,224.311
922,2069,220.523
922,2070,217.278
922,2071,214.728
922,2072,211.919
922,2073,208.788
922,2074,205.576
922,2075,203.071
922,2076,199.534
922,2077,196.188
922,2078,193.008
922,2079,189.67
922,2080,186.704
922,2081,183.795
922,2082,180.716
922,2083,177.921
922,2084,174.98
922,2085,172.373
922,2086,169.408
922,2087,166.595
922,2088,163.47
922,2089,160.976
922,2090,158.428
922,2091,155.732
922,2092,152.614
922,2093,149.725
922,2094,146.811
922,2095,144.208
922,2096,141.515
922,2097,138.762
922,2098,136.184
922,2099,133.818
922,2100,131.545
923,1950,309.104
923,1951,275.655
923,1952,246.533
923,1953,242.676
923,1954,260.669
923,1955,284.499
923,1956,325.012
923,1957,376.732
923,1958,395.308
923,1959,392.865
923,1960,364.297
923,1961,294.896
923,1962,234.279
923,1963,225.069
923,1964,236.61
923,1965,283.589
923,1966,334.404
923,1967,376.887
923,1968,412.521
923,1969,419.876
923,1970,420.644
923,1971,437.434
923,1972,449.997
923,1973,471.965
923,1974,505.71
923,1975,516.57
923,1976,529.691
923,1977,535.65
923,1978,545.005
923,1979,551.685
923,1980,551.614
923,1981,532.792
923,1982,518.698
923,1983,500.469
923,1984,492.136
923,1985,491.534
923,1986,493.223
923,1987,506.436
923,1988,508.703
923,1989,523.142
923,1990,554.344
923,1991,566.797
923,1992,553.951
923,1993,540.949
923,1994,532.0
923,1995,487.233
923,1996,442.803
923,1997,408.454
923,1998,379.031
923,1999,346.532
923,2000,330.667
923,2001,324.647
923,2002,326.511
923,2003,326.24
923,2004,325.191
923,2005,317.923
923,2006,316.48
923,2007,307.049
923,2008,302.649
923,2009,283.401
923,2010,245.56
923,2011,222.959
923,2012,208.863
923,2013,193.105
923,2014,184.017
923,2015,168.734
923,2016,154.023
923,2017,136.158
923,2018,124.492
923,2019,116.582
923,2020,115.841
923,2021,117.938
923,2022,116.651
923,2023,115.101
923,2024,113.116
923,2025,111.692
923,2026,111.018
923,2027,110.02
923,2028,107.061
923,2029,102.953
923,2030,100.077
923,2031,97.793
923,2032,94.251
923,2033,90.198
923,2034,85.52
923,2035,79.908
923,2036,73.392
923,2037,67.199
923,2038,62.139
923,2039,57.9
923,2040,54.586
923,2041,51.655
923,2042,50.525
923,2043,49.452
923,2044,48.329
923,2045,47.28
923,2046,46.415
923,2047,45.82
923,2048,45.087
923,2049,44.543
923,2050,44.202
923,2051,43.81
923,2052,43.669
923,2053,43.633
923,2054,43.662
923,2055,43.677
923,2056,43.75
923,2057,43.749
923,2058,43.779
923,2059,43.779
923,2060,43.833
923,2061,43.902
923,2062,43.799
923,2063,43.704
923,2064,43.34
923,2065,42.898
923,2066,42.458
923,2067,41.874
923,2068,41.408
923,2069,40.659
923,2070,39.954
923,2071,39.263
923,2072,38.628
923,2073,37.915
923,2074,37.257
923,2075,36.731
923,2076,36.19
923,2077,35.738
923,2078,35.392
923,2079,35.106
923,2080,34.937
923,2081,34.795
923,2082,34.737
923,2083,34.751
923,2084,34.807
923,2085,34.885
923,2086,35.009
923,2087,35.189
923,2088,35.297
923,2089,35.389
923,2090,35.462
923,2091,35.624
923,2092,35.623
923,2093,35.562
923,2094,35.451
923,2095,35.351
923,2096,35.148
923,2097,34.988
923,2098,34.786
923,2099,34.565
923,2100,34.298
924,1950,63.652
924,1951,60.43
924,1952,60.006
924,1953,61.374
924,1954,63.761
924,1955,67.114
924,1956,73.44
924,1957,77.86
924,1958,79.752
924,1959,82.212
924,1960,88.929
924,1961,99.789
924,1962,110.265
924,1963,119.333
924,1964,132.774
924,1965,143.685
924,1966,152.033
924,1967,149.552
924,1968,141.45
924,1969,135.484
924,1970,131.369
924,1971,130.782
924,1972,125.902
924,1973,118.619
924,1974,114.194
924,1975,107.266
924,1976,99.336
924,1977,93.937
924,1978,94.462
924,1979,96.678
924,1980,97.646
924,1981,91.856
924,1982,89.738
924,1983,87.481
924,1984,87.512
924,1985,89.293
924,1986,90.025
924,1987,90.338
924,1988,92.133
924,1989,90.642
924,1990,92.137
924,1991,89.039
924,1992,82.578
924,1993,75.216
924,1994,68.614
924,1995,65.722
924,1996,67.345
924,1997,68.318
924,1998,70.305
924,1999,70.674
924,2000,67.749
924,2001,64.967
924,2002,63.534
924,2003,63.786
924,2004,63.761
924,2005,63.858
924,2006,64.584
924,2007,64.752
924,2008,64.448
924,2009,61.637
924,2010,57.654
924,2011,52.049
924,2012,47.968
924,2013,42.304
924,2014,37.843
924,2015,34.688
924,2016,32.373
924,2017,29.437
924,2018,27.253
924,2019,24.949
924,2020,23.727
924,2021,23.947
924,2022,23.322
924,2023,22.803
924,2024,22.374
924,2025,21.99
924,2026,21.731
924,2027,21.311
924,2028,20.78
924,2029,20.279
924,2030,19.64
924,2031,18.958
924,2032,18.233
924,2033,17.564
924,2034,16.994
924,2035,16.399
924,2036,15.643
924,2037,14.919
924,2038,14.216
924,2039,13.715
924,2040,13.4
924,2041,13.222
924,2042,13.059
924,2043,12.936
924,2044,12.792
924,2045,12.711
924,2046,12.671
924,2047,12.645
924,2048,12.64
924,2049,12.621
924,2050,12.635
924,2051,12.699
924,2052,12.739
924,2053,12.747
924,2054,12.86
924,2055,12.891
924,2056,12.978
924,2057,13.059
924,2058,13.112
924,2059,13.181
924,2060,13.234
924,2061,13.26
924,2062,13.248
924,2063,13.266
924,2064,13.253
924,2065,13.179
924,2066,13.031
924,2067,12.962
924,2068,12.87
924,2069,12.801
924,2070,12.676
924,2071,12.6
924,2072,12.516
924,2073,12.444
924,2074,12.374
924,2075,12.266
924,2076,12.211
924,2077,12.179
924,2078,12.129
924,2079,12.116
924,2080,12.127
924,2081,12.099
924,2082,12.111
924,2083,12.174
924,2084,12.167
924,2085,12.19
924,2086,12.193
924,2087,12.23
924,2088,12.28
924,2089,12.31
924,2090,12.345
924,2091,12.355
924,2092,12.36
924,2093,12.367
924,2094,12.346
924,2095,12.316
924,2096,12.298
924,2097,12.225
924,2098,12.218
924,2099,12.166
924,2100,12.065
925,1950,95.905
925,1951,92.121
925,1952,94.805
925,1953,95.284
925,1954,96.51
925,1955,97.418
925,1956,98.699
925,1957,100.24
925,1958,100.368
925,1959,104.982
925,1960,104.247
925,1961,102.579
925,1962,105.429
925,1963,107.406
925,1964,117.042
925,1965,127.815
925,1966,137.569
925,1967,142.303
925,1968,145.59
925,1969,144.729
925,1970,143.673
925,1971,146.743
925,1972,154.501
925,1973,159.843
925,1974,171.416
925,1975,177.388
925,1976,182.096
925,1977,178.346
925,1978,175.535
925,1979,171.636
925,1980,164.823
925,1981,153.031
925,1982,147.837
925,1983,141.137
925,1984,135.477
925,1985,125.101
925,1986,114.224
925,1987,106.53
925,1988,102.19
925,1989,94.621
925,1990,88.677
925,1991,83.328
925,1992,78.068
925,1993,74.285
925,1994,69.47
925,1995,65.223
925,1996,62.494
925,1997,60.189
925,1998,55.836
925,1999,55.091
925,2000,54.245
925,2001,52.968
925,2002,51.717
925,2003,50.703
925,2004,49.78
925,2005,48.039
925,2006,46.662
925,2007,47.121
925,2008,48.231
925,2009,45.481
925,2010,42.418
925,2011,39.166
925,2012,37.083
925,2013,33.864
925,2014,32.296
925,2015,30.202
925,2016,28.568
925,2017,26.892
925,2018,25.065
925,2019,24.505
925,2020,24.538
925,2021,24.917
925,2022,24.45
925,2023,23.914
925,2024,23.449
925,2025,23.099
925,2026,22.893
925,2027,22.642
925,2028,22.172
925,2029,21.574
925,2030,20.937
925,2031,20.284
925,2032,19.636
925,2033,19.079
925,2034,18.545
925,2035,17.944
925,2036,17.206
925,2037,16.508
925,2038,15.92
925,2039,15.461
925,2040,15.253
925,2041,15.046
925,2042,14.809
925,2043,14.638
925,2044,14.472
925,2045,14.334
925,2046,14.2
925,2047,14.07
925,2048,13.959
925,2049,13.853
925,2050,13.755
925,2051,13.685
925,2052,13.581
925,2053,13.496
925,2054,13.401
925,2055,13.333
925,2056,13.25
925,2057,13.184
925,2058,13.088
925,2059,12.966
925,2060,12.837
925,2061,12.718
925,2062,12.578
925,2063,12.471
925,2064,12.314
925,2065,12.108
925,2066,11.917
925,2067,11.726
925,2068,11.529
925,2069,11.332
925,2070,11.161
925,2071,11.016
925,2072,10.863
925,2073,10.681
925,2074,10.568
925,2075,10.483
925,2076,10.401
925,2077,10.322
925,2078,10.246
925,2079,10.215
925,2080,10.16
925,2081,10.126
925,2082,10.105
925,2083,10.098
925,2084,10.064
925,2085,10.011
925,2086,10.015
925,2087,9.989
925,2088,9.959
925,2089,9.945
925,2090,9.923
925,2091,9.86
925,2092,9.791
925,2093,9.763
925,2094,9.71
925,2095,9.649
925,2096,9.588
925,2097,9.494
925,2098,9.418
925,2099,9.337
925,2100,9.247
926,1950,159.449
926,1951,151.302
926,1952,146.595
926,1953,148.825
926,1954,152.138
926,1955,151.46
926,1956,152.689
926,1957,160.017
926,1958,171.801
926,1959,183.938
926,1960,183.686
926,1961,185.967
926,1962,184.94
926,1963,189.847
926,1964,188.597
926,1965,205.724
926,1966,227.617
926,1967,234.667
926,1968,240.263
926,1969,245.672
926,1970,246.203
926,1971,247.728
926,1972,237.085
926,1973,220.433
926,1974,207.753
926,1975,191.861
926,1976,179.806
926,1977,172.289
926,1978,165.38
926,1979,160.322
926,1980,161.87
926,1981,155.357
926,1982,145.428
926,1983,130.644
926,1984,118.691
926,1985,108.39
926,1986,102.521
926,1987,96.591
926,1988,93.883
926,1989,86.833
926,1990,87.843
926,1991,81.643
926,1992,72.755
926,1993,64.211
926,1994,57.271
926,1995,54.192
926,1996,54.813
926,1997,55.269
926,1998,56.091
926,1999,59.023
926,2000,64.825
926,2001,64.992
926,2002,61.535
926,2003,58.614
926,2004,57.384
926,2005,56.291
926,2006,55.402
926,2007,54.492
926,2008,53.743
926,2009,51.007
926,2010,48.948
926,2011,45.651
926,2012,43.278
926,2013,40.184
926,2014,39.343
926,2015,37.992
926,2016,38.891
926,2017,36.022
926,2018,35.833
926,2019,37.314
926,2020,36.402
926,2021,36.716
926,2022,35.889
926,2023,35.134
926,2024,34.547
926,2025,34.141
926,2026,33.772
926,2027,33.338
926,2028,32.938
926,2029,32.398
926,2030,31.776
926,2031,31.258
926,2032,30.714
926,2033,30.253
926,2034,29.66
926,2035,28.964
926,2036,28.194
926,2037,27.596
926,2038,27.085
926,2039,26.55
926,2040,26.262
926,2041,26.103
926,2042,25.99
926,2043,25.788
926,2044,25.588
926,2045,25.418
926,2046,25.217
926,2047,25.105
926,2048,24.938
926,2049,24.802
926,2050,24.717
926,2051,24.634
926,2052,24.573
926,2053,24.424
926,2054,24.403
926,2055,24.266
926,2056,24.224
926,2057,24.225
926,2058,24.171
926,2059,24.079
926,2060,24.091
926,2061,24.069
926,2062,24.026
926,2063,23.973
926,2064,23.891
926,2065,23.862
926,2066,23.78
926,2067,23.642
926,2068,23.553
926,2069,23.473
926,2070,23.333
926,2071,23.201
926,2072,23.13
926,2073,23.061
926,2074,22.993
926,2075,22.907
926,2076,22.837
926,2077,22.749
926,2078,22.641
926,2079,22.626
926,2080,22.551
926,2081,22.485
926,2082,22.474
926,2083,22.411
926,2084,22.303
926,2085,22.287
926,2086,22.195
926,2087,22.148
926,2088,22.068
926,2089,21.993
926,2090,21.909
926,2091,21.852
926,2092,21.833
926,2093,21.82
926,2094,21.742
926,2095,21.703
926,2096,21.611
926,2097,21.547
926,2098,21.518
926,2099,21.429
926,2100,21.346
915,1950,106.159
915,1951,108.144
915,1952,110.446
915,1953,113.663
915,1954,117.731
915,1955,121.323
915,1956,123.617
915,1957,125.578
915,1958,127.053
915,1959,129.599
915,1960,133.04
915,1961,136.391
915,1962,139.472
915,1963,143.377
915,1964,144.37
915,1965,146.891
915,1966,148.072
915,1967,148.584
915,1968,149.295
915,1969,150.087
915,1970,153.137
915,1971,157.598
915,1972,159.889
915,1973,160.649
915,1974,159.501
915,1975,155.122
915,1976,152.368
915,1977,150.414
915,1978,149.796
915,1979,150.642
915,1980,152.635
915,1981,152.62
915,1982,158.283
915,1983,157.992
915,1984,154.555
915,1985,152.079
915,1986,151.379
915,1987,152.381
915,1988,152.547
915,1989,154.743
915,1990,152.692
915,1991,144.419
915,1992,142.454
915,1993,139.244
915,1994,136.462
915,1995,132.76
915,1996,130.227
915,1997,131.261
915,1998,129.872
915,1999,131.279
915,2000,131.011
915,2001,130.028
915,2002,129.106
915,2003,127.588
915,2004,126.093
915,2005,124.905
915,2006,124.211
915,2007,125.322
915,2008,128.823
915,2009,129.217
915,2010,129.054
915,2011,127.409
915,2012,123.264
915,2013,117.185
915,2014,112.519
915,2015,109.653
915,2016,106.033
915,2017,103.361
915,2018,100.147
915,2019,96.456
915,2020,89.607
915,2021,85.962
915,2022,83.463
915,2023,80.897
915,2024,78.775
915,2025,76.936
915,2026,75.613
915,2027,74.614
915,2028,73.295
915,2029,71.436
915,2030,69.42
915,2031,67.095
915,2032,64.649
915,2033,62.426
915,2034,60.326
915,2035,58.235
915,2036,56.096
915,2037,54.017
915,2038,52.174
915,2039,50.199
915,2040,48.535
915,2041,46.844
915,2042,45.837
915,2043,44.799
915,2044,43.9
915,2045,42.888
915,2046,41.951
915,2047,41.053
915,2048,40.179
915,2049,39.343
915,2050,38.401
915,2051,37.732
915,2052,36.892
915,2053,36.224
915,2054,35.578
915,2055,34.829
915,2056,34.104
915,2057,33.41
915,2058,32.681
915,2059,32.032
915,2060,31.265
915,2061,30.647
915,2062,29.9
915,2063,29.21
915,2064,28.641
915,2065,28.001
915,2066,27.308
915,2067,26.703
915,2068,26.102
915,2069,25.453
915,2070,24.854
915,2071,24.344
915,2072,23.758
915,2073,23.2
915,2074,22.654
915,2075,22.094
915,2076,21.535
915,2077,20.986
915,2078,20.492
915,2079,19.978
915,2080,19.515
915,2081,18.953
915,2082,18.467
915,2083,17.991
915,2084,17.559
915,2085,17.084
915,2086,16.686
915,2087,16.304
915,2088,15.866
915,2089,15.504
915,2090,15.116
915,2091,14.726
915,2092,14.341
915,2093,13.959
915,2094,13.605
915,2095,13.213
915,2096,12.829
915,2097,12.482
915,2098,12.158
915,2099,11.881
915,2100,11.584
916,1950,271.576
916,1951,275.622
916,1952,278.994
916,1953,281.535
916,1954,286.153
916,1955,291.223
916,1956,298.582
916,1957,309.6
916,1958,314.99
916,1959,327.099
916,1960,341.413
916,1961,353.245
916,1962,364.41
916,1963,375.883
916,1964,385.891
916,1965,397.351
916,1966,411.272
916,1967,422.374
916,1968,436.932
916,1969,450.614
916,1970,468.738
916,1971,487.651
916,1972,504.376
916,1973,521.956
916,1974,538.834
916,1975,550.379
916,1976,567.465
916,1977,571.034
916,1978,584.342
916,1979,589.468
916,1980,589.489
916,1981,587.411
916,1982,578.905
916,1983,569.223
916,1984,555.689
916,1985,551.601
916,1986,556.387
916,1987,561.655
916,1988,568.131
916,1989,578.56
916,1990,587.154
916,1991,596.78
916,1992,603.555
916,1993,605.13
916,1994,604.439
916,1995,599.066
916,1996,598.069
916,1997,594.909
916,1998,597.68
916,1999,597.515
916,2000,597.66
916,2001,596.326
916,2002,587.853
916,2003,582.505
916,2004,582.746
916,2005,581.931
916,2006,576.458
916,2007,587.62
916,2008,601.203
916,2009,611.078
916,2010,611.95
916,2011,621.816
916,2012,623.8
916,2013,612.868
916,2014,590.325
916,2015,559.122
916,2016,539.069
916,2017,531.758
916,2018,514.174
916,2019,489.8
916,2020,478.318
916,2021,453.794
916,2022,445.952
916,2023,439.775
916,2024,434.515
916,2025,429.674
916,2026,426.015
916,2027,420.677
916,2028,416.949
916,2029,414.172
916,2030,409.759
916,2031,405.753
916,2032,400.22
916,2033,392.996
916,2034,386.416
916,2035,376.338
916,2036,366.445
916,2037,355.82
916,2038,345.978
916,2039,337.279
916,2040,330.29
916,2041,323.939
916,2042,320.065
916,2043,314.87
916,2044,311.013
916,2045,306.874
916,2046,302.75
916,2047,298.812
916,2048,293.651
916,2049,289.737
916,2050,286.024
916,2051,281.194
916,2052,276.696
916,2053,271.757
916,2054,266.191
916,2055,260.613
916,2056,254.899
916,2057,248.821
916,2058,243.36
916,2059,237.193
916,2060,231.847
916,2061,225.446
916,2062,220.019
916,2063,214.272
916,2064,208.822
916,2065,203.031
916,2066,196.946
916,2067,191.905
916,2068,187.239
916,2069,182.514
916,2070,178.14
916,2071,173.229
916,2072,168.68
916,2073,163.673
916,2074,159.375
916,2075,154.524
916,2076,150.752
916,2077,146.504
916,2078,142.739
916,2079,138.871
916,2080,134.785
916,2081,131.015
916,2082,126.598
916,2083,123.114
916,2084,119.197
916,2085,115.384
916,2086,111.785
916,2087,108.271
916,2088,104.826
916,2089,101.494
916,2090,98.174
916,2091,94.415
916,2092,90.992
916,2093,87.67
916,2094,84.356
916,2095,81.447
916,2096,78.552
916,2097,75.798
916,2098,72.911
916,2099,70.328
916,2100,67.609
931,1950,585.434
931,1951,594.652
931,1952,603.169
931,1953,612.335
931,1954,623.85
931,1955,634.751
931,1956,649.055
931,1957,668.157
931,1958,679.807
931,1959,690.544
931,1960,703.459
931,1961,715.673
931,1962,727.64
931,1963,743.234
931,1964,763.269
931,1965,768.479
931,1966,775.8
931,1967,785.776
931,1968,794.339
931,1969,812.476
931,1970,824.27
931,1971,848.615
931,1972,884.874
931,1973,920.088
931,1974,949.224
931,1975,977.834
931,1976,1006.936
931,1977,1034.391
931,1978,1053.317
931,1979,1072.336
931,1980,1089.847
931,1981,1105.662
931,1982,1113.751
931,1983,1131.385
931,1984,1134.765
931,1985,1163.283
931,1986,1183.968
931,1987,1213.635
931,1988,1240.574
931,1989,1260.064
931,1990,1276.512
931,1991,1295.924
931,1992,1300.819
931,1993,1323.719
931,1994,1342.059
931,1995,1369.448
931,1996,1398.467
931,1997,1423.638
931,1998,1445.927
931,1999,1457.707
931,2000,1452.985
931,2001,1440.911
931,2002,1401.501
931,2003,1357.896
931,2004,1357.601
931,2005,1359.983
931,2006,1340.436
931,2007,1318.566
931,2008,1286.87
931,2009,1264.106
931,2010,1243.235
931,2011,1232.833
931,2012,1217.095
931,2013,1197.346
931,2014,1176.735
931,2015,1148.323
931,2016,1084.166
931,2017,1039.24
931,2018,987.762
931,2019,932.004
931,2020,873.657
931,2021,853.443
931,2022,828.289
931,2023,811.685
931,2024,794.984
931,2025,778.368
931,2026,762.915
931,2027,745.088
931,2028,729.424
931,2029,713.504
931,2030,698.83
931,2031,680.968
931,2032,664.696
931,2033,650.053
931,2034,633.942
931,2035,616.172
931,2036,599.376
931,2037,581.344
931,2038,561.982
931,2039,545.247
931,2040,531.226
931,2041,518.767
931,2042,507.595
931,2043,497.622
931,2044,488.804
931,2045,480.043
931,2046,470.355
931,2047,460.494
931,2048,450.256
931,2049,439.396
931,2050,428.34
931,2051,417.989
931,2052,407.95
931,2053,398.246
931,2054,388.177
931,2055,378.017
931,2056,367.89
931,2057,358.522
931,2058,348.583
931,2059,338.667
931,2060,329.594
931,2061,321.017
931,2062,312.595
931,2063,304.519
931,2064,296.604
931,2065,288.642
931,2066,280.692
931,2067,273.013
931,2068,265.111
931,2069,257.813
931,2070,250.587
931,2071,244.005
931,2072,236.978
931,2073,230.335
931,2074,223.782
931,2075,217.53
931,2076,211.467
931,2077,205.488
931,2078,199.165
931,2079,193.552
931,2080,187.871
931,2081,182.304
931,2082,177.134
931,2083,171.991
931,2084,166.812
931,2085,161.657
931,2086,156.739
931,2087,151.894
931,2088,148.231
931,2089,144.226
931,2090,140.324
931,2091,136.531
931,2092,132.963
931,2093,129.62
931,2094,126.089
931,2095,122.729
931,2096,119.641
931,2097,116.291
931,2098,113.153
931,2099,110.168
931,2100,107.037
927,1950,12.574
927,1951,12.872
927,1952,13.203
927,1953,13.431
927,1954,14.036
927,1955,15.385
927,1956,16.504
927,1957,17.687
927,1958,18.679
927,1959,19.902
927,1960,20.964
927,1961,23.127
927,1962,23.857
927,1963,26.067
927,1964,27.932
927,1965,29.795
927,1966,31.762
927,1967,32.359
927,1968,32.703
927,1969,33.299
927,1970,34.675
927,1971,38.462
927,1972,38.698
927,1973,36.251
927,1974,33.765
927,1975,31.148
927,1976,28.495
927,1977,26.882
927,1978,25.265
927,1979,24.234
927,1980,23.261
927,1981,23.228
927,1982,21.931
927,1983,21.017
927,1984,18.71
927,1985,18.559
927,1986,18.116
927,1987,18.052
927,1988,18.311
927,1989,18.801
927,1990,19.84
927,1991,19.138
927,1992,18.562
927,1993,17.392
927,1994,16.811
927,1995,16.595
927,1996,16.399
927,1997,16.139
927,1998,15.331
927,1999,15.245
927,2000,14.959
927,2001,14.963
927,2002,14.677
927,2003,14.346
927,2004,14.629
927,2005,14.835
927,2006,15.006
927,2007,16.324
927,2008,17.512
927,2009,16.984
927,2010,16.304
927,2011,15.331
927,2012,14.881
927,2013,13.993
927,2014,12.331
927,2015,11.609
927,2016,10.29
927,2017,9.797
927,2018,9.184
927,2019,8.523
927,2020,7.822
927,2021,7.854
927,2022,7.593
927,2023,7.425
927,2024,7.336
927,2025,7.301
927,2026,7.248
927,2027,7.139
927,2028,7.009
927,2029,6.868
927,2030,6.837
927,2031,6.792
927,2032,6.727
927,2033,6.67
927,2034,6.625
927,2035,6.528
927,2036,6.415
927,2037,6.35
927,2038,6.309
927,2039,6.27
927,2040,6.25
927,2041,6.259
927,2042,6.285
927,2043,6.293
927,2044,6.297
927,2045,6.287
927,2046,6.276
927,2047,6.257
927,2048,6.221
927,2049,6.196
927,2050,6.175
927,2051,6.151
927,2052,6.16
927,2053,6.191
927,2054,6.193
927,2055,6.202
927,2056,6.226
927,2057,6.279
927,2058,6.284
927,2059,6.315
927,2060,6.34
927,2061,6.396
927,2062,6.422
927,2063,6.453
927,2064,6.468
927,2065,6.488
927,2066,6.501
927,2067,6.486
927,2068,6.523
927,2069,6.543
927,2070,6.538
927,2071,6.54
927,2072,6.561
927,2073,6.593
927,2074,6.619
927,2075,6.651
927,2076,6.683
927,2077,6.698
927,2078,6.739
927,2079,6.774
927,2080,6.806
927,2081,6.804
927,2082,6.8
927,2083,6.808
927,2084,6.826
927,2085,6.863
927,2086,6.84
927,2087,6.859
927,2088,6.862
927,2089,6.857
927,2090,6.873
927,2091,6.886
927,2092,6.895
927,2093,6.945
927,2094,6.947
927,2095,6.948
927,2096,6.989
927,2097,6.975
927,2098,6.972
927,2099,7.014
927,2100,7.01
928,1950,11.076
928,1951,11.348
928,1952,11.641
928,1953,11.44
928,1954,11.363
928,1955,11.436
928,1956,11.409
928,1957,11.482
928,1958,11.505
928,1959,11.566
928,1960,11.639
928,1961,11.517
928,1962,12.749
928,1963,12.53
928,1964,12.241
928,1965,12.491
928,1966,12.778
928,1967,13.321
928,1968,13.346
928,1969,13.67
928,1970,13.885
928,1971,14.153
928,1972,14.127
928,1973,14.369
928,1974,14.766
928,1975,15.406
928,1976,16.287
928,1977,17.147
928,1978,17.962
928,1979,18.579
928,1980,19.027
928,1981,19.696
928,1982,20.039
928,1983,20.564
928,1984,21.045
928,1985,21.022
928,1986,21.094
928,1987,21.684
928,1988,21.515
928,1989,21.512
928,1990,21.365
928,1991,21.405
928,1992,21.585
928,1993,21.999
928,1994,22.342
928,1995,22.522
928,1996,22.729
928,1997,23.037
928,1998,23.328
928,1999,24.808
928,2000,26.078
928,2001,27.121
928,2002,27.604
928,2003,28.359
928,2004,28.532
928,2005,28.898
928,2006,29.4
928,2007,29.579
928,2008,29.512
928,2009,29.551
928,2010,30.679
928,2011,31.099
928,2012,31.621
928,2013,31.971
928,2014,31.304
928,2015,30.574
928,2016,30.107
928,2017,30.172
928,2018,30.552
928,2019,30.735
928,2020,30.983
928,2021,30.919
928,2022,30.921
928,2023,30.687
928,2024,30.64
928,2025,30.694
928,2026,30.733
928,2027,30.662
928,2028,30.733
928,2029,30.759
928,2030,30.772
928,2031,30.816
928,2032,30.786
928,2033,30.604
928,2034,30.4
928,2035,30.208
928,2036,29.997
928,2037,29.789
928,2038,29.55
928,2039,29.207
928,2040,28.956
928,2041,28.593
928,2042,28.222
928,2043,27.993
928,2044,27.522
928,2045,27.435
928,2046,27.201
928,2047,26.954
928,2048,26.726
928,2049,26.477
928,2050,26.288
928,2051,26.037
928,2052,25.827
928,2053,25.603
928,2054,25.338
928,2055,25.039
928,2056,24.806
928,2057,24.672
928,2058,24.364
928,2059,24.04
928,2060,23.762
928,2061,23.409
928,2062,23.134
928,2063,22.813
928,2064,22.664
928,2065,22.378
928,2066,22.025
928,2067,21.78
928,2068,21.456
928,2069,21.189
928,2070,20.952
928,2071,20.638
928,2072,20.291
928,2073,19.943
928,2074,19.619
928,2075,19.325
928,2076,18.979
928,2077,18.621
928,2078,18.337
928,2079,18.027
928,2080,17.753
928,2081,17.52
928,2082,17.196
928,2083,16.97
928,2084,16.681
928,2085,16.387
928,2086,16.093
928,2087,15.855
928,2088,15.535
928,2089,15.306
928,2090,15.055
928,2091,14.776
928,2092,14.53
928,2093,14.214
928,2094,13.908
928,2095,13.581
928,2096,13.309
928,2097,12.995
928,2098,12.757
928,2099,12.504
928,2100,12.213
954,1950,0.612
954,1951,0.63
954,1952,0.665
954,1953,0.694
954,1954,0.733
954,1955,0.77
954,1956,0.807
954,1957,0.828
954,1958,0.821
954,1959,0.833
954,1960,0.875
954,1961,0.894
954,1962,0.94
954,1963,0.987
954,1964,1.042
954,1965,1.114
954,1966,1.188
954,1967,1.178
954,1968,1.214
954,1969,1.25
954,1970,1.274
954,1971,1.306
954,1972,1.327
954,1973,1.34
954,1974,1.385
954,1975,1.416
954,1976,1.438
954,1977,1.412
954,1978,1.389
954,1979,1.418
954,1980,1.418
954,1981,1.467
954,1982,1.51
954,1983,1.581
954,1984,1.612
954,1985,1.623
954,1986,1.616
954,1987,1.588
954,1988,1.55
954,1989,1.508
954,1990,1.481
954,1991,1.481
954,1992,1.485
954,1993,1.495
954,1994,1.521
954,1995,1.538
954,1996,1.571
954,1997,1.619
954,1998,1.664
954,1999,1.656
954,2000,1.651
954,2001,1.573
954,2002,1.447
954,2003,1.413
954,2004,1.394
954,2005,1.366
954,2006,1.361
954,2007,1.361
954,2008,1.343
954,2009,1.317
954,2010,1.3
954,2011,1.28
954,2012,1.246
954,2013,1.196
954,2014,1.147
954,2015,1.085
954,2016,1.054
954,2017,1.022
954,2018,0.974
954,2019,0.932
954,2020,0.902
954,2021,0.889
954,2022,0.882
954,2023,0.889
954,2024,0.895
954,2025,0.904
954,2026,0.913
954,2027,0.924
954,2028,0.931
954,2029,0.926
954,2030,0.914
954,2031,0.895
954,2032,0.874
954,2033,0.853
954,2034,0.838
954,2035,0.824
954,2036,0.802
954,2037,0.789
954,2038,0.778
954,2039,0.762
954,2040,0.75
954,2041,0.74
954,2042,0.73
954,2043,0.716
954,2044,0.709
954,2045,0.704
954,2046,0.693
954,2047,0.684
954,2048,0.674
954,2049,0.667
954,2050,0.658
954,2051,0.649
954,2052,0.642
954,2053,0.633
954,2054,0.625
954,2055,0.618
954,2056,0.611
954,2057,0.607
954,2058,0.6
954,2059,0.587
954,2060,0.58
954,2061,0.575
954,2062,0.567
954,2063,0.557
954,2064,0.547
954,2065,0.536
954,2066,0.529
954,2067,0.517
954,2068,0.504
954,2069,0.496
954,2070,0.486
954,2071,0.474
954,2072,0.464
954,2073,0.457
954,2074,0.447
954,2075,0.438
954,2076,0.43
954,2077,0.422
954,2078,0.414
954,2079,0.402
954,2080,0.397
954,2081,0.388
954,2082,0.383
954,2083,0.376
954,2084,0.367
954,2085,0.363
954,2086,0.351
954,2087,0.345
954,2088,0.338
954,2089,0.327
954,2090,0.324
954,2091,0.317
954,2092,0.312
954,2093,0.3
954,2094,0.294
954,2095,0.288
954,2096,0.281
954,2097,0.275
954,2098,0.266
954,2099,0.261
954,2100,0.254
957,1950,1.107
957,1951,1.144
957,1952,1.175
957,1953,1.204
957,1954,1.233
957,1955,1.255
957,1956,1.281
957,1957,1.307
957,1958,1.304
957,1959,1.298
957,1960,1.286
957,1961,1.284
957,1962,1.282
957,1963,1.271
957,1964,1.298
957,1965,1.293
957,1966,1.325
957,1967,1.367
957,1968,1.396
957,1969,1.456
957,1970,1.509
957,1971,1.524
957,1972,1.617
957,1973,1.694
957,1974,1.75
957,1975,1.755
957,1976,1.796
957,1977,1.856
957,1978,1.888
957,1979,1.909
957,1980,1.951
957,1981,1.981
957,1982,2.026
957,1983,2.021
957,1984,1.983
957,1985,1.942
957,1986,1.893
957,1987,1.807
957,1988,1.743
957,1989,1.614
957,1990,1.531
957,1991,1.465
957,1992,1.439
957,1993,1.418
957,1994,1.336
957,1995,1.291
957,1996,1.267
957,1997,1.27
957,1998,1.263
957,1999,1.298
957,2000,1.309
957,2001,1.283
957,2002,1.259
957,2003,1.219
957,2004,1.198
957,2005,1.19
957,2006,1.186
957,2007,1.195
957,2008,1.208
957,2009,1.247
957,2010,1.289
957,2011,1.311
957,2012,1.343
957,2013,1.314
957,2014,1.272
957,2015,1.211
957,2016,1.14
957,2017,1.1
957,2018,1.091
957,2019,1.07
957,2020,1.043
957,2021,1.037
957,2022,1.035
957,2023,1.047
957,2024,1.067
957,2025,1.082
957,2026,1.101
957,2027,1.116
957,2028,1.127
957,2029,1.141
957,2030,1.15
957,2031,1.151
957,2032,1.146
957,2033,1.141
957,2034,1.131
957,2035,1.118
957,2036,1.106
957,2037,1.091
957,2038,1.08
957,2039,1.072
957,2040,1.064
957,2041,1.052
957,2042,1.042
957,2043,1.034
957,2044,1.028
957,2045,1.022
957,2046,1.014
957,2047,1.01
957,2048,1.005
957,2049,1.001
957,2050,0.996
957,2051,0.997
957,2052,0.992
957,2053,0.988
957,2054,0.987
957,2055,0.982
957,2056,0.976
957,2057,0.97
957,2058,0.965
957,2059,0.957
957,2060,0.951
957,2061,0.942
957,2062,0.93
957,2063,0.914
957,2064,0.907
957,2065,0.885
957,2066,0.873
957,2067,0.86
957,2068,0.843
957,2069,0.832
957,2070,0.818
957,2071,0.801
957,2072,0.789
957,2073,0.777
957,2074,0.766
957,2075,0.752
957,2076,0.735
957,2077,0.724
957,2078,0.713
957,2079,0.701
957,2080,0.687
957,2081,0.675
957,2082,0.662
957,2083,0.655
957,2084,0.642
957,2085,0.628
957,2086,0.618
957,2087,0.604
957,2088,0.591
957,2089,0.581
957,2090,0.568
957,2091,0.557
957,2092,0.547
957,2093,0.539
957,2094,0.526
957,2095,0.516
957,2096,0.498
957,2097,0.487
957,2098,0.479
957,2099,0.465
957,2100,0.454
